DistrictId,District,Canton,Date,Week,Year,Population,TotalConfCases,NewConfCases,TotalDeaths,NewDeaths,SourceUrl
241,"Jura bernois",BE,,46,2020,53721,,347,,,https://www.besondere-lage.sites.be.ch/besondere-lage_sites/de/index/corona/index.html
241,"Jura bernois",BE,,47,2020,53721,,266,,,https://www.besondere-lage.sites.be.ch/besondere-lage_sites/de/index/corona/index.html
241,"Jura bernois",BE,,48,2020,53721,,191,,,https://www.besondere-lage.sites.be.ch/besondere-lage_sites/de/index/corona/index.html
241,"Jura bernois",BE,,49,2020,53721,,180,,,https://www.besondere-lage.sites.be.ch/besondere-lage_sites/de/index/corona/index.html
241,"Jura bernois",BE,,50,2020,53721,,239,,,https://www.besondere-lage.sites.be.ch/besondere-lage_sites/de/index/corona/index.html
241,"Jura bernois",BE,,51,2020,53721,,197,,,https://www.besondere-lage.sites.be.ch/besondere-lage_sites/de/index/corona/index.html
241,"Jura bernois",BE,,52,2020,53721,,141,,,https://www.besondere-lage.sites.be.ch/besondere-lage_sites/de/index/corona/index.html
241,"Jura bernois",BE,,53,2020,53721,,88,,,https://www.besondere-lage.sites.be.ch/de/start/news/fallzahlen.html
241,"Jura bernois",BE,,1,2021,53721,,107,,,https://www.besondere-lage.sites.be.ch/de/start/news/fallzahlen.html
241,"Jura bernois",BE,,2,2021,53721,,93,,,https://www.besondere-lage.sites.be.ch/de/start/news/fallzahlen.html
241,"Jura bernois",BE,,3,2021,53721,,70,,,https://www.besondere-lage.sites.be.ch/de/start/news/fallzahlen.html
241,"Jura bernois",BE,,4,2021,53721,,59,,,https://www.besondere-lage.sites.be.ch/de/start/news/fallzahlen.html
241,"Jura bernois",BE,,5,2021,53721,,48,,,https://www.besondere-lage.sites.be.ch/de/start/news/fallzahlen.html
241,"Jura bernois",BE,,6,2021,53721,,54,,,https://www.besondere-lage.sites.be.ch/de/start/news/fallzahlen.html
241,"Jura bernois",BE,,7,2021,53721,,30,,,https://www.besondere-lage.sites.be.ch/de/start/news/fallzahlen.html
241,"Jura bernois",BE,,8,2021,53721,,37,,,https://www.besondere-lage.sites.be.ch/de/start/news/fallzahlen.html
241,"Jura bernois",BE,,9,2021,53721,,40,,,https://www.besondere-lage.sites.be.ch/de/start/news/fallzahlen.html
241,"Jura bernois",BE,,10,2021,53721,,25,,,https://www.besondere-lage.sites.be.ch/de/start/news/fallzahlen.html
241,"Jura bernois",BE,,11,2021,53721,,48,,,https://www.besondere-lage.sites.be.ch/de/start/news/fallzahlen.html
241,"Jura bernois",BE,,12,2021,53721,,44,,,https://www.besondere-lage.sites.be.ch/de/start/news/fallzahlen.html
241,"Jura bernois",BE,,13,2021,53721,,40,,,https://www.besondere-lage.sites.be.ch/de/start/news/fallzahlen.html
241,"Jura bernois",BE,,14,2021,53721,,101,,,https://www.besondere-lage.sites.be.ch/de/start/news/fallzahlen.html
241,"Jura bernois",BE,,15,2021,53721,,75,,,https://www.besondere-lage.sites.be.ch/de/start/news/fallzahlen.html
241,"Jura bernois",BE,,16,2021,53721,,80,,,https://www.besondere-lage.sites.be.ch/de/start/news/fallzahlen.html
241,"Jura bernois",BE,,17,2021,53721,,72,,,https://www.besondere-lage.sites.be.ch/de/start/news/fallzahlen.html
241,"Jura bernois",BE,,18,2021,53721,,79,,,https://www.besondere-lage.sites.be.ch/de/start/news/fallzahlen.html
241,"Jura bernois",BE,,19,2021,53721,,101,,,https://www.besondere-lage.sites.be.ch/de/start/news/fallzahlen.html
241,"Jura bernois",BE,,20,2021,53721,,81,,,https://www.besondere-lage.sites.be.ch/de/start/news/fallzahlen.html
241,"Jura bernois",BE,,21,2021,53721,,46,,,https://www.besondere-lage.sites.be.ch/de/start/news/fallzahlen.html
241,"Jura bernois",BE,,23,2021,53721,,26,,,https://covid-kennzahlen.apps.be.ch/#/de/cockpit
241,"Jura bernois",BE,,24,2021,53721,,14,,,https://covid-kennzahlen.apps.be.ch/#/de/cockpit
241,"Jura bernois",BE,,25,2021,53721,,4,,,https://covid-kennzahlen.apps.be.ch/#/de/cockpit
241,"Jura bernois",BE,,26,2021,53721,,5,,,https://covid-kennzahlen.apps.be.ch/#/de/cockpit
241,"Jura bernois",BE,,27,2021,53721,,6,,,https://covid-kennzahlen.apps.be.ch/#/de/cockpit
241,"Jura bernois",BE,,28,2021,53721,,40,,,https://covid-kennzahlen.apps.be.ch/#/de/cockpit
241,"Jura bernois",BE,,29,2021,53721,,20,,,https://covid-kennzahlen.apps.be.ch/#/de/cockpit
241,"Jura bernois",BE,,30,2021,53721,,6,,,https://covid-kennzahlen.apps.be.ch/#/de/cockpit
241,"Jura bernois",BE,,31,2021,53721,,31,,,https://covid-kennzahlen.apps.be.ch/#/de/cockpit
241,"Jura bernois",BE,,32,2021,53721,,90,,,https://covid-kennzahlen.apps.be.ch/#/de/cockpit
241,"Jura bernois",BE,,33,2021,53721,,98,,,https://covid-kennzahlen.apps.be.ch/#/de/cockpit
241,"Jura bernois",BE,,34,2021,53721,,140,,,https://covid-kennzahlen.apps.be.ch/#/de/cockpit
241,"Jura bernois",BE,,35,2021,53721,,101,,,https://covid-kennzahlen.apps.be.ch/#/de/cockpit
241,"Jura bernois",BE,,36,2021,53721,,61,,,https://covid-kennzahlen.apps.be.ch/#/de/cockpit
241,"Jura bernois",BE,,37,2021,53721,,33,,,https://covid-kennzahlen.apps.be.ch/#/de/cockpit
241,"Jura bernois",BE,,38,2021,53721,,22,,,https://covid-kennzahlen.apps.be.ch/#/de/cockpit
241,"Jura bernois",BE,,39,2021,53721,,47,,,https://covid-kennzahlen.apps.be.ch/#/de/cockpit
241,"Jura bernois",BE,,40,2021,53721,,37,,,https://covid-kennzahlen.apps.be.ch/#/de/cockpit
241,"Jura bernois",BE,,41,2021,53721,,20,,,https://covid-kennzahlen.apps.be.ch/#/de/cockpit
241,"Jura bernois",BE,,42,2021,53721,,54,,,https://covid-kennzahlen.apps.be.ch/#/de/cockpit
241,"Jura bernois",BE,,43,2021,53721,,24,,,https://covid-kennzahlen.apps.be.ch/#/de/cockpit
241,"Jura bernois",BE,,44,2021,53721,,38,,,https://covid-kennzahlen.apps.be.ch/#/de/cockpit
241,"Jura bernois",BE,,45,2021,53721,,81,,,https://covid-kennzahlen.apps.be.ch/#/de/cockpit
241,"Jura bernois",BE,,46,2021,53721,,166,,,https://covid-kennzahlen.apps.be.ch/#/de/cockpit
241,"Jura bernois",BE,,47,2021,53721,,217,,,https://covid-kennzahlen.apps.be.ch/#/de/cockpit
241,"Jura bernois",BE,,48,2021,53721,,316,,,https://covid-kennzahlen.apps.be.ch/#/de/cockpit
241,"Jura bernois",BE,,49,2021,53721,,409,,,https://covid-kennzahlen.apps.be.ch/#/de/cockpit
241,"Jura bernois",BE,,50,2021,53721,,493,,,https://covid-kennzahlen.apps.be.ch/#/de/cockpit
241,"Jura bernois",BE,,51,2021,53721,,468,,,https://covid-kennzahlen.apps.be.ch/#/de/cockpit
241,"Jura bernois",BE,,52,2021,53721,,530,,,https://covid-kennzahlen.apps.be.ch/#/de/cockpit
241,"Jura bernois",BE,,1,2022,53721,,1396,,,https://covid-kennzahlen.apps.be.ch/#/de/cockpit
241,"Jura bernois",BE,,2,2022,53721,,1394,,,https://covid-kennzahlen.apps.be.ch/#/de/cockpit
241,"Jura bernois",BE,,3,2022,53721,,1626,,,https://covid-kennzahlen.apps.be.ch/#/de/cockpit
241,"Jura bernois",BE,,4,2022,53721,,1848,,,https://covid-kennzahlen.apps.be.ch/#/de/cockpit
241,"Jura bernois",BE,,52,2022,53721,,848,,,https://covid-kennzahlen.apps.be.ch/#/de/cockpit
241,"Jura bernois",BE,2020-09-29,,,53721,,5,,,https://www.besondere-lage.sites.be.ch/besondere-lage_sites/de/index/corona/index.html
241,"Jura bernois",BE,2020-09-30,,,53721,,2,,,https://www.besondere-lage.sites.be.ch/besondere-lage_sites/de/index/corona/index.html
241,"Jura bernois",BE,2020-10-01,,,53721,,5,,,https://www.besondere-lage.sites.be.ch/besondere-lage_sites/de/index/corona/index.html
241,"Jura bernois",BE,2020-10-02,,,53721,,10,,,https://www.besondere-lage.sites.be.ch/besondere-lage_sites/de/index/corona/index.html
241,"Jura bernois",BE,2020-10-03,,,53721,,7,,,https://www.besondere-lage.sites.be.ch/besondere-lage_sites/de/index/corona/index.html
241,"Jura bernois",BE,2020-10-04,,,53721,,5,,,https://www.besondere-lage.sites.be.ch/besondere-lage_sites/de/index/corona/index.html
241,"Jura bernois",BE,2020-10-05,,,53721,,17,,,https://www.besondere-lage.sites.be.ch/besondere-lage_sites/de/index/corona/index.html
241,"Jura bernois",BE,2020-10-06,,,53721,,10,,,https://www.besondere-lage.sites.be.ch/besondere-lage_sites/de/index/corona/index.html
241,"Jura bernois",BE,2020-10-07,,,53721,,13,,,https://www.besondere-lage.sites.be.ch/besondere-lage_sites/de/index/corona/index.html
241,"Jura bernois",BE,2020-10-08,,,53721,,18,,,https://www.besondere-lage.sites.be.ch/besondere-lage_sites/de/index/corona/index.html
241,"Jura bernois",BE,2020-10-09,,,53721,,18,,,https://www.besondere-lage.sites.be.ch/besondere-lage_sites/de/index/corona/index.html
241,"Jura bernois",BE,2020-10-10,,,53721,,21,,,https://www.besondere-lage.sites.be.ch/besondere-lage_sites/de/index/corona/index.html
241,"Jura bernois",BE,2020-10-11,,,53721,,21,,,https://www.besondere-lage.sites.be.ch/besondere-lage_sites/de/index/corona/index.html
241,"Jura bernois",BE,2020-10-12,,,53721,,6,,,https://www.besondere-lage.sites.be.ch/besondere-lage_sites/de/index/corona/index.html
241,"Jura bernois",BE,2020-10-13,,,53721,,10,,,https://www.besondere-lage.sites.be.ch/besondere-lage_sites/de/index/corona/index.html
242,Biel/Bienne,BE,,46,2020,101313,,450,,,https://www.besondere-lage.sites.be.ch/besondere-lage_sites/de/index/corona/index.html
242,Biel/Bienne,BE,,47,2020,101313,,352,,,https://www.besondere-lage.sites.be.ch/besondere-lage_sites/de/index/corona/index.html
242,Biel/Bienne,BE,,48,2020,101313,,344,,,https://www.besondere-lage.sites.be.ch/besondere-lage_sites/de/index/corona/index.html
242,Biel/Bienne,BE,,49,2020,101313,,370,,,https://www.besondere-lage.sites.be.ch/besondere-lage_sites/de/index/corona/index.html
242,Biel/Bienne,BE,,50,2020,101313,,472,,,https://www.besondere-lage.sites.be.ch/besondere-lage_sites/de/index/corona/index.html
242,Biel/Bienne,BE,,51,2020,101313,,428,,,https://www.besondere-lage.sites.be.ch/besondere-lage_sites/de/index/corona/index.html
242,Biel/Bienne,BE,,52,2020,101313,,308,,,https://www.besondere-lage.sites.be.ch/besondere-lage_sites/de/index/corona/index.html
242,Biel/Bienne,BE,,53,2020,101313,,186,,,https://www.besondere-lage.sites.be.ch/de/start/news/fallzahlen.html
242,Biel/Bienne,BE,,1,2021,101313,,240,,,https://www.besondere-lage.sites.be.ch/de/start/news/fallzahlen.html
242,Biel/Bienne,BE,,2,2021,101313,,170,,,https://www.besondere-lage.sites.be.ch/de/start/news/fallzahlen.html
242,Biel/Bienne,BE,,3,2021,101313,,134,,,https://www.besondere-lage.sites.be.ch/de/start/news/fallzahlen.html
242,Biel/Bienne,BE,,4,2021,101313,,104,,,https://www.besondere-lage.sites.be.ch/de/start/news/fallzahlen.html
242,Biel/Bienne,BE,,5,2021,101313,,75,,,https://www.besondere-lage.sites.be.ch/de/start/news/fallzahlen.html
242,Biel/Bienne,BE,,6,2021,101313,,76,,,https://www.besondere-lage.sites.be.ch/de/start/news/fallzahlen.html
242,Biel/Bienne,BE,,7,2021,101313,,59,,,https://www.besondere-lage.sites.be.ch/de/start/news/fallzahlen.html
242,Biel/Bienne,BE,,8,2021,101313,,56,,,https://www.besondere-lage.sites.be.ch/de/start/news/fallzahlen.html
242,Biel/Bienne,BE,,9,2021,101313,,56,,,https://www.besondere-lage.sites.be.ch/de/start/news/fallzahlen.html
242,Biel/Bienne,BE,,10,2021,101313,,79,,,https://www.besondere-lage.sites.be.ch/de/start/news/fallzahlen.html
242,Biel/Bienne,BE,,11,2021,101313,,85,,,https://www.besondere-lage.sites.be.ch/de/start/news/fallzahlen.html
242,Biel/Bienne,BE,,12,2021,101313,,105,,,https://www.besondere-lage.sites.be.ch/de/start/news/fallzahlen.html
242,Biel/Bienne,BE,,13,2021,101313,,77,,,https://www.besondere-lage.sites.be.ch/de/start/news/fallzahlen.html
242,Biel/Bienne,BE,,14,2021,101313,,136,,,https://www.besondere-lage.sites.be.ch/de/start/news/fallzahlen.html
242,Biel/Bienne,BE,,15,2021,101313,,126,,,https://www.besondere-lage.sites.be.ch/de/start/news/fallzahlen.html
242,Biel/Bienne,BE,,16,2021,101313,,122,,,https://www.besondere-lage.sites.be.ch/de/start/news/fallzahlen.html
242,Biel/Bienne,BE,,17,2021,101313,,105,,,https://www.besondere-lage.sites.be.ch/de/start/news/fallzahlen.html
242,Biel/Bienne,BE,,18,2021,101313,,133,,,https://www.besondere-lage.sites.be.ch/de/start/news/fallzahlen.html
242,Biel/Bienne,BE,,19,2021,101313,,115,,,https://www.besondere-lage.sites.be.ch/de/start/news/fallzahlen.html
242,Biel/Bienne,BE,,20,2021,101313,,129,,,https://www.besondere-lage.sites.be.ch/de/start/news/fallzahlen.html
242,Biel/Bienne,BE,,21,2021,101313,,91,,,https://www.besondere-lage.sites.be.ch/de/start/news/fallzahlen.html
242,Biel/Bienne,BE,,23,2021,101313,,33,,,https://covid-kennzahlen.apps.be.ch/#/de/cockpit
242,Biel/Bienne,BE,,24,2021,101313,,14,,,https://covid-kennzahlen.apps.be.ch/#/de/cockpit
242,Biel/Bienne,BE,,25,2021,101313,,13,,,https://covid-kennzahlen.apps.be.ch/#/de/cockpit
242,Biel/Bienne,BE,,26,2021,101313,,18,,,https://covid-kennzahlen.apps.be.ch/#/de/cockpit
242,Biel/Bienne,BE,,27,2021,101313,,21,,,https://covid-kennzahlen.apps.be.ch/#/de/cockpit
242,Biel/Bienne,BE,,28,2021,101313,,48,,,https://covid-kennzahlen.apps.be.ch/#/de/cockpit
242,Biel/Bienne,BE,,29,2021,101313,,39,,,https://covid-kennzahlen.apps.be.ch/#/de/cockpit
242,Biel/Bienne,BE,,30,2021,101313,,55,,,https://covid-kennzahlen.apps.be.ch/#/de/cockpit
242,Biel/Bienne,BE,,31,2021,101313,,71,,,https://covid-kennzahlen.apps.be.ch/#/de/cockpit
242,Biel/Bienne,BE,,32,2021,101313,,249,,,https://covid-kennzahlen.apps.be.ch/#/de/cockpit
242,Biel/Bienne,BE,,33,2021,101313,,248,,,https://covid-kennzahlen.apps.be.ch/#/de/cockpit
242,Biel/Bienne,BE,,34,2021,101313,,240,,,https://covid-kennzahlen.apps.be.ch/#/de/cockpit
242,Biel/Bienne,BE,,35,2021,101313,,212,,,https://covid-kennzahlen.apps.be.ch/#/de/cockpit
242,Biel/Bienne,BE,,36,2021,101313,,207,,,https://covid-kennzahlen.apps.be.ch/#/de/cockpit
242,Biel/Bienne,BE,,37,2021,101313,,157,,,https://covid-kennzahlen.apps.be.ch/#/de/cockpit
242,Biel/Bienne,BE,,38,2021,101313,,106,,,https://covid-kennzahlen.apps.be.ch/#/de/cockpit
242,Biel/Bienne,BE,,39,2021,101313,,106,,,https://covid-kennzahlen.apps.be.ch/#/de/cockpit
242,Biel/Bienne,BE,,40,2021,101313,,75,,,https://covid-kennzahlen.apps.be.ch/#/de/cockpit
242,Biel/Bienne,BE,,41,2021,101313,,52,,,https://covid-kennzahlen.apps.be.ch/#/de/cockpit
242,Biel/Bienne,BE,,42,2021,101313,,55,,,https://covid-kennzahlen.apps.be.ch/#/de/cockpit
242,Biel/Bienne,BE,,43,2021,101313,,45,,,https://covid-kennzahlen.apps.be.ch/#/de/cockpit
242,Biel/Bienne,BE,,44,2021,101313,,91,,,https://covid-kennzahlen.apps.be.ch/#/de/cockpit
242,Biel/Bienne,BE,,45,2021,101313,,205,,,https://covid-kennzahlen.apps.be.ch/#/de/cockpit
242,Biel/Bienne,BE,,46,2021,101313,,278,,,https://covid-kennzahlen.apps.be.ch/#/de/cockpit
242,Biel/Bienne,BE,,47,2021,101313,,353,,,https://covid-kennzahlen.apps.be.ch/#/de/cockpit
242,Biel/Bienne,BE,,48,2021,101313,,570,,,https://covid-kennzahlen.apps.be.ch/#/de/cockpit
242,Biel/Bienne,BE,,49,2021,101313,,696,,,https://covid-kennzahlen.apps.be.ch/#/de/cockpit
242,Biel/Bienne,BE,,50,2021,101313,,569,,,https://covid-kennzahlen.apps.be.ch/#/de/cockpit
242,Biel/Bienne,BE,,51,2021,101313,,557,,,https://covid-kennzahlen.apps.be.ch/#/de/cockpit
242,Biel/Bienne,BE,,52,2021,101313,,639,,,https://covid-kennzahlen.apps.be.ch/#/de/cockpit
242,Biel/Bienne,BE,,1,2022,101313,,1669,,,https://covid-kennzahlen.apps.be.ch/#/de/cockpit
242,Biel/Bienne,BE,,2,2022,101313,,2118,,,https://covid-kennzahlen.apps.be.ch/#/de/cockpit
242,Biel/Bienne,BE,,3,2022,101313,,2766,,,https://covid-kennzahlen.apps.be.ch/#/de/cockpit
242,Biel/Bienne,BE,,4,2022,101313,,3341,,,https://covid-kennzahlen.apps.be.ch/#/de/cockpit
242,Biel/Bienne,BE,,52,2022,101313,,772,,,https://covid-kennzahlen.apps.be.ch/#/de/cockpit
242,Biel/Bienne,BE,2020-09-29,,,101313,,1,,,https://www.besondere-lage.sites.be.ch/besondere-lage_sites/de/index/corona/index.html
242,Biel/Bienne,BE,2020-09-30,,,101313,,7,,,https://www.besondere-lage.sites.be.ch/besondere-lage_sites/de/index/corona/index.html
242,Biel/Bienne,BE,2020-10-01,,,101313,,5,,,https://www.besondere-lage.sites.be.ch/besondere-lage_sites/de/index/corona/index.html
242,Biel/Bienne,BE,2020-10-02,,,101313,,6,,,https://www.besondere-lage.sites.be.ch/besondere-lage_sites/de/index/corona/index.html
242,Biel/Bienne,BE,2020-10-03,,,101313,,10,,,https://www.besondere-lage.sites.be.ch/besondere-lage_sites/de/index/corona/index.html
242,Biel/Bienne,BE,2020-10-04,,,101313,,4,,,https://www.besondere-lage.sites.be.ch/besondere-lage_sites/de/index/corona/index.html
242,Biel/Bienne,BE,2020-10-05,,,101313,,6,,,https://www.besondere-lage.sites.be.ch/besondere-lage_sites/de/index/corona/index.html
242,Biel/Bienne,BE,2020-10-06,,,101313,,4,,,https://www.besondere-lage.sites.be.ch/besondere-lage_sites/de/index/corona/index.html
242,Biel/Bienne,BE,2020-10-07,,,101313,,8,,,https://www.besondere-lage.sites.be.ch/besondere-lage_sites/de/index/corona/index.html
242,Biel/Bienne,BE,2020-10-08,,,101313,,14,,,https://www.besondere-lage.sites.be.ch/besondere-lage_sites/de/index/corona/index.html
242,Biel/Bienne,BE,2020-10-09,,,101313,,8,,,https://www.besondere-lage.sites.be.ch/besondere-lage_sites/de/index/corona/index.html
242,Biel/Bienne,BE,2020-10-10,,,101313,,8,,,https://www.besondere-lage.sites.be.ch/besondere-lage_sites/de/index/corona/index.html
242,Biel/Bienne,BE,2020-10-11,,,101313,,14,,,https://www.besondere-lage.sites.be.ch/besondere-lage_sites/de/index/corona/index.html
242,Biel/Bienne,BE,2020-10-12,,,101313,,2,,,https://www.besondere-lage.sites.be.ch/besondere-lage_sites/de/index/corona/index.html
242,Biel/Bienne,BE,2020-10-13,,,101313,,7,,,https://www.besondere-lage.sites.be.ch/besondere-lage_sites/de/index/corona/index.html
243,Seeland,BE,,46,2020,74467,,289,,,https://www.besondere-lage.sites.be.ch/besondere-lage_sites/de/index/corona/index.html
243,Seeland,BE,,47,2020,74467,,196,,,https://www.besondere-lage.sites.be.ch/besondere-lage_sites/de/index/corona/index.html
243,Seeland,BE,,48,2020,74467,,180,,,https://www.besondere-lage.sites.be.ch/besondere-lage_sites/de/index/corona/index.html
243,Seeland,BE,,49,2020,74467,,155,,,https://www.besondere-lage.sites.be.ch/besondere-lage_sites/de/index/corona/index.html
243,Seeland,BE,,50,2020,74467,,295,,,https://www.besondere-lage.sites.be.ch/besondere-lage_sites/de/index/corona/index.html
243,Seeland,BE,,51,2020,74467,,268,,,https://www.besondere-lage.sites.be.ch/besondere-lage_sites/de/index/corona/index.html
243,Seeland,BE,,52,2020,74467,,201,,,https://www.besondere-lage.sites.be.ch/besondere-lage_sites/de/index/corona/index.html
243,Seeland,BE,,53,2020,74467,,132,,,https://www.besondere-lage.sites.be.ch/de/start/news/fallzahlen.html
243,Seeland,BE,,1,2021,74467,,142,,,https://www.besondere-lage.sites.be.ch/de/start/news/fallzahlen.html
243,Seeland,BE,,2,2021,74467,,109,,,https://www.besondere-lage.sites.be.ch/de/start/news/fallzahlen.html
243,Seeland,BE,,3,2021,74467,,73,,,https://www.besondere-lage.sites.be.ch/de/start/news/fallzahlen.html
243,Seeland,BE,,4,2021,74467,,47,,,https://www.besondere-lage.sites.be.ch/de/start/news/fallzahlen.html
243,Seeland,BE,,5,2021,74467,,41,,,https://www.besondere-lage.sites.be.ch/de/start/news/fallzahlen.html
243,Seeland,BE,,6,2021,74467,,45,,,https://www.besondere-lage.sites.be.ch/de/start/news/fallzahlen.html
243,Seeland,BE,,7,2021,74467,,24,,,https://www.besondere-lage.sites.be.ch/de/start/news/fallzahlen.html
243,Seeland,BE,,8,2021,74467,,28,,,https://www.besondere-lage.sites.be.ch/de/start/news/fallzahlen.html
243,Seeland,BE,,9,2021,74467,,31,,,https://www.besondere-lage.sites.be.ch/de/start/news/fallzahlen.html
243,Seeland,BE,,10,2021,74467,,40,,,https://www.besondere-lage.sites.be.ch/de/start/news/fallzahlen.html
243,Seeland,BE,,11,2021,74467,,55,,,https://www.besondere-lage.sites.be.ch/de/start/news/fallzahlen.html
243,Seeland,BE,,12,2021,74467,,58,,,https://www.besondere-lage.sites.be.ch/de/start/news/fallzahlen.html
243,Seeland,BE,,13,2021,74467,,34,,,https://www.besondere-lage.sites.be.ch/de/start/news/fallzahlen.html
243,Seeland,BE,,14,2021,74467,,79,,,https://www.besondere-lage.sites.be.ch/de/start/news/fallzahlen.html
243,Seeland,BE,,15,2021,74467,,74,,,https://www.besondere-lage.sites.be.ch/de/start/news/fallzahlen.html
243,Seeland,BE,,16,2021,74467,,76,,,https://www.besondere-lage.sites.be.ch/de/start/news/fallzahlen.html
243,Seeland,BE,,17,2021,74467,,79,,,https://www.besondere-lage.sites.be.ch/de/start/news/fallzahlen.html
243,Seeland,BE,,18,2021,74467,,95,,,https://www.besondere-lage.sites.be.ch/de/start/news/fallzahlen.html
243,Seeland,BE,,19,2021,74467,,83,,,https://www.besondere-lage.sites.be.ch/de/start/news/fallzahlen.html
243,Seeland,BE,,20,2021,74467,,71,,,https://www.besondere-lage.sites.be.ch/de/start/news/fallzahlen.html
243,Seeland,BE,,21,2021,74467,,30,,,https://www.besondere-lage.sites.be.ch/de/start/news/fallzahlen.html
243,Seeland,BE,,23,2021,74769,,19,,,https://covid-kennzahlen.apps.be.ch/#/de/cockpit
243,Seeland,BE,,24,2021,74769,,3,,,https://covid-kennzahlen.apps.be.ch/#/de/cockpit
243,Seeland,BE,,25,2021,74769,,9,,,https://covid-kennzahlen.apps.be.ch/#/de/cockpit
243,Seeland,BE,,26,2021,74769,,9,,,https://covid-kennzahlen.apps.be.ch/#/de/cockpit
243,Seeland,BE,,27,2021,74769,,3,,,https://covid-kennzahlen.apps.be.ch/#/de/cockpit
243,Seeland,BE,,28,2021,74769,,11,,,https://covid-kennzahlen.apps.be.ch/#/de/cockpit
243,Seeland,BE,,29,2021,74769,,26,,,https://covid-kennzahlen.apps.be.ch/#/de/cockpit
243,Seeland,BE,,30,2021,74769,,20,,,https://covid-kennzahlen.apps.be.ch/#/de/cockpit
243,Seeland,BE,,31,2021,74769,,33,,,https://covid-kennzahlen.apps.be.ch/#/de/cockpit
243,Seeland,BE,,32,2021,74769,,117,,,https://covid-kennzahlen.apps.be.ch/#/de/cockpit
243,Seeland,BE,,33,2021,74769,,136,,,https://covid-kennzahlen.apps.be.ch/#/de/cockpit
243,Seeland,BE,,34,2021,74769,,136,,,https://covid-kennzahlen.apps.be.ch/#/de/cockpit
243,Seeland,BE,,35,2021,74769,,146,,,https://covid-kennzahlen.apps.be.ch/#/de/cockpit
243,Seeland,BE,,36,2021,74769,,126,,,https://covid-kennzahlen.apps.be.ch/#/de/cockpit
243,Seeland,BE,,37,2021,74769,,90,,,https://covid-kennzahlen.apps.be.ch/#/de/cockpit
243,Seeland,BE,,38,2021,74769,,50,,,https://covid-kennzahlen.apps.be.ch/#/de/cockpit
243,Seeland,BE,,39,2021,74769,,43,,,https://covid-kennzahlen.apps.be.ch/#/de/cockpit
243,Seeland,BE,,40,2021,74769,,24,,,https://covid-kennzahlen.apps.be.ch/#/de/cockpit
243,Seeland,BE,,41,2021,74769,,29,,,https://covid-kennzahlen.apps.be.ch/#/de/cockpit
243,Seeland,BE,,42,2021,74769,,43,,,https://covid-kennzahlen.apps.be.ch/#/de/cockpit
243,Seeland,BE,,43,2021,74769,,73,,,https://covid-kennzahlen.apps.be.ch/#/de/cockpit
243,Seeland,BE,,44,2021,74769,,97,,,https://covid-kennzahlen.apps.be.ch/#/de/cockpit
243,Seeland,BE,,45,2021,74769,,162,,,https://covid-kennzahlen.apps.be.ch/#/de/cockpit
243,Seeland,BE,,46,2021,74769,,273,,,https://covid-kennzahlen.apps.be.ch/#/de/cockpit
243,Seeland,BE,,47,2021,74769,,360,,,https://covid-kennzahlen.apps.be.ch/#/de/cockpit
243,Seeland,BE,,48,2021,74769,,506,,,https://covid-kennzahlen.apps.be.ch/#/de/cockpit
243,Seeland,BE,,49,2021,74769,,595,,,https://covid-kennzahlen.apps.be.ch/#/de/cockpit
243,Seeland,BE,,50,2021,74769,,497,,,https://covid-kennzahlen.apps.be.ch/#/de/cockpit
243,Seeland,BE,,51,2021,74769,,399,,,https://covid-kennzahlen.apps.be.ch/#/de/cockpit
243,Seeland,BE,,52,2021,74769,,477,,,https://covid-kennzahlen.apps.be.ch/#/de/cockpit
243,Seeland,BE,,1,2022,74769,,971,,,https://covid-kennzahlen.apps.be.ch/#/de/cockpit
243,Seeland,BE,,2,2022,74769,,1255,,,https://covid-kennzahlen.apps.be.ch/#/de/cockpit
243,Seeland,BE,,3,2022,74769,,1719,,,https://covid-kennzahlen.apps.be.ch/#/de/cockpit
243,Seeland,BE,,4,2022,74769,,2159,,,https://covid-kennzahlen.apps.be.ch/#/de/cockpit
243,Seeland,BE,,52,2022,74769,,565,,,https://covid-kennzahlen.apps.be.ch/#/de/cockpit
243,Seeland,BE,2020-09-29,,,74467,,1,,,https://www.besondere-lage.sites.be.ch/besondere-lage_sites/de/index/corona/index.html
243,Seeland,BE,2020-09-30,,,74467,,5,,,https://www.besondere-lage.sites.be.ch/besondere-lage_sites/de/index/corona/index.html
243,Seeland,BE,2020-10-01,,,74467,,3,,,https://www.besondere-lage.sites.be.ch/besondere-lage_sites/de/index/corona/index.html
243,Seeland,BE,2020-10-02,,,74467,,3,,,https://www.besondere-lage.sites.be.ch/besondere-lage_sites/de/index/corona/index.html
243,Seeland,BE,2020-10-03,,,74467,,0,,,https://www.besondere-lage.sites.be.ch/besondere-lage_sites/de/index/corona/index.html
243,Seeland,BE,2020-10-04,,,74467,,2,,,https://www.besondere-lage.sites.be.ch/besondere-lage_sites/de/index/corona/index.html
243,Seeland,BE,2020-10-05,,,74467,,0,,,https://www.besondere-lage.sites.be.ch/besondere-lage_sites/de/index/corona/index.html
243,Seeland,BE,2020-10-06,,,74467,,3,,,https://www.besondere-lage.sites.be.ch/besondere-lage_sites/de/index/corona/index.html
243,Seeland,BE,2020-10-07,,,74467,,4,,,https://www.besondere-lage.sites.be.ch/besondere-lage_sites/de/index/corona/index.html
243,Seeland,BE,2020-10-08,,,74467,,4,,,https://www.besondere-lage.sites.be.ch/besondere-lage_sites/de/index/corona/index.html
243,Seeland,BE,2020-10-09,,,74467,,0,,,https://www.besondere-lage.sites.be.ch/besondere-lage_sites/de/index/corona/index.html
243,Seeland,BE,2020-10-10,,,74467,,4,,,https://www.besondere-lage.sites.be.ch/besondere-lage_sites/de/index/corona/index.html
243,Seeland,BE,2020-10-11,,,74467,,5,,,https://www.besondere-lage.sites.be.ch/besondere-lage_sites/de/index/corona/index.html
243,Seeland,BE,2020-10-12,,,74467,,3,,,https://www.besondere-lage.sites.be.ch/besondere-lage_sites/de/index/corona/index.html
243,Seeland,BE,2020-10-13,,,74467,,10,,,https://www.besondere-lage.sites.be.ch/besondere-lage_sites/de/index/corona/index.html
244,Oberaargau,BE,,46,2020,81759,,228,,,https://www.besondere-lage.sites.be.ch/besondere-lage_sites/de/index/corona/index.html
244,Oberaargau,BE,,47,2020,81759,,208,,,https://www.besondere-lage.sites.be.ch/besondere-lage_sites/de/index/corona/index.html
244,Oberaargau,BE,,48,2020,81759,,175,,,https://www.besondere-lage.sites.be.ch/besondere-lage_sites/de/index/corona/index.html
244,Oberaargau,BE,,49,2020,81759,,286,,,https://www.besondere-lage.sites.be.ch/besondere-lage_sites/de/index/corona/index.html
244,Oberaargau,BE,,50,2020,81759,,345,,,https://www.besondere-lage.sites.be.ch/besondere-lage_sites/de/index/corona/index.html
244,Oberaargau,BE,,51,2020,81759,,277,,,https://www.besondere-lage.sites.be.ch/besondere-lage_sites/de/index/corona/index.html
244,Oberaargau,BE,,52,2020,81759,,268,,,https://www.besondere-lage.sites.be.ch/besondere-lage_sites/de/index/corona/index.html
244,Oberaargau,BE,,53,2020,81759,,193,,,https://www.besondere-lage.sites.be.ch/de/start/news/fallzahlen.html
244,Oberaargau,BE,,1,2021,81759,,249,,,https://www.besondere-lage.sites.be.ch/de/start/news/fallzahlen.html
244,Oberaargau,BE,,2,2021,81759,,128,,,https://www.besondere-lage.sites.be.ch/de/start/news/fallzahlen.html
244,Oberaargau,BE,,3,2021,81759,,110,,,https://www.besondere-lage.sites.be.ch/de/start/news/fallzahlen.html
244,Oberaargau,BE,,4,2021,81759,,105,,,https://www.besondere-lage.sites.be.ch/de/start/news/fallzahlen.html
244,Oberaargau,BE,,5,2021,81759,,72,,,https://www.besondere-lage.sites.be.ch/de/start/news/fallzahlen.html
244,Oberaargau,BE,,6,2021,81759,,57,,,https://www.besondere-lage.sites.be.ch/de/start/news/fallzahlen.html
244,Oberaargau,BE,,7,2021,81759,,49,,,https://www.besondere-lage.sites.be.ch/de/start/news/fallzahlen.html
244,Oberaargau,BE,,8,2021,81759,,36,,,https://www.besondere-lage.sites.be.ch/de/start/news/fallzahlen.html
244,Oberaargau,BE,,9,2021,81759,,42,,,https://www.besondere-lage.sites.be.ch/de/start/news/fallzahlen.html
244,Oberaargau,BE,,10,2021,81759,,47,,,https://www.besondere-lage.sites.be.ch/de/start/news/fallzahlen.html
244,Oberaargau,BE,,11,2021,81759,,61,,,https://www.besondere-lage.sites.be.ch/de/start/news/fallzahlen.html
244,Oberaargau,BE,,12,2021,81759,,96,,,https://www.besondere-lage.sites.be.ch/de/start/news/fallzahlen.html
244,Oberaargau,BE,,13,2021,81759,,43,,,https://www.besondere-lage.sites.be.ch/de/start/news/fallzahlen.html
244,Oberaargau,BE,,14,2021,81759,,86,,,https://www.besondere-lage.sites.be.ch/de/start/news/fallzahlen.html
244,Oberaargau,BE,,15,2021,81759,,78,,,https://www.besondere-lage.sites.be.ch/de/start/news/fallzahlen.html
244,Oberaargau,BE,,16,2021,81759,,78,,,https://www.besondere-lage.sites.be.ch/de/start/news/fallzahlen.html
244,Oberaargau,BE,,17,2021,81759,,99,,,https://www.besondere-lage.sites.be.ch/de/start/news/fallzahlen.html
244,Oberaargau,BE,,18,2021,81759,,91,,,https://www.besondere-lage.sites.be.ch/de/start/news/fallzahlen.html
244,Oberaargau,BE,,19,2021,81759,,83,,,https://www.besondere-lage.sites.be.ch/de/start/news/fallzahlen.html
244,Oberaargau,BE,,20,2021,81759,,97,,,https://www.besondere-lage.sites.be.ch/de/start/news/fallzahlen.html
244,Oberaargau,BE,,21,2021,81759,,91,,,https://www.besondere-lage.sites.be.ch/de/start/news/fallzahlen.html
244,Oberaargau,BE,,23,2021,81340,,13,,,https://covid-kennzahlen.apps.be.ch/#/de/cockpit
244,Oberaargau,BE,,24,2021,81340,,1,,,https://covid-kennzahlen.apps.be.ch/#/de/cockpit
244,Oberaargau,BE,,25,2021,81340,,6,,,https://covid-kennzahlen.apps.be.ch/#/de/cockpit
244,Oberaargau,BE,,26,2021,81340,,1,,,https://covid-kennzahlen.apps.be.ch/#/de/cockpit
244,Oberaargau,BE,,27,2021,81340,,12,,,https://covid-kennzahlen.apps.be.ch/#/de/cockpit
244,Oberaargau,BE,,28,2021,81340,,23,,,https://covid-kennzahlen.apps.be.ch/#/de/cockpit
244,Oberaargau,BE,,29,2021,81340,,33,,,https://covid-kennzahlen.apps.be.ch/#/de/cockpit
244,Oberaargau,BE,,30,2021,81340,,36,,,https://covid-kennzahlen.apps.be.ch/#/de/cockpit
244,Oberaargau,BE,,31,2021,81340,,64,,,https://covid-kennzahlen.apps.be.ch/#/de/cockpit
244,Oberaargau,BE,,32,2021,81340,,152,,,https://covid-kennzahlen.apps.be.ch/#/de/cockpit
244,Oberaargau,BE,,33,2021,81340,,135,,,https://covid-kennzahlen.apps.be.ch/#/de/cockpit
244,Oberaargau,BE,,34,2021,81340,,232,,,https://covid-kennzahlen.apps.be.ch/#/de/cockpit
244,Oberaargau,BE,,35,2021,81340,,211,,,https://covid-kennzahlen.apps.be.ch/#/de/cockpit
244,Oberaargau,BE,,36,2021,81340,,152,,,https://covid-kennzahlen.apps.be.ch/#/de/cockpit
244,Oberaargau,BE,,37,2021,81340,,133,,,https://covid-kennzahlen.apps.be.ch/#/de/cockpit
244,Oberaargau,BE,,38,2021,81340,,90,,,https://covid-kennzahlen.apps.be.ch/#/de/cockpit
244,Oberaargau,BE,,39,2021,81340,,58,,,https://covid-kennzahlen.apps.be.ch/#/de/cockpit
244,Oberaargau,BE,,40,2021,81340,,49,,,https://covid-kennzahlen.apps.be.ch/#/de/cockpit
244,Oberaargau,BE,,41,2021,81340,,50,,,https://covid-kennzahlen.apps.be.ch/#/de/cockpit
244,Oberaargau,BE,,42,2021,81340,,67,,,https://covid-kennzahlen.apps.be.ch/#/de/cockpit
244,Oberaargau,BE,,43,2021,81340,,70,,,https://covid-kennzahlen.apps.be.ch/#/de/cockpit
244,Oberaargau,BE,,44,2021,81340,,147,,,https://covid-kennzahlen.apps.be.ch/#/de/cockpit
244,Oberaargau,BE,,45,2021,81340,,262,,,https://covid-kennzahlen.apps.be.ch/#/de/cockpit
244,Oberaargau,BE,,46,2021,81340,,337,,,https://covid-kennzahlen.apps.be.ch/#/de/cockpit
244,Oberaargau,BE,,47,2021,81340,,528,,,https://covid-kennzahlen.apps.be.ch/#/de/cockpit
244,Oberaargau,BE,,48,2021,81340,,567,,,https://covid-kennzahlen.apps.be.ch/#/de/cockpit
244,Oberaargau,BE,,49,2021,81340,,677,,,https://covid-kennzahlen.apps.be.ch/#/de/cockpit
244,Oberaargau,BE,,50,2021,81340,,597,,,https://covid-kennzahlen.apps.be.ch/#/de/cockpit
244,Oberaargau,BE,,51,2021,81340,,385,,,https://covid-kennzahlen.apps.be.ch/#/de/cockpit
244,Oberaargau,BE,,52,2021,81340,,419,,,https://covid-kennzahlen.apps.be.ch/#/de/cockpit
244,Oberaargau,BE,,1,2022,81340,,910,,,https://covid-kennzahlen.apps.be.ch/#/de/cockpit
244,Oberaargau,BE,,2,2022,81340,,1089,,,https://covid-kennzahlen.apps.be.ch/#/de/cockpit
244,Oberaargau,BE,,3,2022,81340,,1687,,,https://covid-kennzahlen.apps.be.ch/#/de/cockpit
244,Oberaargau,BE,,4,2022,81340,,2194,,,https://covid-kennzahlen.apps.be.ch/#/de/cockpit
244,Oberaargau,BE,,52,2022,81340,,488,,,https://covid-kennzahlen.apps.be.ch/#/de/cockpit
244,Oberaargau,BE,2020-09-29,,,81759,,0,,,https://www.besondere-lage.sites.be.ch/besondere-lage_sites/de/index/corona/index.html
244,Oberaargau,BE,2020-09-30,,,81759,,2,,,https://www.besondere-lage.sites.be.ch/besondere-lage_sites/de/index/corona/index.html
244,Oberaargau,BE,2020-10-01,,,81759,,7,,,https://www.besondere-lage.sites.be.ch/besondere-lage_sites/de/index/corona/index.html
244,Oberaargau,BE,2020-10-02,,,81759,,3,,,https://www.besondere-lage.sites.be.ch/besondere-lage_sites/de/index/corona/index.html
244,Oberaargau,BE,2020-10-03,,,81759,,0,,,https://www.besondere-lage.sites.be.ch/besondere-lage_sites/de/index/corona/index.html
244,Oberaargau,BE,2020-10-04,,,81759,,0,,,https://www.besondere-lage.sites.be.ch/besondere-lage_sites/de/index/corona/index.html
244,Oberaargau,BE,2020-10-05,,,81759,,2,,,https://www.besondere-lage.sites.be.ch/besondere-lage_sites/de/index/corona/index.html
244,Oberaargau,BE,2020-10-06,,,81759,,2,,,https://www.besondere-lage.sites.be.ch/besondere-lage_sites/de/index/corona/index.html
244,Oberaargau,BE,2020-10-07,,,81759,,1,,,https://www.besondere-lage.sites.be.ch/besondere-lage_sites/de/index/corona/index.html
244,Oberaargau,BE,2020-10-08,,,81759,,3,,,https://www.besondere-lage.sites.be.ch/besondere-lage_sites/de/index/corona/index.html
244,Oberaargau,BE,2020-10-09,,,81759,,4,,,https://www.besondere-lage.sites.be.ch/besondere-lage_sites/de/index/corona/index.html
244,Oberaargau,BE,2020-10-10,,,81759,,4,,,https://www.besondere-lage.sites.be.ch/besondere-lage_sites/de/index/corona/index.html
244,Oberaargau,BE,2020-10-11,,,81759,,7,,,https://www.besondere-lage.sites.be.ch/besondere-lage_sites/de/index/corona/index.html
244,Oberaargau,BE,2020-10-12,,,81759,,0,,,https://www.besondere-lage.sites.be.ch/besondere-lage_sites/de/index/corona/index.html
244,Oberaargau,BE,2020-10-13,,,81759,,4,,,https://www.besondere-lage.sites.be.ch/besondere-lage_sites/de/index/corona/index.html
245,Emmental,BE,,46,2020,97218,,248,,,https://www.besondere-lage.sites.be.ch/besondere-lage_sites/de/index/corona/index.html
245,Emmental,BE,,47,2020,97218,,208,,,https://www.besondere-lage.sites.be.ch/besondere-lage_sites/de/index/corona/index.html
245,Emmental,BE,,48,2020,97218,,203,,,https://www.besondere-lage.sites.be.ch/besondere-lage_sites/de/index/corona/index.html
245,Emmental,BE,,49,2020,97218,,193,,,https://www.besondere-lage.sites.be.ch/besondere-lage_sites/de/index/corona/index.html
245,Emmental,BE,,50,2020,97218,,262,,,https://www.besondere-lage.sites.be.ch/besondere-lage_sites/de/index/corona/index.html
245,Emmental,BE,,51,2020,97218,,261,,,https://www.besondere-lage.sites.be.ch/besondere-lage_sites/de/index/corona/index.html
245,Emmental,BE,,52,2020,97218,,238,,,https://www.besondere-lage.sites.be.ch/besondere-lage_sites/de/index/corona/index.html
245,Emmental,BE,,53,2020,97218,,164,,,https://www.besondere-lage.sites.be.ch/de/start/news/fallzahlen.html
245,Emmental,BE,,1,2021,97218,,182,,,https://www.besondere-lage.sites.be.ch/de/start/news/fallzahlen.html
245,Emmental,BE,,2,2021,97218,,154,,,https://www.besondere-lage.sites.be.ch/de/start/news/fallzahlen.html
245,Emmental,BE,,3,2021,97218,,85,,,https://www.besondere-lage.sites.be.ch/de/start/news/fallzahlen.html
245,Emmental,BE,,4,2021,97218,,76,,,https://www.besondere-lage.sites.be.ch/de/start/news/fallzahlen.html
245,Emmental,BE,,5,2021,97218,,85,,,https://www.besondere-lage.sites.be.ch/de/start/news/fallzahlen.html
245,Emmental,BE,,6,2021,97218,,74,,,https://www.besondere-lage.sites.be.ch/de/start/news/fallzahlen.html
245,Emmental,BE,,7,2021,97218,,45,,,https://www.besondere-lage.sites.be.ch/de/start/news/fallzahlen.html
245,Emmental,BE,,8,2021,97218,,55,,,https://www.besondere-lage.sites.be.ch/de/start/news/fallzahlen.html
245,Emmental,BE,,9,2021,97218,,78,,,https://www.besondere-lage.sites.be.ch/de/start/news/fallzahlen.html
245,Emmental,BE,,10,2021,97218,,94,,,https://www.besondere-lage.sites.be.ch/de/start/news/fallzahlen.html
245,Emmental,BE,,11,2021,97218,,131,,,https://www.besondere-lage.sites.be.ch/de/start/news/fallzahlen.html
245,Emmental,BE,,12,2021,97218,,159,,,https://www.besondere-lage.sites.be.ch/de/start/news/fallzahlen.html
245,Emmental,BE,,13,2021,97218,,71,,,https://www.besondere-lage.sites.be.ch/de/start/news/fallzahlen.html
245,Emmental,BE,,14,2021,97218,,174,,,https://www.besondere-lage.sites.be.ch/de/start/news/fallzahlen.html
245,Emmental,BE,,15,2021,97218,,154,,,https://www.besondere-lage.sites.be.ch/de/start/news/fallzahlen.html
245,Emmental,BE,,16,2021,97218,,197,,,https://www.besondere-lage.sites.be.ch/de/start/news/fallzahlen.html
245,Emmental,BE,,17,2021,97218,,156,,,https://www.besondere-lage.sites.be.ch/de/start/news/fallzahlen.html
245,Emmental,BE,,18,2021,97218,,129,,,https://www.besondere-lage.sites.be.ch/de/start/news/fallzahlen.html
245,Emmental,BE,,19,2021,97218,,88,,,https://www.besondere-lage.sites.be.ch/de/start/news/fallzahlen.html
245,Emmental,BE,,20,2021,97218,,67,,,https://www.besondere-lage.sites.be.ch/de/start/news/fallzahlen.html
245,Emmental,BE,,21,2021,97218,,46,,,https://www.besondere-lage.sites.be.ch/de/start/news/fallzahlen.html
245,Emmental,BE,,23,2021,97099,,15,,,https://covid-kennzahlen.apps.be.ch/#/de/cockpit
245,Emmental,BE,,24,2021,97099,,14,,,https://covid-kennzahlen.apps.be.ch/#/de/cockpit
245,Emmental,BE,,25,2021,97099,,8,,,https://covid-kennzahlen.apps.be.ch/#/de/cockpit
245,Emmental,BE,,26,2021,97099,,4,,,https://covid-kennzahlen.apps.be.ch/#/de/cockpit
245,Emmental,BE,,27,2021,97099,,10,,,https://covid-kennzahlen.apps.be.ch/#/de/cockpit
245,Emmental,BE,,28,2021,97099,,26,,,https://covid-kennzahlen.apps.be.ch/#/de/cockpit
245,Emmental,BE,,29,2021,97099,,13,,,https://covid-kennzahlen.apps.be.ch/#/de/cockpit
245,Emmental,BE,,30,2021,97099,,36,,,https://covid-kennzahlen.apps.be.ch/#/de/cockpit
245,Emmental,BE,,31,2021,97099,,58,,,https://covid-kennzahlen.apps.be.ch/#/de/cockpit
245,Emmental,BE,,32,2021,97099,,99,,,https://covid-kennzahlen.apps.be.ch/#/de/cockpit
245,Emmental,BE,,33,2021,97099,,157,,,https://covid-kennzahlen.apps.be.ch/#/de/cockpit
245,Emmental,BE,,34,2021,97099,,162,,,https://covid-kennzahlen.apps.be.ch/#/de/cockpit
245,Emmental,BE,,35,2021,97099,,181,,,https://covid-kennzahlen.apps.be.ch/#/de/cockpit
245,Emmental,BE,,36,2021,97099,,170,,,https://covid-kennzahlen.apps.be.ch/#/de/cockpit
245,Emmental,BE,,37,2021,97099,,116,,,https://covid-kennzahlen.apps.be.ch/#/de/cockpit
245,Emmental,BE,,38,2021,97099,,76,,,https://covid-kennzahlen.apps.be.ch/#/de/cockpit
245,Emmental,BE,,39,2021,97099,,87,,,https://covid-kennzahlen.apps.be.ch/#/de/cockpit
245,Emmental,BE,,40,2021,97099,,65,,,https://covid-kennzahlen.apps.be.ch/#/de/cockpit
245,Emmental,BE,,41,2021,97099,,82,,,https://covid-kennzahlen.apps.be.ch/#/de/cockpit
245,Emmental,BE,,42,2021,97099,,112,,,https://covid-kennzahlen.apps.be.ch/#/de/cockpit
245,Emmental,BE,,43,2021,97099,,177,,,https://covid-kennzahlen.apps.be.ch/#/de/cockpit
245,Emmental,BE,,44,2021,97099,,254,,,https://covid-kennzahlen.apps.be.ch/#/de/cockpit
245,Emmental,BE,,45,2021,97099,,300,,,https://covid-kennzahlen.apps.be.ch/#/de/cockpit
245,Emmental,BE,,46,2021,97099,,508,,,https://covid-kennzahlen.apps.be.ch/#/de/cockpit
245,Emmental,BE,,47,2021,97099,,591,,,https://covid-kennzahlen.apps.be.ch/#/de/cockpit
245,Emmental,BE,,48,2021,97099,,778,,,https://covid-kennzahlen.apps.be.ch/#/de/cockpit
245,Emmental,BE,,49,2021,97099,,707,,,https://covid-kennzahlen.apps.be.ch/#/de/cockpit
245,Emmental,BE,,50,2021,97099,,622,,,https://covid-kennzahlen.apps.be.ch/#/de/cockpit
245,Emmental,BE,,51,2021,97099,,589,,,https://covid-kennzahlen.apps.be.ch/#/de/cockpit
245,Emmental,BE,,52,2021,97099,,636,,,https://covid-kennzahlen.apps.be.ch/#/de/cockpit
245,Emmental,BE,,1,2022,97099,,1163,,,https://covid-kennzahlen.apps.be.ch/#/de/cockpit
245,Emmental,BE,,2,2022,97099,,1402,,,https://covid-kennzahlen.apps.be.ch/#/de/cockpit
245,Emmental,BE,,3,2022,97099,,1993,,,https://covid-kennzahlen.apps.be.ch/#/de/cockpit
245,Emmental,BE,,4,2022,97099,,2545,,,https://covid-kennzahlen.apps.be.ch/#/de/cockpit
245,Emmental,BE,,52,2022,97099,,756,,,https://covid-kennzahlen.apps.be.ch/#/de/cockpit
245,Emmental,BE,2020-09-29,,,97218,,1,,,https://www.besondere-lage.sites.be.ch/besondere-lage_sites/de/index/corona/index.html
245,Emmental,BE,2020-09-30,,,97218,,1,,,https://www.besondere-lage.sites.be.ch/besondere-lage_sites/de/index/corona/index.html
245,Emmental,BE,2020-10-01,,,97218,,1,,,https://www.besondere-lage.sites.be.ch/besondere-lage_sites/de/index/corona/index.html
245,Emmental,BE,2020-10-02,,,97218,,3,,,https://www.besondere-lage.sites.be.ch/besondere-lage_sites/de/index/corona/index.html
245,Emmental,BE,2020-10-03,,,97218,,0,,,https://www.besondere-lage.sites.be.ch/besondere-lage_sites/de/index/corona/index.html
245,Emmental,BE,2020-10-04,,,97218,,2,,,https://www.besondere-lage.sites.be.ch/besondere-lage_sites/de/index/corona/index.html
245,Emmental,BE,2020-10-05,,,97218,,0,,,https://www.besondere-lage.sites.be.ch/besondere-lage_sites/de/index/corona/index.html
245,Emmental,BE,2020-10-06,,,97218,,3,,,https://www.besondere-lage.sites.be.ch/besondere-lage_sites/de/index/corona/index.html
245,Emmental,BE,2020-10-07,,,97218,,5,,,https://www.besondere-lage.sites.be.ch/besondere-lage_sites/de/index/corona/index.html
245,Emmental,BE,2020-10-08,,,97218,,6,,,https://www.besondere-lage.sites.be.ch/besondere-lage_sites/de/index/corona/index.html
245,Emmental,BE,2020-10-09,,,97218,,5,,,https://www.besondere-lage.sites.be.ch/besondere-lage_sites/de/index/corona/index.html
245,Emmental,BE,2020-10-10,,,97218,,6,,,https://www.besondere-lage.sites.be.ch/besondere-lage_sites/de/index/corona/index.html
245,Emmental,BE,2020-10-11,,,97218,,5,,,https://www.besondere-lage.sites.be.ch/besondere-lage_sites/de/index/corona/index.html
245,Emmental,BE,2020-10-12,,,97218,,2,,,https://www.besondere-lage.sites.be.ch/besondere-lage_sites/de/index/corona/index.html
245,Emmental,BE,2020-10-13,,,97218,,4,,,https://www.besondere-lage.sites.be.ch/besondere-lage_sites/de/index/corona/index.html
246,Bern-Mittelland,BE,,46,2020,414658,,1455,,,https://www.besondere-lage.sites.be.ch/besondere-lage_sites/de/index/corona/index.html
246,Bern-Mittelland,BE,,47,2020,414658,,1185,,,https://www.besondere-lage.sites.be.ch/besondere-lage_sites/de/index/corona/index.html
246,Bern-Mittelland,BE,,48,2020,414658,,1314,,,https://www.besondere-lage.sites.be.ch/besondere-lage_sites/de/index/corona/index.html
246,Bern-Mittelland,BE,,49,2020,414658,,1148,,,https://www.besondere-lage.sites.be.ch/besondere-lage_sites/de/index/corona/index.html
246,Bern-Mittelland,BE,,50,2020,414658,,1562,,,https://www.besondere-lage.sites.be.ch/besondere-lage_sites/de/index/corona/index.html
246,Bern-Mittelland,BE,,51,2020,414658,,1274,,,https://www.besondere-lage.sites.be.ch/besondere-lage_sites/de/index/corona/index.html
246,Bern-Mittelland,BE,,52,2020,414658,,991,,,https://www.besondere-lage.sites.be.ch/besondere-lage_sites/de/index/corona/index.html
246,Bern-Mittelland,BE,,53,2020,414658,,712,,,https://www.besondere-lage.sites.be.ch/de/start/news/fallzahlen.html
246,Bern-Mittelland,BE,,1,2021,414658,,909,,,https://www.besondere-lage.sites.be.ch/de/start/news/fallzahlen.html
246,Bern-Mittelland,BE,,2,2021,414658,,660,,,https://www.besondere-lage.sites.be.ch/de/start/news/fallzahlen.html
246,Bern-Mittelland,BE,,3,2021,414658,,547,,,https://www.besondere-lage.sites.be.ch/de/start/news/fallzahlen.html
246,Bern-Mittelland,BE,,4,2021,414658,,475,,,https://www.besondere-lage.sites.be.ch/de/start/news/fallzahlen.html
246,Bern-Mittelland,BE,,5,2021,414658,,418,,,https://www.besondere-lage.sites.be.ch/de/start/news/fallzahlen.html
246,Bern-Mittelland,BE,,6,2021,414658,,322,,,https://www.besondere-lage.sites.be.ch/de/start/news/fallzahlen.html
246,Bern-Mittelland,BE,,7,2021,414658,,247,,,https://www.besondere-lage.sites.be.ch/de/start/news/fallzahlen.html
246,Bern-Mittelland,BE,,8,2021,414658,,338,,,https://www.besondere-lage.sites.be.ch/de/start/news/fallzahlen.html
246,Bern-Mittelland,BE,,9,2021,414658,,262,,,https://www.besondere-lage.sites.be.ch/de/start/news/fallzahlen.html
246,Bern-Mittelland,BE,,10,2021,414658,,236,,,https://www.besondere-lage.sites.be.ch/de/start/news/fallzahlen.html
246,Bern-Mittelland,BE,,11,2021,414658,,226,,,https://www.besondere-lage.sites.be.ch/de/start/news/fallzahlen.html
246,Bern-Mittelland,BE,,12,2021,414658,,324,,,https://www.besondere-lage.sites.be.ch/de/start/news/fallzahlen.html
246,Bern-Mittelland,BE,,13,2021,414658,,143,,,https://www.besondere-lage.sites.be.ch/de/start/news/fallzahlen.html
246,Bern-Mittelland,BE,,14,2021,414658,,386,,,https://www.besondere-lage.sites.be.ch/de/start/news/fallzahlen.html
246,Bern-Mittelland,BE,,15,2021,414658,,410,,,https://www.besondere-lage.sites.be.ch/de/start/news/fallzahlen.html
246,Bern-Mittelland,BE,,16,2021,414658,,436,,,https://www.besondere-lage.sites.be.ch/de/start/news/fallzahlen.html
246,Bern-Mittelland,BE,,17,2021,414658,,412,,,https://www.besondere-lage.sites.be.ch/de/start/news/fallzahlen.html
246,Bern-Mittelland,BE,,18,2021,414658,,382,,,https://www.besondere-lage.sites.be.ch/de/start/news/fallzahlen.html
246,Bern-Mittelland,BE,,19,2021,414658,,219,,,https://www.besondere-lage.sites.be.ch/de/start/news/fallzahlen.html
246,Bern-Mittelland,BE,,20,2021,414658,,231,,,https://www.besondere-lage.sites.be.ch/de/start/news/fallzahlen.html
246,Bern-Mittelland,BE,,21,2021,414658,,116,,,https://www.besondere-lage.sites.be.ch/de/start/news/fallzahlen.html
246,Bern-Mittelland,BE,,23,2021,413918,,104,,,https://covid-kennzahlen.apps.be.ch/#/de/cockpit
246,Bern-Mittelland,BE,,24,2021,413918,,29,,,https://covid-kennzahlen.apps.be.ch/#/de/cockpit
246,Bern-Mittelland,BE,,25,2021,413918,,30,,,https://covid-kennzahlen.apps.be.ch/#/de/cockpit
246,Bern-Mittelland,BE,,26,2021,413918,,22,,,https://covid-kennzahlen.apps.be.ch/#/de/cockpit
246,Bern-Mittelland,BE,,27,2021,413918,,33,,,https://covid-kennzahlen.apps.be.ch/#/de/cockpit
246,Bern-Mittelland,BE,,28,2021,413918,,74,,,https://covid-kennzahlen.apps.be.ch/#/de/cockpit
246,Bern-Mittelland,BE,,29,2021,413918,,108,,,https://covid-kennzahlen.apps.be.ch/#/de/cockpit
246,Bern-Mittelland,BE,,30,2021,413918,,183,,,https://covid-kennzahlen.apps.be.ch/#/de/cockpit
246,Bern-Mittelland,BE,,31,2021,413918,,336,,,https://covid-kennzahlen.apps.be.ch/#/de/cockpit
246,Bern-Mittelland,BE,,32,2021,413918,,527,,,https://covid-kennzahlen.apps.be.ch/#/de/cockpit
246,Bern-Mittelland,BE,,33,2021,413918,,678,,,https://covid-kennzahlen.apps.be.ch/#/de/cockpit
246,Bern-Mittelland,BE,,34,2021,413918,,794,,,https://covid-kennzahlen.apps.be.ch/#/de/cockpit
246,Bern-Mittelland,BE,,35,2021,413918,,850,,,https://covid-kennzahlen.apps.be.ch/#/de/cockpit
246,Bern-Mittelland,BE,,36,2021,413918,,719,,,https://covid-kennzahlen.apps.be.ch/#/de/cockpit
246,Bern-Mittelland,BE,,37,2021,413918,,628,,,https://covid-kennzahlen.apps.be.ch/#/de/cockpit
246,Bern-Mittelland,BE,,38,2021,413918,,407,,,https://covid-kennzahlen.apps.be.ch/#/de/cockpit
246,Bern-Mittelland,BE,,39,2021,413918,,321,,,https://covid-kennzahlen.apps.be.ch/#/de/cockpit
246,Bern-Mittelland,BE,,40,2021,413918,,218,,,https://covid-kennzahlen.apps.be.ch/#/de/cockpit
246,Bern-Mittelland,BE,,41,2021,413918,,171,,,https://covid-kennzahlen.apps.be.ch/#/de/cockpit
246,Bern-Mittelland,BE,,42,2021,413918,,272,,,https://covid-kennzahlen.apps.be.ch/#/de/cockpit
246,Bern-Mittelland,BE,,43,2021,413918,,477,,,https://covid-kennzahlen.apps.be.ch/#/de/cockpit
246,Bern-Mittelland,BE,,44,2021,413918,,885,,,https://covid-kennzahlen.apps.be.ch/#/de/cockpit
246,Bern-Mittelland,BE,,45,2021,413918,,1308,,,https://covid-kennzahlen.apps.be.ch/#/de/cockpit
246,Bern-Mittelland,BE,,46,2021,413918,,1893,,,https://covid-kennzahlen.apps.be.ch/#/de/cockpit
246,Bern-Mittelland,BE,,47,2021,413918,,2305,,,https://covid-kennzahlen.apps.be.ch/#/de/cockpit
246,Bern-Mittelland,BE,,48,2021,413918,,2524,,,https://covid-kennzahlen.apps.be.ch/#/de/cockpit
246,Bern-Mittelland,BE,,49,2021,413918,,2452,,,https://covid-kennzahlen.apps.be.ch/#/de/cockpit
246,Bern-Mittelland,BE,,50,2021,413918,,2404,,,https://covid-kennzahlen.apps.be.ch/#/de/cockpit
246,Bern-Mittelland,BE,,51,2021,413918,,2375,,,https://covid-kennzahlen.apps.be.ch/#/de/cockpit
246,Bern-Mittelland,BE,,52,2021,413918,,2658,,,https://covid-kennzahlen.apps.be.ch/#/de/cockpit
246,Bern-Mittelland,BE,,1,2022,413918,,5718,,,https://covid-kennzahlen.apps.be.ch/#/de/cockpit
246,Bern-Mittelland,BE,,2,2022,413918,,6672,,,https://covid-kennzahlen.apps.be.ch/#/de/cockpit
246,Bern-Mittelland,BE,,3,2022,413918,,8619,,,https://covid-kennzahlen.apps.be.ch/#/de/cockpit
246,Bern-Mittelland,BE,,4,2022,413918,,10568,,,https://covid-kennzahlen.apps.be.ch/#/de/cockpit
246,Bern-Mittelland,BE,,52,2022,413918,,3247,,,https://covid-kennzahlen.apps.be.ch/#/de/cockpit
246,Bern-Mittelland,BE,2020-09-29,,,414658,,9,,,https://www.besondere-lage.sites.be.ch/besondere-lage_sites/de/index/corona/index.html
246,Bern-Mittelland,BE,2020-09-30,,,414658,,22,,,https://www.besondere-lage.sites.be.ch/besondere-lage_sites/de/index/corona/index.html
246,Bern-Mittelland,BE,2020-10-01,,,414658,,13,,,https://www.besondere-lage.sites.be.ch/besondere-lage_sites/de/index/corona/index.html
246,Bern-Mittelland,BE,2020-10-02,,,414658,,25,,,https://www.besondere-lage.sites.be.ch/besondere-lage_sites/de/index/corona/index.html
246,Bern-Mittelland,BE,2020-10-03,,,414658,,22,,,https://www.besondere-lage.sites.be.ch/besondere-lage_sites/de/index/corona/index.html
246,Bern-Mittelland,BE,2020-10-04,,,414658,,24,,,https://www.besondere-lage.sites.be.ch/besondere-lage_sites/de/index/corona/index.html
246,Bern-Mittelland,BE,2020-10-05,,,414658,,3,,,https://www.besondere-lage.sites.be.ch/besondere-lage_sites/de/index/corona/index.html
246,Bern-Mittelland,BE,2020-10-06,,,414658,,28,,,https://www.besondere-lage.sites.be.ch/besondere-lage_sites/de/index/corona/index.html
246,Bern-Mittelland,BE,2020-10-07,,,414658,,46,,,https://www.besondere-lage.sites.be.ch/besondere-lage_sites/de/index/corona/index.html
246,Bern-Mittelland,BE,2020-10-08,,,414658,,38,,,https://www.besondere-lage.sites.be.ch/besondere-lage_sites/de/index/corona/index.html
246,Bern-Mittelland,BE,2020-10-09,,,414658,,54,,,https://www.besondere-lage.sites.be.ch/besondere-lage_sites/de/index/corona/index.html
246,Bern-Mittelland,BE,2020-10-10,,,414658,,49,,,https://www.besondere-lage.sites.be.ch/besondere-lage_sites/de/index/corona/index.html
246,Bern-Mittelland,BE,2020-10-11,,,414658,,59,,,https://www.besondere-lage.sites.be.ch/besondere-lage_sites/de/index/corona/index.html
246,Bern-Mittelland,BE,2020-10-12,,,414658,,30,,,https://www.besondere-lage.sites.be.ch/besondere-lage_sites/de/index/corona/index.html
246,Bern-Mittelland,BE,2020-10-13,,,414658,,60,,,https://www.besondere-lage.sites.be.ch/besondere-lage_sites/de/index/corona/index.html
247,Thun,BE,,46,2020,107491,,297,,,https://www.besondere-lage.sites.be.ch/besondere-lage_sites/de/index/corona/index.html
247,Thun,BE,,47,2020,107491,,320,,,https://www.besondere-lage.sites.be.ch/besondere-lage_sites/de/index/corona/index.html
247,Thun,BE,,48,2020,107491,,261,,,https://www.besondere-lage.sites.be.ch/besondere-lage_sites/de/index/corona/index.html
247,Thun,BE,,49,2020,107491,,244,,,https://www.besondere-lage.sites.be.ch/besondere-lage_sites/de/index/corona/index.html
247,Thun,BE,,50,2020,107491,,402,,,https://www.besondere-lage.sites.be.ch/besondere-lage_sites/de/index/corona/index.html
247,Thun,BE,,51,2020,107491,,403,,,https://www.besondere-lage.sites.be.ch/besondere-lage_sites/de/index/corona/index.html
247,Thun,BE,,52,2020,107491,,315,,,https://www.besondere-lage.sites.be.ch/besondere-lage_sites/de/index/corona/index.html
247,Thun,BE,,53,2020,107491,,285,,,https://www.besondere-lage.sites.be.ch/de/start/news/fallzahlen.html
247,Thun,BE,,1,2021,107491,,264,,,https://www.besondere-lage.sites.be.ch/de/start/news/fallzahlen.html
247,Thun,BE,,2,2021,107491,,165,,,https://www.besondere-lage.sites.be.ch/de/start/news/fallzahlen.html
247,Thun,BE,,3,2021,107491,,136,,,https://www.besondere-lage.sites.be.ch/de/start/news/fallzahlen.html
247,Thun,BE,,4,2021,107491,,101,,,https://www.besondere-lage.sites.be.ch/de/start/news/fallzahlen.html
247,Thun,BE,,5,2021,107491,,91,,,https://www.besondere-lage.sites.be.ch/de/start/news/fallzahlen.html
247,Thun,BE,,6,2021,107491,,73,,,https://www.besondere-lage.sites.be.ch/de/start/news/fallzahlen.html
247,Thun,BE,,7,2021,107491,,25,,,https://www.besondere-lage.sites.be.ch/de/start/news/fallzahlen.html
247,Thun,BE,,8,2021,107491,,58,,,https://www.besondere-lage.sites.be.ch/de/start/news/fallzahlen.html
247,Thun,BE,,9,2021,107491,,57,,,https://www.besondere-lage.sites.be.ch/de/start/news/fallzahlen.html
247,Thun,BE,,10,2021,107491,,81,,,https://www.besondere-lage.sites.be.ch/de/start/news/fallzahlen.html
247,Thun,BE,,11,2021,107491,,67,,,https://www.besondere-lage.sites.be.ch/de/start/news/fallzahlen.html
247,Thun,BE,,12,2021,107491,,110,,,https://www.besondere-lage.sites.be.ch/de/start/news/fallzahlen.html
247,Thun,BE,,13,2021,107491,,72,,,https://www.besondere-lage.sites.be.ch/de/start/news/fallzahlen.html
247,Thun,BE,,14,2021,107491,,120,,,https://www.besondere-lage.sites.be.ch/de/start/news/fallzahlen.html
247,Thun,BE,,15,2021,107491,,111,,,https://www.besondere-lage.sites.be.ch/de/start/news/fallzahlen.html
247,Thun,BE,,16,2021,107491,,110,,,https://www.besondere-lage.sites.be.ch/de/start/news/fallzahlen.html
247,Thun,BE,,17,2021,107491,,77,,,https://www.besondere-lage.sites.be.ch/de/start/news/fallzahlen.html
247,Thun,BE,,18,2021,107491,,67,,,https://www.besondere-lage.sites.be.ch/de/start/news/fallzahlen.html
247,Thun,BE,,19,2021,107491,,68,,,https://www.besondere-lage.sites.be.ch/de/start/news/fallzahlen.html
247,Thun,BE,,20,2021,107491,,57,,,https://www.besondere-lage.sites.be.ch/de/start/news/fallzahlen.html
247,Thun,BE,,21,2021,107491,,43,,,https://www.besondere-lage.sites.be.ch/de/start/news/fallzahlen.html
247,Thun,BE,,23,2021,107029,,11,,,https://covid-kennzahlen.apps.be.ch/#/de/cockpit
247,Thun,BE,,24,2021,107029,,3,,,https://covid-kennzahlen.apps.be.ch/#/de/cockpit
247,Thun,BE,,25,2021,107029,,6,,,https://covid-kennzahlen.apps.be.ch/#/de/cockpit
247,Thun,BE,,26,2021,107029,,5,,,https://covid-kennzahlen.apps.be.ch/#/de/cockpit
247,Thun,BE,,27,2021,107029,,21,,,https://covid-kennzahlen.apps.be.ch/#/de/cockpit
247,Thun,BE,,28,2021,107029,,20,,,https://covid-kennzahlen.apps.be.ch/#/de/cockpit
247,Thun,BE,,29,2021,107029,,31,,,https://covid-kennzahlen.apps.be.ch/#/de/cockpit
247,Thun,BE,,30,2021,107029,,36,,,https://covid-kennzahlen.apps.be.ch/#/de/cockpit
247,Thun,BE,,31,2021,107029,,87,,,https://covid-kennzahlen.apps.be.ch/#/de/cockpit
247,Thun,BE,,32,2021,107029,,202,,,https://covid-kennzahlen.apps.be.ch/#/de/cockpit
247,Thun,BE,,33,2021,107029,,156,,,https://covid-kennzahlen.apps.be.ch/#/de/cockpit
247,Thun,BE,,34,2021,107029,,155,,,https://covid-kennzahlen.apps.be.ch/#/de/cockpit
247,Thun,BE,,35,2021,107029,,131,,,https://covid-kennzahlen.apps.be.ch/#/de/cockpit
247,Thun,BE,,36,2021,107029,,150,,,https://covid-kennzahlen.apps.be.ch/#/de/cockpit
247,Thun,BE,,37,2021,107029,,198,,,https://covid-kennzahlen.apps.be.ch/#/de/cockpit
247,Thun,BE,,38,2021,107029,,90,,,https://covid-kennzahlen.apps.be.ch/#/de/cockpit
247,Thun,BE,,39,2021,107029,,103,,,https://covid-kennzahlen.apps.be.ch/#/de/cockpit
247,Thun,BE,,40,2021,107029,,70,,,https://covid-kennzahlen.apps.be.ch/#/de/cockpit
247,Thun,BE,,41,2021,107029,,86,,,https://covid-kennzahlen.apps.be.ch/#/de/cockpit
247,Thun,BE,,42,2021,107029,,89,,,https://covid-kennzahlen.apps.be.ch/#/de/cockpit
247,Thun,BE,,43,2021,107029,,166,,,https://covid-kennzahlen.apps.be.ch/#/de/cockpit
247,Thun,BE,,44,2021,107029,,313,,,https://covid-kennzahlen.apps.be.ch/#/de/cockpit
247,Thun,BE,,45,2021,107029,,452,,,https://covid-kennzahlen.apps.be.ch/#/de/cockpit
247,Thun,BE,,46,2021,107029,,734,,,https://covid-kennzahlen.apps.be.ch/#/de/cockpit
247,Thun,BE,,47,2021,107029,,1059,,,https://covid-kennzahlen.apps.be.ch/#/de/cockpit
247,Thun,BE,,48,2021,107029,,1291,,,https://covid-kennzahlen.apps.be.ch/#/de/cockpit
247,Thun,BE,,49,2021,107029,,974,,,https://covid-kennzahlen.apps.be.ch/#/de/cockpit
247,Thun,BE,,50,2021,107029,,838,,,https://covid-kennzahlen.apps.be.ch/#/de/cockpit
247,Thun,BE,,51,2021,107029,,686,,,https://covid-kennzahlen.apps.be.ch/#/de/cockpit
247,Thun,BE,,52,2021,107029,,785,,,https://covid-kennzahlen.apps.be.ch/#/de/cockpit
247,Thun,BE,,1,2022,107029,,1522,,,https://covid-kennzahlen.apps.be.ch/#/de/cockpit
247,Thun,BE,,2,2022,107029,,1777,,,https://covid-kennzahlen.apps.be.ch/#/de/cockpit
247,Thun,BE,,3,2022,107029,,2281,,,https://covid-kennzahlen.apps.be.ch/#/de/cockpit
247,Thun,BE,,4,2022,107029,,2965,,,https://covid-kennzahlen.apps.be.ch/#/de/cockpit
247,Thun,BE,,52,2022,107029,,869,,,https://covid-kennzahlen.apps.be.ch/#/de/cockpit
247,Thun,BE,2020-09-29,,,107491,,4,,,https://www.besondere-lage.sites.be.ch/besondere-lage_sites/de/index/corona/index.html
247,Thun,BE,2020-09-30,,,107491,,4,,,https://www.besondere-lage.sites.be.ch/besondere-lage_sites/de/index/corona/index.html
247,Thun,BE,2020-10-01,,,107491,,8,,,https://www.besondere-lage.sites.be.ch/besondere-lage_sites/de/index/corona/index.html
247,Thun,BE,2020-10-02,,,107491,,2,,,https://www.besondere-lage.sites.be.ch/besondere-lage_sites/de/index/corona/index.html
247,Thun,BE,2020-10-03,,,107491,,8,,,https://www.besondere-lage.sites.be.ch/besondere-lage_sites/de/index/corona/index.html
247,Thun,BE,2020-10-04,,,107491,,20,,,https://www.besondere-lage.sites.be.ch/besondere-lage_sites/de/index/corona/index.html
247,Thun,BE,2020-10-05,,,107491,,4,,,https://www.besondere-lage.sites.be.ch/besondere-lage_sites/de/index/corona/index.html
247,Thun,BE,2020-10-06,,,107491,,6,,,https://www.besondere-lage.sites.be.ch/besondere-lage_sites/de/index/corona/index.html
247,Thun,BE,2020-10-07,,,107491,,1,,,https://www.besondere-lage.sites.be.ch/besondere-lage_sites/de/index/corona/index.html
247,Thun,BE,2020-10-08,,,107491,,7,,,https://www.besondere-lage.sites.be.ch/besondere-lage_sites/de/index/corona/index.html
247,Thun,BE,2020-10-09,,,107491,,5,,,https://www.besondere-lage.sites.be.ch/besondere-lage_sites/de/index/corona/index.html
247,Thun,BE,2020-10-10,,,107491,,6,,,https://www.besondere-lage.sites.be.ch/besondere-lage_sites/de/index/corona/index.html
247,Thun,BE,2020-10-11,,,107491,,5,,,https://www.besondere-lage.sites.be.ch/besondere-lage_sites/de/index/corona/index.html
247,Thun,BE,2020-10-12,,,107491,,12,,,https://www.besondere-lage.sites.be.ch/besondere-lage_sites/de/index/corona/index.html
247,Thun,BE,2020-10-13,,,107491,,9,,,https://www.besondere-lage.sites.be.ch/besondere-lage_sites/de/index/corona/index.html
248,Obersimmental-Saanen,BE,,46,2020,16588,,41,,,https://www.besondere-lage.sites.be.ch/besondere-lage_sites/de/index/corona/index.html
248,Obersimmental-Saanen,BE,,47,2020,16588,,35,,,https://www.besondere-lage.sites.be.ch/besondere-lage_sites/de/index/corona/index.html
248,Obersimmental-Saanen,BE,,48,2020,16588,,25,,,https://www.besondere-lage.sites.be.ch/besondere-lage_sites/de/index/corona/index.html
248,Obersimmental-Saanen,BE,,49,2020,16588,,26,,,https://www.besondere-lage.sites.be.ch/besondere-lage_sites/de/index/corona/index.html
248,Obersimmental-Saanen,BE,,50,2020,16588,,22,,,https://www.besondere-lage.sites.be.ch/besondere-lage_sites/de/index/corona/index.html
248,Obersimmental-Saanen,BE,,51,2020,16588,,33,,,https://www.besondere-lage.sites.be.ch/besondere-lage_sites/de/index/corona/index.html
248,Obersimmental-Saanen,BE,,52,2020,16588,,26,,,https://www.besondere-lage.sites.be.ch/besondere-lage_sites/de/index/corona/index.html
248,Obersimmental-Saanen,BE,,53,2020,16588,,34,,,https://www.besondere-lage.sites.be.ch/de/start/news/fallzahlen.html
248,Obersimmental-Saanen,BE,,1,2021,16588,,50,,,https://www.besondere-lage.sites.be.ch/de/start/news/fallzahlen.html
248,Obersimmental-Saanen,BE,,2,2021,16588,,48,,,https://www.besondere-lage.sites.be.ch/de/start/news/fallzahlen.html
248,Obersimmental-Saanen,BE,,3,2021,16588,,37,,,https://www.besondere-lage.sites.be.ch/de/start/news/fallzahlen.html
248,Obersimmental-Saanen,BE,,4,2021,16588,,29,,,https://www.besondere-lage.sites.be.ch/de/start/news/fallzahlen.html
248,Obersimmental-Saanen,BE,,5,2021,16588,,14,,,https://www.besondere-lage.sites.be.ch/de/start/news/fallzahlen.html
248,Obersimmental-Saanen,BE,,6,2021,16588,,8,,,https://www.besondere-lage.sites.be.ch/de/start/news/fallzahlen.html
248,Obersimmental-Saanen,BE,,7,2021,16588,,12,,,https://www.besondere-lage.sites.be.ch/de/start/news/fallzahlen.html
248,Obersimmental-Saanen,BE,,8,2021,16588,,7,,,https://www.besondere-lage.sites.be.ch/de/start/news/fallzahlen.html
248,Obersimmental-Saanen,BE,,9,2021,16588,,4,,,https://www.besondere-lage.sites.be.ch/de/start/news/fallzahlen.html
248,Obersimmental-Saanen,BE,,10,2021,16588,,10,,,https://www.besondere-lage.sites.be.ch/de/start/news/fallzahlen.html
248,Obersimmental-Saanen,BE,,11,2021,16588,,9,,,https://www.besondere-lage.sites.be.ch/de/start/news/fallzahlen.html
248,Obersimmental-Saanen,BE,,12,2021,16588,,31,,,https://www.besondere-lage.sites.be.ch/de/start/news/fallzahlen.html
248,Obersimmental-Saanen,BE,,13,2021,16588,,14,,,https://www.besondere-lage.sites.be.ch/de/start/news/fallzahlen.html
248,Obersimmental-Saanen,BE,,14,2021,16588,,28,,,https://www.besondere-lage.sites.be.ch/de/start/news/fallzahlen.html
248,Obersimmental-Saanen,BE,,15,2021,16588,,27,,,https://www.besondere-lage.sites.be.ch/de/start/news/fallzahlen.html
248,Obersimmental-Saanen,BE,,16,2021,16588,,15,,,https://www.besondere-lage.sites.be.ch/de/start/news/fallzahlen.html
248,Obersimmental-Saanen,BE,,17,2021,16588,,7,,,https://www.besondere-lage.sites.be.ch/de/start/news/fallzahlen.html
248,Obersimmental-Saanen,BE,,18,2021,16588,,7,,,https://www.besondere-lage.sites.be.ch/de/start/news/fallzahlen.html
248,Obersimmental-Saanen,BE,,19,2021,16588,,7,,,https://www.besondere-lage.sites.be.ch/de/start/news/fallzahlen.html
248,Obersimmental-Saanen,BE,,20,2021,16588,,5,,,https://www.besondere-lage.sites.be.ch/de/start/news/fallzahlen.html
248,Obersimmental-Saanen,BE,,21,2021,16588,,10,,,https://www.besondere-lage.sites.be.ch/de/start/news/fallzahlen.html
248,Obersimmental-Saanen,BE,,23,2021,16588,,6,,,https://covid-kennzahlen.apps.be.ch/#/de/cockpit
248,Obersimmental-Saanen,BE,,24,2021,16588,,0,,,https://covid-kennzahlen.apps.be.ch/#/de/cockpit
248,Obersimmental-Saanen,BE,,25,2021,16588,,0,,,https://covid-kennzahlen.apps.be.ch/#/de/cockpit
248,Obersimmental-Saanen,BE,,26,2021,16588,,1,,,https://covid-kennzahlen.apps.be.ch/#/de/cockpit
248,Obersimmental-Saanen,BE,,27,2021,16588,,3,,,https://covid-kennzahlen.apps.be.ch/#/de/cockpit
248,Obersimmental-Saanen,BE,,28,2021,16588,,3,,,https://covid-kennzahlen.apps.be.ch/#/de/cockpit
248,Obersimmental-Saanen,BE,,29,2021,16588,,4,,,https://covid-kennzahlen.apps.be.ch/#/de/cockpit
248,Obersimmental-Saanen,BE,,30,2021,16588,,6,,,https://covid-kennzahlen.apps.be.ch/#/de/cockpit
248,Obersimmental-Saanen,BE,,31,2021,16588,,7,,,https://covid-kennzahlen.apps.be.ch/#/de/cockpit
248,Obersimmental-Saanen,BE,,32,2021,16588,,19,,,https://covid-kennzahlen.apps.be.ch/#/de/cockpit
248,Obersimmental-Saanen,BE,,33,2021,16588,,23,,,https://covid-kennzahlen.apps.be.ch/#/de/cockpit
248,Obersimmental-Saanen,BE,,34,2021,16588,,41,,,https://covid-kennzahlen.apps.be.ch/#/de/cockpit
248,Obersimmental-Saanen,BE,,35,2021,16588,,34,,,https://covid-kennzahlen.apps.be.ch/#/de/cockpit
248,Obersimmental-Saanen,BE,,36,2021,16588,,27,,,https://covid-kennzahlen.apps.be.ch/#/de/cockpit
248,Obersimmental-Saanen,BE,,37,2021,16588,,30,,,https://covid-kennzahlen.apps.be.ch/#/de/cockpit
248,Obersimmental-Saanen,BE,,38,2021,16588,,15,,,https://covid-kennzahlen.apps.be.ch/#/de/cockpit
248,Obersimmental-Saanen,BE,,39,2021,16588,,5,,,https://covid-kennzahlen.apps.be.ch/#/de/cockpit
248,Obersimmental-Saanen,BE,,40,2021,16588,,11,,,https://covid-kennzahlen.apps.be.ch/#/de/cockpit
248,Obersimmental-Saanen,BE,,41,2021,16588,,3,,,https://covid-kennzahlen.apps.be.ch/#/de/cockpit
248,Obersimmental-Saanen,BE,,42,2021,16588,,19,,,https://covid-kennzahlen.apps.be.ch/#/de/cockpit
248,Obersimmental-Saanen,BE,,43,2021,16588,,61,,,https://covid-kennzahlen.apps.be.ch/#/de/cockpit
248,Obersimmental-Saanen,BE,,44,2021,16588,,105,,,https://covid-kennzahlen.apps.be.ch/#/de/cockpit
248,Obersimmental-Saanen,BE,,45,2021,16588,,97,,,https://covid-kennzahlen.apps.be.ch/#/de/cockpit
248,Obersimmental-Saanen,BE,,46,2021,16588,,97,,,https://covid-kennzahlen.apps.be.ch/#/de/cockpit
248,Obersimmental-Saanen,BE,,47,2021,16588,,120,,,https://covid-kennzahlen.apps.be.ch/#/de/cockpit
248,Obersimmental-Saanen,BE,,48,2021,16588,,138,,,https://covid-kennzahlen.apps.be.ch/#/de/cockpit
248,Obersimmental-Saanen,BE,,49,2021,16588,,130,,,https://covid-kennzahlen.apps.be.ch/#/de/cockpit
248,Obersimmental-Saanen,BE,,50,2021,16588,,109,,,https://covid-kennzahlen.apps.be.ch/#/de/cockpit
248,Obersimmental-Saanen,BE,,51,2021,16588,,141,,,https://covid-kennzahlen.apps.be.ch/#/de/cockpit
248,Obersimmental-Saanen,BE,,52,2021,16588,,191,,,https://covid-kennzahlen.apps.be.ch/#/de/cockpit
248,Obersimmental-Saanen,BE,,1,2022,16588,,579,,,https://covid-kennzahlen.apps.be.ch/#/de/cockpit
248,Obersimmental-Saanen,BE,,2,2022,16588,,724,,,https://covid-kennzahlen.apps.be.ch/#/de/cockpit
248,Obersimmental-Saanen,BE,,3,2022,16588,,480,,,https://covid-kennzahlen.apps.be.ch/#/de/cockpit
248,Obersimmental-Saanen,BE,,4,2022,16588,,306,,,https://covid-kennzahlen.apps.be.ch/#/de/cockpit
248,Obersimmental-Saanen,BE,,52,2022,16588,,289,,,https://covid-kennzahlen.apps.be.ch/#/de/cockpit
248,Obersimmental-Saanen,BE,2020-09-29,,,16588,,1,,,https://www.besondere-lage.sites.be.ch/besondere-lage_sites/de/index/corona/index.html
248,Obersimmental-Saanen,BE,2020-09-30,,,16588,,0,,,https://www.besondere-lage.sites.be.ch/besondere-lage_sites/de/index/corona/index.html
248,Obersimmental-Saanen,BE,2020-10-01,,,16588,,2,,,https://www.besondere-lage.sites.be.ch/besondere-lage_sites/de/index/corona/index.html
248,Obersimmental-Saanen,BE,2020-10-02,,,16588,,2,,,https://www.besondere-lage.sites.be.ch/besondere-lage_sites/de/index/corona/index.html
248,Obersimmental-Saanen,BE,2020-10-03,,,16588,,0,,,https://www.besondere-lage.sites.be.ch/besondere-lage_sites/de/index/corona/index.html
248,Obersimmental-Saanen,BE,2020-10-04,,,16588,,0,,,https://www.besondere-lage.sites.be.ch/besondere-lage_sites/de/index/corona/index.html
248,Obersimmental-Saanen,BE,2020-10-05,,,16588,,0,,,https://www.besondere-lage.sites.be.ch/besondere-lage_sites/de/index/corona/index.html
248,Obersimmental-Saanen,BE,2020-10-06,,,16588,,7,,,https://www.besondere-lage.sites.be.ch/besondere-lage_sites/de/index/corona/index.html
248,Obersimmental-Saanen,BE,2020-10-07,,,16588,,1,,,https://www.besondere-lage.sites.be.ch/besondere-lage_sites/de/index/corona/index.html
248,Obersimmental-Saanen,BE,2020-10-08,,,16588,,0,,,https://www.besondere-lage.sites.be.ch/besondere-lage_sites/de/index/corona/index.html
248,Obersimmental-Saanen,BE,2020-10-09,,,16588,,2,,,https://www.besondere-lage.sites.be.ch/besondere-lage_sites/de/index/corona/index.html
248,Obersimmental-Saanen,BE,2020-10-10,,,16588,,3,,,https://www.besondere-lage.sites.be.ch/besondere-lage_sites/de/index/corona/index.html
248,Obersimmental-Saanen,BE,2020-10-11,,,16588,,4,,,https://www.besondere-lage.sites.be.ch/besondere-lage_sites/de/index/corona/index.html
248,Obersimmental-Saanen,BE,2020-10-12,,,16588,,3,,,https://www.besondere-lage.sites.be.ch/besondere-lage_sites/de/index/corona/index.html
248,Obersimmental-Saanen,BE,2020-10-13,,,16588,,1,,,https://www.besondere-lage.sites.be.ch/besondere-lage_sites/de/index/corona/index.html
249,Frutigen-Niedersimmental,BE,,46,2020,40375,,83,,,https://www.besondere-lage.sites.be.ch/besondere-lage_sites/de/index/corona/index.html
249,Frutigen-Niedersimmental,BE,,47,2020,40375,,76,,,https://www.besondere-lage.sites.be.ch/besondere-lage_sites/de/index/corona/index.html
249,Frutigen-Niedersimmental,BE,,48,2020,40375,,89,,,https://www.besondere-lage.sites.be.ch/besondere-lage_sites/de/index/corona/index.html
249,Frutigen-Niedersimmental,BE,,49,2020,40375,,94,,,https://www.besondere-lage.sites.be.ch/besondere-lage_sites/de/index/corona/index.html
249,Frutigen-Niedersimmental,BE,,50,2020,40375,,127,,,https://www.besondere-lage.sites.be.ch/besondere-lage_sites/de/index/corona/index.html
249,Frutigen-Niedersimmental,BE,,51,2020,40375,,114,,,https://www.besondere-lage.sites.be.ch/besondere-lage_sites/de/index/corona/index.html
249,Frutigen-Niedersimmental,BE,,52,2020,40375,,123,,,https://www.besondere-lage.sites.be.ch/besondere-lage_sites/de/index/corona/index.html
249,Frutigen-Niedersimmental,BE,,53,2020,40375,,118,,,https://www.besondere-lage.sites.be.ch/de/start/news/fallzahlen.html
249,Frutigen-Niedersimmental,BE,,1,2021,40375,,116,,,https://www.besondere-lage.sites.be.ch/de/start/news/fallzahlen.html
249,Frutigen-Niedersimmental,BE,,2,2021,40375,,57,,,https://www.besondere-lage.sites.be.ch/de/start/news/fallzahlen.html
249,Frutigen-Niedersimmental,BE,,3,2021,40375,,38,,,https://www.besondere-lage.sites.be.ch/de/start/news/fallzahlen.html
249,Frutigen-Niedersimmental,BE,,4,2021,40375,,24,,,https://www.besondere-lage.sites.be.ch/de/start/news/fallzahlen.html
249,Frutigen-Niedersimmental,BE,,5,2021,40375,,34,,,https://www.besondere-lage.sites.be.ch/de/start/news/fallzahlen.html
249,Frutigen-Niedersimmental,BE,,6,2021,40375,,20,,,https://www.besondere-lage.sites.be.ch/de/start/news/fallzahlen.html
249,Frutigen-Niedersimmental,BE,,7,2021,40375,,16,,,https://www.besondere-lage.sites.be.ch/de/start/news/fallzahlen.html
249,Frutigen-Niedersimmental,BE,,8,2021,40375,,18,,,https://www.besondere-lage.sites.be.ch/de/start/news/fallzahlen.html
249,Frutigen-Niedersimmental,BE,,9,2021,40375,,13,,,https://www.besondere-lage.sites.be.ch/de/start/news/fallzahlen.html
249,Frutigen-Niedersimmental,BE,,10,2021,40375,,22,,,https://www.besondere-lage.sites.be.ch/de/start/news/fallzahlen.html
249,Frutigen-Niedersimmental,BE,,11,2021,40375,,50,,,https://www.besondere-lage.sites.be.ch/de/start/news/fallzahlen.html
249,Frutigen-Niedersimmental,BE,,12,2021,40375,,29,,,https://www.besondere-lage.sites.be.ch/de/start/news/fallzahlen.html
249,Frutigen-Niedersimmental,BE,,13,2021,40375,,15,,,https://www.besondere-lage.sites.be.ch/de/start/news/fallzahlen.html
249,Frutigen-Niedersimmental,BE,,14,2021,40375,,37,,,https://www.besondere-lage.sites.be.ch/de/start/news/fallzahlen.html
249,Frutigen-Niedersimmental,BE,,15,2021,40375,,55,,,https://www.besondere-lage.sites.be.ch/de/start/news/fallzahlen.html
249,Frutigen-Niedersimmental,BE,,16,2021,40375,,48,,,https://www.besondere-lage.sites.be.ch/de/start/news/fallzahlen.html
249,Frutigen-Niedersimmental,BE,,17,2021,40375,,46,,,https://www.besondere-lage.sites.be.ch/de/start/news/fallzahlen.html
249,Frutigen-Niedersimmental,BE,,18,2021,40375,,29,,,https://www.besondere-lage.sites.be.ch/de/start/news/fallzahlen.html
249,Frutigen-Niedersimmental,BE,,19,2021,40375,,23,,,https://www.besondere-lage.sites.be.ch/de/start/news/fallzahlen.html
249,Frutigen-Niedersimmental,BE,,20,2021,40375,,29,,,https://www.besondere-lage.sites.be.ch/de/start/news/fallzahlen.html
249,Frutigen-Niedersimmental,BE,,21,2021,40375,,45,,,https://www.besondere-lage.sites.be.ch/de/start/news/fallzahlen.html
249,Frutigen-Niedersimmental,BE,,23,2021,40375,,6,,,https://covid-kennzahlen.apps.be.ch/#/de/cockpit
249,Frutigen-Niedersimmental,BE,,24,2021,40375,,1,,,https://covid-kennzahlen.apps.be.ch/#/de/cockpit
249,Frutigen-Niedersimmental,BE,,25,2021,40375,,2,,,https://covid-kennzahlen.apps.be.ch/#/de/cockpit
249,Frutigen-Niedersimmental,BE,,26,2021,40375,,0,,,https://covid-kennzahlen.apps.be.ch/#/de/cockpit
249,Frutigen-Niedersimmental,BE,,27,2021,40375,,3,,,https://covid-kennzahlen.apps.be.ch/#/de/cockpit
249,Frutigen-Niedersimmental,BE,,28,2021,40375,,9,,,https://covid-kennzahlen.apps.be.ch/#/de/cockpit
249,Frutigen-Niedersimmental,BE,,29,2021,40375,,8,,,https://covid-kennzahlen.apps.be.ch/#/de/cockpit
249,Frutigen-Niedersimmental,BE,,30,2021,40375,,7,,,https://covid-kennzahlen.apps.be.ch/#/de/cockpit
249,Frutigen-Niedersimmental,BE,,31,2021,40375,,22,,,https://covid-kennzahlen.apps.be.ch/#/de/cockpit
249,Frutigen-Niedersimmental,BE,,32,2021,40375,,40,,,https://covid-kennzahlen.apps.be.ch/#/de/cockpit
249,Frutigen-Niedersimmental,BE,,33,2021,40375,,37,,,https://covid-kennzahlen.apps.be.ch/#/de/cockpit
249,Frutigen-Niedersimmental,BE,,34,2021,40375,,63,,,https://covid-kennzahlen.apps.be.ch/#/de/cockpit
249,Frutigen-Niedersimmental,BE,,35,2021,40375,,51,,,https://covid-kennzahlen.apps.be.ch/#/de/cockpit
249,Frutigen-Niedersimmental,BE,,36,2021,40375,,82,,,https://covid-kennzahlen.apps.be.ch/#/de/cockpit
249,Frutigen-Niedersimmental,BE,,37,2021,40375,,74,,,https://covid-kennzahlen.apps.be.ch/#/de/cockpit
249,Frutigen-Niedersimmental,BE,,38,2021,40375,,54,,,https://covid-kennzahlen.apps.be.ch/#/de/cockpit
249,Frutigen-Niedersimmental,BE,,39,2021,40375,,42,,,https://covid-kennzahlen.apps.be.ch/#/de/cockpit
249,Frutigen-Niedersimmental,BE,,40,2021,40375,,31,,,https://covid-kennzahlen.apps.be.ch/#/de/cockpit
249,Frutigen-Niedersimmental,BE,,41,2021,40375,,17,,,https://covid-kennzahlen.apps.be.ch/#/de/cockpit
249,Frutigen-Niedersimmental,BE,,42,2021,40375,,37,,,https://covid-kennzahlen.apps.be.ch/#/de/cockpit
249,Frutigen-Niedersimmental,BE,,43,2021,40375,,74,,,https://covid-kennzahlen.apps.be.ch/#/de/cockpit
249,Frutigen-Niedersimmental,BE,,44,2021,40375,,131,,,https://covid-kennzahlen.apps.be.ch/#/de/cockpit
249,Frutigen-Niedersimmental,BE,,45,2021,40375,,161,,,https://covid-kennzahlen.apps.be.ch/#/de/cockpit
249,Frutigen-Niedersimmental,BE,,46,2021,40375,,216,,,https://covid-kennzahlen.apps.be.ch/#/de/cockpit
249,Frutigen-Niedersimmental,BE,,47,2021,40375,,397,,,https://covid-kennzahlen.apps.be.ch/#/de/cockpit
249,Frutigen-Niedersimmental,BE,,48,2021,40375,,488,,,https://covid-kennzahlen.apps.be.ch/#/de/cockpit
249,Frutigen-Niedersimmental,BE,,49,2021,40375,,508,,,https://covid-kennzahlen.apps.be.ch/#/de/cockpit
249,Frutigen-Niedersimmental,BE,,50,2021,40375,,337,,,https://covid-kennzahlen.apps.be.ch/#/de/cockpit
249,Frutigen-Niedersimmental,BE,,51,2021,40375,,299,,,https://covid-kennzahlen.apps.be.ch/#/de/cockpit
249,Frutigen-Niedersimmental,BE,,52,2021,40375,,331,,,https://covid-kennzahlen.apps.be.ch/#/de/cockpit
249,Frutigen-Niedersimmental,BE,,1,2022,40375,,578,,,https://covid-kennzahlen.apps.be.ch/#/de/cockpit
249,Frutigen-Niedersimmental,BE,,2,2022,40375,,712,,,https://covid-kennzahlen.apps.be.ch/#/de/cockpit
249,Frutigen-Niedersimmental,BE,,3,2022,40375,,921,,,https://covid-kennzahlen.apps.be.ch/#/de/cockpit
249,Frutigen-Niedersimmental,BE,,4,2022,40375,,1185,,,https://covid-kennzahlen.apps.be.ch/#/de/cockpit
249,Frutigen-Niedersimmental,BE,,52,2022,40375,,394,,,https://covid-kennzahlen.apps.be.ch/#/de/cockpit
249,Frutigen-Niedersimmental,BE,2020-09-29,,,40375,,2,,,https://www.besondere-lage.sites.be.ch/besondere-lage_sites/de/index/corona/index.html
249,Frutigen-Niedersimmental,BE,2020-09-30,,,40375,,0,,,https://www.besondere-lage.sites.be.ch/besondere-lage_sites/de/index/corona/index.html
249,Frutigen-Niedersimmental,BE,2020-10-01,,,40375,,8,,,https://www.besondere-lage.sites.be.ch/besondere-lage_sites/de/index/corona/index.html
249,Frutigen-Niedersimmental,BE,2020-10-02,,,40375,,1,,,https://www.besondere-lage.sites.be.ch/besondere-lage_sites/de/index/corona/index.html
249,Frutigen-Niedersimmental,BE,2020-10-03,,,40375,,1,,,https://www.besondere-lage.sites.be.ch/besondere-lage_sites/de/index/corona/index.html
249,Frutigen-Niedersimmental,BE,2020-10-04,,,40375,,0,,,https://www.besondere-lage.sites.be.ch/besondere-lage_sites/de/index/corona/index.html
249,Frutigen-Niedersimmental,BE,2020-10-05,,,40375,,0,,,https://www.besondere-lage.sites.be.ch/besondere-lage_sites/de/index/corona/index.html
249,Frutigen-Niedersimmental,BE,2020-10-06,,,40375,,0,,,https://www.besondere-lage.sites.be.ch/besondere-lage_sites/de/index/corona/index.html
249,Frutigen-Niedersimmental,BE,2020-10-07,,,40375,,3,,,https://www.besondere-lage.sites.be.ch/besondere-lage_sites/de/index/corona/index.html
249,Frutigen-Niedersimmental,BE,2020-10-08,,,40375,,2,,,https://www.besondere-lage.sites.be.ch/besondere-lage_sites/de/index/corona/index.html
249,Frutigen-Niedersimmental,BE,2020-10-09,,,40375,,3,,,https://www.besondere-lage.sites.be.ch/besondere-lage_sites/de/index/corona/index.html
249,Frutigen-Niedersimmental,BE,2020-10-10,,,40375,,4,,,https://www.besondere-lage.sites.be.ch/besondere-lage_sites/de/index/corona/index.html
249,Frutigen-Niedersimmental,BE,2020-10-11,,,40375,,3,,,https://www.besondere-lage.sites.be.ch/besondere-lage_sites/de/index/corona/index.html
249,Frutigen-Niedersimmental,BE,2020-10-12,,,40375,,0,,,https://www.besondere-lage.sites.be.ch/besondere-lage_sites/de/index/corona/index.html
249,Frutigen-Niedersimmental,BE,2020-10-13,,,40375,,4,,,https://www.besondere-lage.sites.be.ch/besondere-lage_sites/de/index/corona/index.html
250,Interlaken-Oberhasli,BE,,46,2020,47387,,84,,,https://www.besondere-lage.sites.be.ch/besondere-lage_sites/de/index/corona/index.html
250,Interlaken-Oberhasli,BE,,47,2020,47387,,92,,,https://www.besondere-lage.sites.be.ch/besondere-lage_sites/de/index/corona/index.html
250,Interlaken-Oberhasli,BE,,48,2020,47387,,163,,,https://www.besondere-lage.sites.be.ch/besondere-lage_sites/de/index/corona/index.html
250,Interlaken-Oberhasli,BE,,49,2020,47387,,236,,,https://www.besondere-lage.sites.be.ch/besondere-lage_sites/de/index/corona/index.html
250,Interlaken-Oberhasli,BE,,50,2020,47387,,230,,,https://www.besondere-lage.sites.be.ch/besondere-lage_sites/de/index/corona/index.html
250,Interlaken-Oberhasli,BE,,51,2020,47387,,232,,,https://www.besondere-lage.sites.be.ch/besondere-lage_sites/de/index/corona/index.html
250,Interlaken-Oberhasli,BE,,52,2020,47387,,131,,,https://www.besondere-lage.sites.be.ch/besondere-lage_sites/de/index/corona/index.html
250,Interlaken-Oberhasli,BE,,53,2020,47387,,66,,,https://www.besondere-lage.sites.be.ch/de/start/news/fallzahlen.html
250,Interlaken-Oberhasli,BE,,1,2021,47387,,158,,,https://www.besondere-lage.sites.be.ch/de/start/news/fallzahlen.html
250,Interlaken-Oberhasli,BE,,2,2021,47387,,115,,,https://www.besondere-lage.sites.be.ch/de/start/news/fallzahlen.html
250,Interlaken-Oberhasli,BE,,3,2021,47387,,52,,,https://www.besondere-lage.sites.be.ch/de/start/news/fallzahlen.html
250,Interlaken-Oberhasli,BE,,4,2021,47387,,34,,,https://www.besondere-lage.sites.be.ch/de/start/news/fallzahlen.html
250,Interlaken-Oberhasli,BE,,5,2021,47387,,13,,,https://www.besondere-lage.sites.be.ch/de/start/news/fallzahlen.html
250,Interlaken-Oberhasli,BE,,6,2021,47387,,19,,,https://www.besondere-lage.sites.be.ch/de/start/news/fallzahlen.html
250,Interlaken-Oberhasli,BE,,7,2021,47387,,59,,,https://www.besondere-lage.sites.be.ch/de/start/news/fallzahlen.html
250,Interlaken-Oberhasli,BE,,8,2021,47387,,26,,,https://www.besondere-lage.sites.be.ch/de/start/news/fallzahlen.html
250,Interlaken-Oberhasli,BE,,9,2021,47387,,14,,,https://www.besondere-lage.sites.be.ch/de/start/news/fallzahlen.html
250,Interlaken-Oberhasli,BE,,10,2021,47387,,11,,,https://www.besondere-lage.sites.be.ch/de/start/news/fallzahlen.html
250,Interlaken-Oberhasli,BE,,11,2021,47387,,19,,,https://www.besondere-lage.sites.be.ch/de/start/news/fallzahlen.html
250,Interlaken-Oberhasli,BE,,12,2021,47387,,53,,,https://www.besondere-lage.sites.be.ch/de/start/news/fallzahlen.html
250,Interlaken-Oberhasli,BE,,13,2021,47387,,63,,,https://www.besondere-lage.sites.be.ch/de/start/news/fallzahlen.html
250,Interlaken-Oberhasli,BE,,14,2021,47387,,78,,,https://www.besondere-lage.sites.be.ch/de/start/news/fallzahlen.html
250,Interlaken-Oberhasli,BE,,15,2021,47387,,67,,,https://www.besondere-lage.sites.be.ch/de/start/news/fallzahlen.html
250,Interlaken-Oberhasli,BE,,16,2021,47387,,47,,,https://www.besondere-lage.sites.be.ch/de/start/news/fallzahlen.html
250,Interlaken-Oberhasli,BE,,17,2021,47387,,47,,,https://www.besondere-lage.sites.be.ch/de/start/news/fallzahlen.html
250,Interlaken-Oberhasli,BE,,18,2021,47387,,45,,,https://www.besondere-lage.sites.be.ch/de/start/news/fallzahlen.html
250,Interlaken-Oberhasli,BE,,19,2021,47387,,40,,,https://www.besondere-lage.sites.be.ch/de/start/news/fallzahlen.html
250,Interlaken-Oberhasli,BE,,20,2021,47387,,64,,,https://www.besondere-lage.sites.be.ch/de/start/news/fallzahlen.html
250,Interlaken-Oberhasli,BE,,21,2021,47387,,25,,,https://www.besondere-lage.sites.be.ch/de/start/news/fallzahlen.html
250,Interlaken-Oberhasli,BE,,23,2021,47387,,7,,,https://covid-kennzahlen.apps.be.ch/#/de/cockpit
250,Interlaken-Oberhasli,BE,,24,2021,47387,,3,,,https://covid-kennzahlen.apps.be.ch/#/de/cockpit
250,Interlaken-Oberhasli,BE,,25,2021,47387,,1,,,https://covid-kennzahlen.apps.be.ch/#/de/cockpit
250,Interlaken-Oberhasli,BE,,26,2021,47387,,1,,,https://covid-kennzahlen.apps.be.ch/#/de/cockpit
250,Interlaken-Oberhasli,BE,,27,2021,47387,,3,,,https://covid-kennzahlen.apps.be.ch/#/de/cockpit
250,Interlaken-Oberhasli,BE,,28,2021,47387,,1,,,https://covid-kennzahlen.apps.be.ch/#/de/cockpit
250,Interlaken-Oberhasli,BE,,29,2021,47387,,5,,,https://covid-kennzahlen.apps.be.ch/#/de/cockpit
250,Interlaken-Oberhasli,BE,,30,2021,47387,,14,,,https://covid-kennzahlen.apps.be.ch/#/de/cockpit
250,Interlaken-Oberhasli,BE,,31,2021,47387,,22,,,https://covid-kennzahlen.apps.be.ch/#/de/cockpit
250,Interlaken-Oberhasli,BE,,32,2021,47387,,44,,,https://covid-kennzahlen.apps.be.ch/#/de/cockpit
250,Interlaken-Oberhasli,BE,,33,2021,47387,,77,,,https://covid-kennzahlen.apps.be.ch/#/de/cockpit
250,Interlaken-Oberhasli,BE,,34,2021,47387,,86,,,https://covid-kennzahlen.apps.be.ch/#/de/cockpit
250,Interlaken-Oberhasli,BE,,35,2021,47387,,66,,,https://covid-kennzahlen.apps.be.ch/#/de/cockpit
250,Interlaken-Oberhasli,BE,,36,2021,47387,,62,,,https://covid-kennzahlen.apps.be.ch/#/de/cockpit
250,Interlaken-Oberhasli,BE,,37,2021,47387,,68,,,https://covid-kennzahlen.apps.be.ch/#/de/cockpit
250,Interlaken-Oberhasli,BE,,38,2021,47387,,51,,,https://covid-kennzahlen.apps.be.ch/#/de/cockpit
250,Interlaken-Oberhasli,BE,,39,2021,47387,,36,,,https://covid-kennzahlen.apps.be.ch/#/de/cockpit
250,Interlaken-Oberhasli,BE,,40,2021,47387,,17,,,https://covid-kennzahlen.apps.be.ch/#/de/cockpit
250,Interlaken-Oberhasli,BE,,41,2021,47387,,21,,,https://covid-kennzahlen.apps.be.ch/#/de/cockpit
250,Interlaken-Oberhasli,BE,,42,2021,47387,,44,,,https://covid-kennzahlen.apps.be.ch/#/de/cockpit
250,Interlaken-Oberhasli,BE,,43,2021,47387,,48,,,https://covid-kennzahlen.apps.be.ch/#/de/cockpit
250,Interlaken-Oberhasli,BE,,44,2021,47387,,75,,,https://covid-kennzahlen.apps.be.ch/#/de/cockpit
250,Interlaken-Oberhasli,BE,,45,2021,47387,,158,,,https://covid-kennzahlen.apps.be.ch/#/de/cockpit
250,Interlaken-Oberhasli,BE,,46,2021,47387,,162,,,https://covid-kennzahlen.apps.be.ch/#/de/cockpit
250,Interlaken-Oberhasli,BE,,47,2021,47387,,229,,,https://covid-kennzahlen.apps.be.ch/#/de/cockpit
250,Interlaken-Oberhasli,BE,,48,2021,47387,,210,,,https://covid-kennzahlen.apps.be.ch/#/de/cockpit
250,Interlaken-Oberhasli,BE,,49,2021,47387,,211,,,https://covid-kennzahlen.apps.be.ch/#/de/cockpit
250,Interlaken-Oberhasli,BE,,50,2021,47387,,234,,,https://covid-kennzahlen.apps.be.ch/#/de/cockpit
250,Interlaken-Oberhasli,BE,,51,2021,47387,,245,,,https://covid-kennzahlen.apps.be.ch/#/de/cockpit
250,Interlaken-Oberhasli,BE,,52,2021,47387,,294,,,https://covid-kennzahlen.apps.be.ch/#/de/cockpit
250,Interlaken-Oberhasli,BE,,1,2022,47387,,884,,,https://covid-kennzahlen.apps.be.ch/#/de/cockpit
250,Interlaken-Oberhasli,BE,,2,2022,47387,,1021,,,https://covid-kennzahlen.apps.be.ch/#/de/cockpit
250,Interlaken-Oberhasli,BE,,3,2022,47387,,1091,,,https://covid-kennzahlen.apps.be.ch/#/de/cockpit
250,Interlaken-Oberhasli,BE,,4,2022,47387,,1196,,,https://covid-kennzahlen.apps.be.ch/#/de/cockpit
250,Interlaken-Oberhasli,BE,,52,2022,47387,,374,,,https://covid-kennzahlen.apps.be.ch/#/de/cockpit
250,Interlaken-Oberhasli,BE,2020-09-29,,,47387,,0,,,https://www.besondere-lage.sites.be.ch/besondere-lage_sites/de/index/corona/index.html
250,Interlaken-Oberhasli,BE,2020-09-30,,,47387,,0,,,https://www.besondere-lage.sites.be.ch/besondere-lage_sites/de/index/corona/index.html
250,Interlaken-Oberhasli,BE,2020-10-01,,,47387,,0,,,https://www.besondere-lage.sites.be.ch/besondere-lage_sites/de/index/corona/index.html
250,Interlaken-Oberhasli,BE,2020-10-02,,,47387,,0,,,https://www.besondere-lage.sites.be.ch/besondere-lage_sites/de/index/corona/index.html
250,Interlaken-Oberhasli,BE,2020-10-03,,,47387,,0,,,https://www.besondere-lage.sites.be.ch/besondere-lage_sites/de/index/corona/index.html
250,Interlaken-Oberhasli,BE,2020-10-04,,,47387,,3,,,https://www.besondere-lage.sites.be.ch/besondere-lage_sites/de/index/corona/index.html
250,Interlaken-Oberhasli,BE,2020-10-05,,,47387,,0,,,https://www.besondere-lage.sites.be.ch/besondere-lage_sites/de/index/corona/index.html
250,Interlaken-Oberhasli,BE,2020-10-06,,,47387,,1,,,https://www.besondere-lage.sites.be.ch/besondere-lage_sites/de/index/corona/index.html
250,Interlaken-Oberhasli,BE,2020-10-07,,,47387,,1,,,https://www.besondere-lage.sites.be.ch/besondere-lage_sites/de/index/corona/index.html
250,Interlaken-Oberhasli,BE,2020-10-08,,,47387,,2,,,https://www.besondere-lage.sites.be.ch/besondere-lage_sites/de/index/corona/index.html
250,Interlaken-Oberhasli,BE,2020-10-09,,,47387,,0,,,https://www.besondere-lage.sites.be.ch/besondere-lage_sites/de/index/corona/index.html
250,Interlaken-Oberhasli,BE,2020-10-10,,,47387,,3,,,https://www.besondere-lage.sites.be.ch/besondere-lage_sites/de/index/corona/index.html
250,Interlaken-Oberhasli,BE,2020-10-11,,,47387,,3,,,https://www.besondere-lage.sites.be.ch/besondere-lage_sites/de/index/corona/index.html
250,Interlaken-Oberhasli,BE,2020-10-12,,,47387,,0,,,https://www.besondere-lage.sites.be.ch/besondere-lage_sites/de/index/corona/index.html
250,Interlaken-Oberhasli,BE,2020-10-13,,,47387,,6,,,https://www.besondere-lage.sites.be.ch/besondere-lage_sites/de/index/corona/index.html
