date,time,abbreviation_canton_and_fl,ncumul_tested,ncumul_conf,ncumul_hosp,ncumul_ICU,ncumul_vent,ncumul_released,ncumul_deceased,source,current_quarantined_total,ncumul_ICF
2020-01-05,00:00,GE,,4,,,,,0,https://infocovid.smc.unige.ch/,,
2020-01-30,00:00,GE,,5,,,,,0,https://infocovid.smc.unige.ch/,,
2020-02-01,00:00,GE,109,5,,,,,0,https://infocovid.smc.unige.ch/,,
2020-02-02,00:00,GE,115,5,,,,,0,https://infocovid.smc.unige.ch/,,
2020-02-03,00:00,GE,136,5,,,,,0,https://infocovid.smc.unige.ch/,,
2020-02-04,00:00,GE,156,5,,,,,0,https://infocovid.smc.unige.ch/,,
2020-02-05,00:00,GE,169,5,,,,,0,https://infocovid.smc.unige.ch/,,
2020-02-06,00:00,GE,175,5,,,,,0,https://infocovid.smc.unige.ch/,,
2020-02-07,00:00,GE,183,5,,,,,0,https://infocovid.smc.unige.ch/,,
2020-02-08,00:00,GE,192,5,,,,,0,https://infocovid.smc.unige.ch/,,
2020-02-09,00:00,GE,192,5,0,,,,0,https://infocovid.smc.unige.ch/,,
2020-02-10,00:00,GE,204,5,0,,,,0,https://infocovid.smc.unige.ch/,,
2020-02-11,00:00,GE,215,5,0,,,,0,https://infocovid.smc.unige.ch/,,
2020-02-12,00:00,GE,223,5,0,,,,0,https://infocovid.smc.unige.ch/,,
2020-02-13,00:00,GE,234,5,0,,,,0,https://infocovid.smc.unige.ch/,,
2020-02-14,00:00,GE,240,5,0,,,,0,https://infocovid.smc.unige.ch/,,
2020-02-15,00:00,GE,245,5,0,,,,0,https://infocovid.smc.unige.ch/,,
2020-02-16,00:00,GE,246,5,0,,,,0,https://infocovid.smc.unige.ch/,,
2020-02-17,00:00,GE,248,5,0,,,,0,https://infocovid.smc.unige.ch/,,
2020-02-18,00:00,GE,255,5,0,,,,0,https://infocovid.smc.unige.ch/,,
2020-02-19,00:00,GE,263,5,0,,,,0,https://infocovid.smc.unige.ch/,,
2020-02-20,00:00,GE,268,5,0,,,,0,https://infocovid.smc.unige.ch/,,
2020-02-21,00:00,GE,272,5,0,,,,0,https://infocovid.smc.unige.ch/,,
2020-02-22,00:00,GE,273,5,0,,,,0,https://infocovid.smc.unige.ch/,,
2020-02-23,00:00,GE,273,5,0,,,,0,https://infocovid.smc.unige.ch/,,
2020-02-24,00:00,GE,302,5,0,,,,0,https://infocovid.smc.unige.ch/,,
2020-02-25,00:00,GE,375,5,0,0,0,,0,https://infocovid.smc.unige.ch/,,0
2020-02-26,00:00,GE,479,6,0,0,0,,0,https://infocovid.smc.unige.ch/,,0
2020-02-27,00:00,GE,630,7,0,0,0,,0,https://infocovid.smc.unige.ch/,,0
2020-02-28,00:00,GE,840,10,0,0,0,,0,https://infocovid.smc.unige.ch/,,0
2020-02-29,00:00,GE,981,13,0,0,0,,0,https://infocovid.smc.unige.ch/,,0
2020-03-01,00:00,GE,1083,14,0,0,0,,0,https://infocovid.smc.unige.ch/,,0
2020-03-02,00:00,GE,1171,15,0,0,0,,0,https://infocovid.smc.unige.ch/,,0
2020-03-03,00:00,GE,1278,17,0,0,0,,0,https://infocovid.smc.unige.ch/,,0
2020-03-04,00:00,GE,1384,19,0,0,0,,0,https://infocovid.smc.unige.ch/,,0
2020-03-05,00:00,GE,1447,24,0,0,0,,0,https://infocovid.smc.unige.ch/,,0
2020-03-06,00:00,GE,1538,33,0,0,0,,0,https://infocovid.smc.unige.ch/,,0
2020-03-07,00:00,GE,1614,43,0,0,0,,0,https://infocovid.smc.unige.ch/,,0
2020-03-08,00:00,GE,1681,46,0,0,0,,0,https://infocovid.smc.unige.ch/,,0
2020-03-09,00:00,GE,1780,58,0,0,1,,0,https://infocovid.smc.unige.ch/,,0
2020-03-10,00:00,GE,1955,74,0,0,1,,1,https://infocovid.smc.unige.ch/,,0
2020-03-11,00:00,GE,2201,104,0,0,4,,1,https://infocovid.smc.unige.ch/,,0
2020-03-12,00:00,GE,2574,144,0,0,4,,2,https://infocovid.smc.unige.ch/,,0
2020-03-13,00:00,GE,3010,208,0,0,5,,2,https://infocovid.smc.unige.ch/,,0
2020-03-14,00:00,GE,3627,311,0,0,5,,2,https://infocovid.smc.unige.ch/,,0
2020-03-15,00:00,GE,3978,383,0,0,8,,4,https://infocovid.smc.unige.ch/,,0
2020-03-16,00:00,GE,4485,499,0,0,9,,4,https://infocovid.smc.unige.ch/,,0
2020-03-17,00:00,GE,5174,633,0,0,17,,5,https://infocovid.smc.unige.ch/,,0
2020-03-18,00:00,GE,6002,821,0,0,17,,6,https://infocovid.smc.unige.ch/,,0
2020-03-19,00:00,GE,6681,1030,91,18,18,,7,https://infocovid.smc.unige.ch/,,0
2020-03-20,00:00,GE,7205,1184,122,24,21,,10,https://infocovid.smc.unige.ch/,,0
2020-03-21,00:00,GE,7607,1320,135,24,24,,11,https://infocovid.smc.unige.ch/,,0
2020-03-22,00:00,GE,7807,1423,185,35,36,,13,https://infocovid.smc.unige.ch/,,0
2020-03-23,00:00,GE,8213,1572,218,42,41,,17,https://infocovid.smc.unige.ch/,,0
2020-03-24,00:00,GE,8554,1682,230,41,41,103,18,https://infocovid.smc.unige.ch/,,0
2020-03-25,00:00,GE,9000,1824,232,47,48,122,25,https://infocovid.smc.unige.ch/,,0
2020-03-26,00:00,GE,9520,2017,254,50,48,144,28,https://infocovid.smc.unige.ch/,,0
2020-03-27,00:00,GE,9971,2175,285,54,54,153,36,https://infocovid.smc.unige.ch/,,0
2020-03-28,00:00,GE,10533,2360,309,53,54,175,46,https://infocovid.smc.unige.ch/,,0
2020-03-29,00:00,GE,10825,2470,331,54,55,193,56,https://infocovid.smc.unige.ch/,,0
2020-03-30,00:00,GE,11444,2670,359,58,54,216,65,https://infocovid.smc.unige.ch/,,0
2020-03-31,00:00,GE,12210,2901,367,55,49,241,75,https://infocovid.smc.unige.ch/,,0
2020-04-01,00:00,GE,12863,3070,381,57,58,260,84,https://infocovid.smc.unige.ch/,,0
2020-04-02,00:00,GE,13919,3345,399,55,54,283,92,https://infocovid.smc.unige.ch/,,0
2020-04-03,00:00,GE,14733,3540,390,58,58,284,98,https://infocovid.smc.unige.ch/,,0
2020-04-04,00:00,GE,15284,3666,392,52,51,305,113,https://infocovid.smc.unige.ch/,,0
2020-04-05,00:00,GE,15591,3748,392,50,50,327,120,https://infocovid.smc.unige.ch/,,0
2020-04-06,00:00,GE,16191,3863,389,50,50,345,133,https://infocovid.smc.unige.ch/,,0
2020-04-07,00:00,GE,17015,4026,385,48,48,374,143,https://infocovid.smc.unige.ch/,,0
2020-04-08,00:00,GE,17765,4150,374,47,47,442,156,https://infocovid.smc.unige.ch/,,0
2020-04-09,00:00,GE,18317,4243,358,44,45,,166,https://infocovid.smc.unige.ch/,,0
2020-04-10,00:00,GE,18710,4291,348,47,47,448,176,https://infocovid.smc.unige.ch/,,0
2020-04-11,00:00,GE,19042,4334,342,47,44,463,185,https://infocovid.smc.unige.ch/,,0
2020-04-12,00:00,GE,19203,4357,337,43,43,479,194,https://infocovid.smc.unige.ch/,,0
2020-04-13,00:00,GE,19470,4401,342,42,42,490,198,https://infocovid.smc.unige.ch/,,0
2020-04-14,00:00,GE,20004,4459,336,42,41,490,203,https://infocovid.smc.unige.ch/,,0
2020-04-15,00:00,GE,20417,4513,323,37,37,502,210,https://infocovid.smc.unige.ch/,,0
2020-04-16,00:00,GE,21024,4574,308,34,33,520,217,https://infocovid.smc.unige.ch/,,0
2020-04-17,00:00,GE,21407,4619,303,34,33,532,224,https://infocovid.smc.unige.ch/,,0
2020-04-18,00:00,GE,21794,4659,292,33,33,553,228,https://infocovid.smc.unige.ch/,,0
2020-04-19,00:00,GE,21941,4670,295,33,33,558,232,https://infocovid.smc.unige.ch/,,0
2020-04-20,00:00,GE,22272,4697,293,29,29,561,236,https://infocovid.smc.unige.ch/,,0
2020-04-21,00:00,GE,22742,4727,275,26,29,581,242,https://infocovid.smc.unige.ch/,,0
2020-04-22,00:00,GE,23152,4754,266,26,27,589,251,https://infocovid.smc.unige.ch/,,0
2020-04-23,00:00,GE,23589,4788,265,29,27,592,254,https://infocovid.smc.unige.ch/,,0
2020-04-24,00:00,GE,23919,4806,246,25,25,600,261,https://infocovid.smc.unige.ch/,,0
2020-04-25,00:00,GE,24257,4822,253,26,26,609,263,https://infocovid.smc.unige.ch/,,0
2020-04-26,00:00,GE,24424,4827,251,24,24,610,264,https://infocovid.smc.unige.ch/,,0
2020-04-27,00:00,GE,24830,4843,113,23,24,610,266,https://infocovid.smc.unige.ch/,,7
2020-04-28,00:00,GE,25331,4862,97,20,21,617,268,https://infocovid.smc.unige.ch/,,7
2020-04-29,00:00,GE,25736,4877,80,20,19,634,270,https://infocovid.smc.unige.ch/,,6
2020-04-30,00:00,GE,26004,4882,76,18,18,640,272,https://infocovid.smc.unige.ch/,,5
2020-05-01,00:00,GE,26421,4899,72,17,17,658,277,https://infocovid.smc.unige.ch/,,5
2020-05-02,00:00,GE,26678,4905,69,16,17,660,280,https://infocovid.smc.unige.ch/,,5
2020-05-03,00:00,GE,26822,4910,73,16,16,660,280,https://infocovid.smc.unige.ch/,,5
2020-05-04,00:00,GE,27165,4916,68,16,16,661,282,https://infocovid.smc.unige.ch/,,3
2020-05-05,00:00,GE,27691,4922,56,15,16,664,283,https://infocovid.smc.unige.ch/,,2
2020-05-06,00:00,GE,28100,4928,47,14,15,671,284,https://infocovid.smc.unige.ch/,,3
2020-05-07,00:00,GE,28415,4933,37,13,13,686,289,https://infocovid.smc.unige.ch/,,3
2020-05-08,00:00,GE,28728,4938,31,9,9,694,289,https://infocovid.smc.unige.ch/,,4
2020-05-09,00:00,GE,29033,4946,31,7,7,700,290,https://infocovid.smc.unige.ch/,,3
2020-05-10,00:00,GE,29205,4946,34,7,7,707,292,https://infocovid.smc.unige.ch/,,4
2020-05-11,00:00,GE,29569,4951,30,6,6,709,292,https://infocovid.smc.unige.ch/,,3
2020-05-12,00:00,GE,30070,4958,25,5,5,711,293,https://infocovid.smc.unige.ch/,,4
2020-05-13,00:00,GE,30511,4962,20,5,6,722,294,https://infocovid.smc.unige.ch/,,2
2020-05-14,00:00,GE,30921,4967,21,6,6,734,294,https://infocovid.smc.unige.ch/,,1
2020-05-15,00:00,GE,31403,4972,21,7,6,736,294,https://infocovid.smc.unige.ch/,,1
2020-05-16,00:00,GE,31672,4974,19,5,5,737,294,https://infocovid.smc.unige.ch/,,1
2020-05-17,00:00,GE,31850,4975,17,3,4,738,296,https://infocovid.smc.unige.ch/,,2
2020-05-18,00:00,GE,32337,4976,16,4,4,739,297,https://infocovid.smc.unige.ch/,,2
2020-05-19,00:00,GE,32779,4978,13,0,1,743,297,https://infocovid.smc.unige.ch/,,3
2020-05-20,00:00,GE,33199,4984,11,0,0,746,297,https://infocovid.smc.unige.ch/,,3
2020-05-21,00:00,GE,33449,4989,14,0,0,763,300,https://infocovid.smc.unige.ch/,,1
2020-05-22,00:00,GE,33804,4991,12,0,0,765,300,https://infocovid.smc.unige.ch/,,1
2020-05-23,00:00,GE,34040,4993,9,0,0,773,300,https://infocovid.smc.unige.ch/,,1
2020-05-24,00:00,GE,34260,4993,9,0,0,773,300,https://infocovid.smc.unige.ch/,,1
2020-05-25,00:00,GE,34611,4993,10,0,0,775,301,https://infocovid.smc.unige.ch/,,1
2020-05-26,00:00,GE,35265,4995,11,0,0,780,301,https://infocovid.smc.unige.ch/,,1
2020-05-27,00:00,GE,35777,4998,6,0,0,788,301,https://infocovid.smc.unige.ch/,,2
2020-05-28,00:00,GE,36026,4999,7,0,0,792,301,https://infocovid.smc.unige.ch/,,2
2020-05-29,00:00,GE,36302,5002,5,0,0,797,301,https://infocovid.smc.unige.ch/,,1
2020-05-30,00:00,GE,36472,5008,2,0,0,,301,https://infocovid.smc.unige.ch/,,2
2020-05-31,00:00,GE,36602,5008,2,0,0,,301,https://infocovid.smc.unige.ch/,,2
2020-06-01,00:00,GE,36741,5009,2,0,0,,301,https://infocovid.smc.unige.ch/,,2
2020-06-02,00:00,GE,36769,5012,7,1,0,807,301,https://infocovid.smc.unige.ch/,,2
2020-06-03,00:00,GE,37233,5014,6,1,1,811,301,https://infocovid.smc.unige.ch/,,2
2020-06-04,00:00,GE,,5016,9,1,1,817,301,https://infocovid.smc.unige.ch/,,2
2020-06-05,00:00,GE,,5018,7,1,1,821,301,https://infocovid.smc.unige.ch/,,1
2020-06-06,00:00,GE,,5022,0,0,,,301,https://infocovid.smc.unige.ch/,,0
2020-06-07,00:00,GE,,5022,0,0,,,301,https://infocovid.smc.unige.ch/,,0
2020-06-08,00:00,GE,,5023,8,1,1,,301,https://infocovid.smc.unige.ch/,,1
2020-06-09,00:00,GE,,5023,10,1,1,826,301,https://infocovid.smc.unige.ch/,,2
2020-06-10,00:00,GE,,5025,10,1,1,831,302,https://infocovid.smc.unige.ch/,,1
2020-06-11,00:00,GE,,5025,5,1,1,835,302,https://infocovid.smc.unige.ch/,,1
2020-06-12,00:00,GE,,5029,7,1,1,836,302,https://infocovid.smc.unige.ch/,,2
2020-06-13,00:00,GE,,5029,7,1,,,302,https://infocovid.smc.unige.ch/,,2
2020-06-14,00:00,GE,,5029,7,1,,,302,https://infocovid.smc.unige.ch/,,2
2020-06-15,00:00,GE,,5031,4,0,0,844,302,https://infocovid.smc.unige.ch/,,1
2020-06-16,00:00,GE,,5031,4,0,0,847,302,https://infocovid.smc.unige.ch/,,1
2020-06-17,00:00,GE,,5032,4,0,0,848,302,https://infocovid.smc.unige.ch/,,1
2020-06-18,00:00,GE,,5032,2,0,0,851,302,https://infocovid.smc.unige.ch/,,0
2020-06-19,00:00,GE,,5036,0,0,0,870,302,https://infocovid.smc.unige.ch/,,0
2020-06-20,00:00,GE,,5040,0,0,,,302,https://infocovid.smc.unige.ch/,,0
2020-06-21,00:00,GE,,5040,0,0,,,302,https://infocovid.smc.unige.ch/,,0
2020-06-22,00:00,GE,,5040,5,1,1,877,302,https://infocovid.smc.unige.ch/,,1
2020-06-23,00:00,GE,,5043,6,2,2,877,302,https://infocovid.smc.unige.ch/,,1
2020-06-24,00:00,GE,,5044,2,0,0,878,302,https://infocovid.smc.unige.ch/,,1
2020-06-25,00:00,GE,,5046,4,2,2,885,302,https://infocovid.smc.unige.ch/,,1
2020-06-26,00:00,GE,,5058,3,1,1,886,302,https://infocovid.smc.unige.ch/,,1
2020-06-27,00:00,GE,,5058,2,1,,,302,https://infocovid.smc.unige.ch/,,1
2020-06-28,00:00,GE,,5059,2,1,,,302,https://infocovid.smc.unige.ch/,,1
2020-06-29,00:00,GE,,5065,5,1,1,886,302,https://infocovid.smc.unige.ch/,,1
2020-06-30,00:00,GE,,5069,4,1,1,890,302,https://infocovid.smc.unige.ch/,,1
2020-07-01,00:00,GE,,5070,4,1,1,893,302,https://infocovid.smc.unige.ch/,,1
2020-07-02,00:00,GE,,5074,3,1,1,895,302,https://infocovid.smc.unige.ch/,,0
2020-07-03,00:00,GE,,5076,2,1,,895,302,https://infocovid.smc.unige.ch/,,0
2020-07-04,00:00,GE,,5079,2,1,,,302,https://infocovid.smc.unige.ch/,,0
2020-07-05,00:00,GE,,5081,2,1,,,302,https://infocovid.smc.unige.ch/,,0
2020-07-06,00:00,GE,,5088,6,1,,896,302,https://infocovid.smc.unige.ch/,,0
2020-07-07,00:00,GE,,5093,9,2,,896,302,https://infocovid.smc.unige.ch/,,0
2020-07-08,00:00,GE,,5097,3,2,,898,302,https://infocovid.smc.unige.ch/,,0
2020-07-09,00:00,GE,,5105,4,2,,898,302,https://infocovid.smc.unige.ch/,,0
2020-07-10,00:00,GE,,5113,4,2,,902,302,https://infocovid.smc.unige.ch/,,0
2020-07-11,00:00,GE,,5117,4,2,,,302,https://infocovid.smc.unige.ch/,,0
2020-07-12,00:00,GE,47928,5117,4,2,,,302,https://infocovid.smc.unige.ch/,,0
2020-07-13,00:00,GE,,5124,4,2,,908,302,https://infocovid.smc.unige.ch/,,0
2020-07-14,00:00,GE,,5135,4,1,,909,302,https://infocovid.smc.unige.ch/,,1
2020-07-15,00:00,GE,,5155,3,1,,909,302,https://infocovid.smc.unige.ch/,,1
2020-07-16,00:00,GE,,5168,3,1,,909,302,https://infocovid.smc.unige.ch/,,1
2020-07-17,00:00,GE,,5178,3,1,,912,302,https://infocovid.smc.unige.ch/,,1
2020-07-18,00:00,GE,,5188,5,0,,,302,https://infocovid.smc.unige.ch/,,1
2020-07-19,00:00,GE,51792,5190,5,0,,,302,https://infocovid.smc.unige.ch/,,1
2020-07-20,00:00,GE,,5203,5,0,,915,302,https://infocovid.smc.unige.ch/,,1
2020-07-21,00:00,GE,,5229,6,0,,916,302,https://infocovid.smc.unige.ch/,,1
2020-07-22,00:00,GE,,5253,4,0,,920,302,https://infocovid.smc.unige.ch/,,1
2020-07-23,00:00,GE,,5296,2,1,,924,302,https://infocovid.smc.unige.ch/,,1
2020-07-24,00:00,GE,,5332,4,1,,924,302,https://infocovid.smc.unige.ch/,,1
2020-07-25,00:00,GE,,5367,4,1,,,302,https://infocovid.smc.unige.ch/,,1
2020-07-26,00:00,GE,54379,5376,4,1,,,302,https://infocovid.smc.unige.ch/,,1
2020-07-27,00:00,GE,,5432,7,1,,925,302,https://infocovid.smc.unige.ch/,,2
2020-07-28,00:00,GE,,5471,6,1,,926,302,https://infocovid.smc.unige.ch/,,2
2020-07-29,00:00,GE,,5528,8,1,,931,302,https://infocovid.smc.unige.ch/,,2
2020-07-30,00:00,GE,,5576,11,1,,933,302,https://infocovid.smc.unige.ch/,,2
2020-07-31,00:00,GE,,5604,11,1,,936,303,https://infocovid.smc.unige.ch/,,2
2020-08-01,00:00,GE,,5632,11,1,,,303,https://infocovid.smc.unige.ch/,,2
2020-08-02,00:00,GE,58038,5652,11,1,,,303,https://infocovid.smc.unige.ch/,,2
2020-08-03,00:00,GE,,5683,11,1,,936,303,https://infocovid.smc.unige.ch/,,3
2020-08-04,00:00,GE,,5715,17,2,,936,303,https://infocovid.smc.unige.ch/,,4
2020-08-05,00:00,GE,,5743,17,2,,937,303,https://infocovid.smc.unige.ch/,,4
2020-08-06,00:00,GE,,5769,13,2,,941,303,https://infocovid.smc.unige.ch/,,3
2020-08-07,00:00,GE,,5813,11,2,,945,303,https://infocovid.smc.unige.ch/,,2
2020-08-08,00:00,GE,,5838,11,2,,,303,https://infocovid.smc.unige.ch/,,2
2020-08-09,00:00,GE,61245,5868,11,2,,,303,https://infocovid.smc.unige.ch/,,2
2020-08-10,00:00,GE,,5902,12,1,,946,304,https://infocovid.smc.unige.ch/,,1
2020-08-11,00:00,GE,,5954,9,2,,948,304,https://infocovid.smc.unige.ch/,,2
2020-08-12,00:00,GE,,5980,10,2,,949,304,https://infocovid.smc.unige.ch/,,2
2020-08-13,00:00,GE,,6021,11,2,,951,304,https://infocovid.smc.unige.ch/,,1
2020-08-14,00:00,GE,,6042,14,2,,952,304,https://infocovid.smc.unige.ch/,,2
2020-08-15,00:00,GE,,6069,14,2,,,305,https://infocovid.smc.unige.ch/,,2
2020-08-16,00:00,GE,63642,6084,14,2,,958,305,https://infocovid.smc.unige.ch/,,2
2020-08-17,00:00,GE,,6122,14,0,,959,305,https://infocovid.smc.unige.ch/,,1
2020-08-18,00:00,GE,,6156,11,0,,961,305,https://infocovid.smc.unige.ch/,,1
2020-08-19,00:00,GE,,6183,7,0,,962,305,https://infocovid.smc.unige.ch/,,0
2020-08-20,00:00,GE,,6218,11,0,,965,305,https://infocovid.smc.unige.ch/,,0
2020-08-21,00:00,GE,,6256,10,0,,968,305,https://infocovid.smc.unige.ch/,,0
2020-08-22,00:00,GE,,6269,10,0,,,305,https://infocovid.smc.unige.ch/,,0
2020-08-23,00:00,GE,66873,6290,10,0,,,305,https://infocovid.smc.unige.ch/,,0
2020-08-24,00:00,GE,,6313,9,0,,971,305,https://infocovid.smc.unige.ch/,,1
2020-08-25,00:00,GE,,6344,9,0,,973,305,https://infocovid.smc.unige.ch/,,1
2020-08-26,00:00,GE,,6381,12,0,,,305,https://infocovid.smc.unige.ch/,,2
2020-08-27,00:00,GE,,6424,16,0,,,305,https://infocovid.smc.unige.ch/,,2
2020-08-28,00:00,GE,,6467,14,0,,,305,https://infocovid.smc.unige.ch/,,0
2020-08-29,00:00,GE,,6504,14,0,,,305,https://infocovid.smc.unige.ch/,,0
2020-08-30,00:00,GE,71961,6534,14,0,,,305,https://infocovid.smc.unige.ch/,,0
2020-08-31,00:00,GE,,6569,10,0,,,306,https://infocovid.smc.unige.ch/,,0
2020-09-01,00:00,GE,,6622,10,0,,,306,https://infocovid.smc.unige.ch/,,0
2020-09-02,00:00,GE,,6667,12,0,,,307,https://infocovid.smc.unige.ch/,,2
2020-09-03,00:00,GE,,6716,16,0,,,307,https://infocovid.smc.unige.ch/,,1
2020-09-04,00:00,GE,,6756,12,0,,,308,https://infocovid.smc.unige.ch/,,1
2020-09-05,00:00,GE,,6787,12,0,,,309,https://infocovid.smc.unige.ch/,,1
2020-09-06,00:00,GE,,6808,12,0,,,309,https://infocovid.smc.unige.ch/,,1
2020-09-07,00:00,GE,,6845,12,0,,,309,https://infocovid.smc.unige.ch/,,1
2020-09-08,00:00,GE,,6882,13,0,,,309,https://infocovid.smc.unige.ch/,,3
2020-09-09,00:00,GE,,6922,13,0,,,310,https://infocovid.smc.unige.ch/,,3
2020-09-10,00:00,GE,,6963,13,0,,,310,https://infocovid.smc.unige.ch/,,3
2020-09-11,00:00,GE,,7001,15,0,,,310,https://infocovid.smc.unige.ch/,,4
2020-09-12,00:00,GE,,7051,15,0,,,311,https://infocovid.smc.unige.ch/,,4
2020-09-13,00:00,GE,,7076,15,0,,,311,https://infocovid.smc.unige.ch/,,4
2020-09-14,00:00,GE,,7121,18,1,,,311,https://infocovid.smc.unige.ch/,,3
2020-09-15,00:00,GE,,7174,26,1,,,312,https://infocovid.smc.unige.ch/,,1
2020-09-16,00:00,GE,,7238,23,1,,,312,https://infocovid.smc.unige.ch/,,2
2020-09-17,00:00,GE,,7291,25,1,,,312,https://infocovid.smc.unige.ch/,,3
2020-09-18,00:00,GE,,7353,24,1,,,313,https://infocovid.smc.unige.ch/,,3
2020-09-19,00:00,GE,,7395,26,1,,,313,https://infocovid.smc.unige.ch/,,4
2020-09-20,00:00,GE,,7416,26,1,,,313,https://infocovid.smc.unige.ch/,,4
2020-09-21,00:00,GE,,7458,28,1,,,314,https://infocovid.smc.unige.ch/,,2
2020-09-22,00:00,GE,,7523,29,2,,,314,https://infocovid.smc.unige.ch/,,3
2020-09-23,00:00,GE,,7568,29,2,,,315,https://infocovid.smc.unige.ch/,,3
2020-09-24,00:00,GE,,7602,20,1,,,315,https://infocovid.smc.unige.ch/,,4
2020-09-25,00:00,GE,,7638,20,1,,,315,https://infocovid.smc.unige.ch/,,2
2020-09-26,00:00,GE,,7669,20,1,,,315,https://infocovid.smc.unige.ch/,,2
2020-09-27,00:00,GE,,7682,20,1,,,315,https://infocovid.smc.unige.ch/,,2
2020-09-28,00:00,GE,,7716,23,2,,,316,https://infocovid.smc.unige.ch/,,4
2020-09-29,00:00,GE,,7768,23,2,,,316,https://infocovid.smc.unige.ch/,,3
2020-09-30,00:00,GE,,7825,22,1,,,316,https://infocovid.smc.unige.ch/,,3
2020-10-01,00:00,GE,,7892,25,2,,,317,https://infocovid.smc.unige.ch/,,2
2020-10-02,00:00,GE,,7950,24,1,,,317,https://infocovid.smc.unige.ch/,,2
2020-10-03,00:00,GE,,8010,24,1,,,317,https://infocovid.smc.unige.ch/,,2
2020-10-04,00:00,GE,,8045,24,1,,,318,https://infocovid.smc.unige.ch/,,2
2020-10-05,00:00,GE,,8123,35,2,,,318,https://infocovid.smc.unige.ch/,,3
2020-10-06,00:00,GE,,8248,35,2,,,318,https://infocovid.smc.unige.ch/,,3
2020-10-07,00:00,GE,,8348,42,2,,,318,https://infocovid.smc.unige.ch/,,4
2020-10-08,00:00,GE,,8485,42,3,,,318,https://infocovid.smc.unige.ch/,,3
2020-10-09,00:00,GE,,8642,41,3,,,319,https://infocovid.smc.unige.ch/,,4
2020-10-10,00:00,GE,,8789,46,2,,,320,https://infocovid.smc.unige.ch/,,5
2020-10-11,00:00,GE,,8859,50,2,,,320,https://infocovid.smc.unige.ch/,,5
2020-10-12,00:00,GE,,9026,56,2,,,321,https://infocovid.smc.unige.ch/,,4
2020-10-13,00:00,GE,,9300,62,3,,,323,https://infocovid.smc.unige.ch/,,6
2020-10-14,00:00,GE,,9547,71,4,,,323,https://infocovid.smc.unige.ch/,,8
2020-10-15,00:00,GE,,9779,69,3,,,324,https://infocovid.smc.unige.ch/,,8
2020-10-16,00:00,GE,,10143,87,4,,,324,https://infocovid.smc.unige.ch/,,12
2020-10-17,00:00,GE,,10419,98,7,,,325,https://infocovid.smc.unige.ch/,,10
2020-10-18,00:00,GE,,10552,111,7,,,325,https://infocovid.smc.unige.ch/,,7
2020-10-19,00:00,GE,,10873,124,6,,,325,https://infocovid.smc.unige.ch/,,11
2020-10-20,00:00,GE,,11445,162,7,,,325,https://infocovid.smc.unige.ch/,,13
2020-10-21,00:00,GE,,11948,188,7,,,325,https://infocovid.smc.unige.ch/,,14
2020-10-22,00:00,GE,,12684,201,10,,,326,https://infocovid.smc.unige.ch/,,18
2020-10-23,00:00,GE,,13443,224,9,,,329,https://infocovid.smc.unige.ch/,,19
2020-10-24,00:00,GE,,13992,248,12,,,329,https://infocovid.smc.unige.ch/,,19
2020-10-25,00:00,GE,151075,14356,288,12,,,331,https://infocovid.smc.unige.ch/,,24
2020-10-26,00:00,GE,,15054,333,12,,,331,https://infocovid.smc.unige.ch/,,23
2020-10-27,00:00,GE,,16162,363,16,,,332,https://infocovid.smc.unige.ch/,,27
2020-10-28,00:00,GE,,17262,405,17,,,334,https://infocovid.smc.unige.ch/,,27
2020-10-29,00:00,GE,,18194,419,15,,,338,https://infocovid.smc.unige.ch/,,33
2020-10-30,00:00,GE,,19443,458,17,,,341,https://infocovid.smc.unige.ch/,,37
2020-10-31,00:00,GE,,20153,456,16,,,346,https://infocovid.smc.unige.ch/,,38
2020-11-01,00:00,GE,163097,20491,474,17,,,351,https://infocovid.smc.unige.ch/,,39
2020-11-02,00:00,GE,,21136,493,17,,,356,https://infocovid.smc.unige.ch/,,35
2020-11-03,00:00,GE,,22140,521,20,,,365,https://infocovid.smc.unige.ch/,,44
2020-11-04,00:00,GE,,23353,542,25,,,373,https://infocovid.smc.unige.ch/,,45
2020-11-05,00:00,GE,,24434,559,28,,,382,https://infocovid.smc.unige.ch/,,46
2020-11-06,00:00,GE,,25295,572,24,,,394,https://infocovid.smc.unige.ch/,,51
2020-11-07,00:00,GE,,25891,582,23,,,401,https://infocovid.smc.unige.ch/,,55
2020-11-08,00:00,GE,187408,26190,608,27,,,405,https://infocovid.smc.unige.ch/,,47
2020-11-09,00:00,GE,,27081,631,26,,,420,https://infocovid.smc.unige.ch/,,48
2020-11-10,00:00,GE,,27888,638,29,,,429,https://infocovid.smc.unige.ch/,,51
2020-11-11,00:00,GE,,28637,620,28,,,439,https://infocovid.smc.unige.ch/,,56
2020-11-12,00:00,GE,,29246,630,30,,,450,https://infocovid.smc.unige.ch/,,55
2020-11-13,00:00,GE,,29744,629,29,,,456,https://infocovid.smc.unige.ch/,,54
2020-11-14,00:00,GE,,30071,635,32,,,471,https://infocovid.smc.unige.ch/,,60
2020-11-15,00:00,GE,,30236,639,32,,,477,https://infocovid.smc.unige.ch/,,57
2020-11-16,00:00,GE,,30663,642,31,,,491,https://infocovid.smc.unige.ch/,,56
2020-11-17,00:00,GE,,31076,606,30,,,505,https://infocovid.smc.unige.ch/,,50
2020-11-18,00:00,GE,,31395,568,27,,,526,https://infocovid.smc.unige.ch/,,45
2020-11-19,00:00,GE,,31698,533,28,,,537,https://infocovid.smc.unige.ch/,,47
2020-11-20,00:00,GE,,31921,497,27,,,548,https://infocovid.smc.unige.ch/,,44
2020-11-21,00:00,GE,,32070,465,29,,,556,https://infocovid.smc.unige.ch/,,41
2020-11-22,00:00,GE,,32185,461,29,,,558,https://infocovid.smc.unige.ch/,,32
2020-11-23,00:00,GE,,32414,460,28,,,565,https://infocovid.smc.unige.ch/,,29
2020-11-24,00:00,GE,,32717,445,26,,,569,https://infocovid.smc.unige.ch/,,33
2020-11-25,00:00,GE,,32900,418,26,,,572,https://infocovid.smc.unige.ch/,,29
2020-11-26,00:00,GE,,33084,373,25,,,580,https://infocovid.smc.unige.ch/,,28
2020-11-27,00:00,GE,,33286,355,24,,,587,https://infocovid.smc.unige.ch/,,29
2020-11-28,00:00,GE,,33413,337,20,,,595,https://infocovid.smc.unige.ch/,,29
2020-11-29,00:00,GE,,33471,337,19,,,599,https://infocovid.smc.unige.ch/,,24
2020-11-30,00:00,GE,,33664,344,18,,,605,https://infocovid.smc.unige.ch/,,27
2020-12-01,00:00,GE,,33838,313,18,,,612,https://infocovid.smc.unige.ch/,,25
2020-12-02,00:00,GE,,33990,310,18,,,617,https://infocovid.smc.unige.ch/,,23
2020-12-03,00:00,GE,,34164,290,16,,,622,https://infocovid.smc.unige.ch/,,21
2020-12-04,00:00,GE,,34299,259,18,,,625,https://infocovid.smc.unige.ch/,,14
2020-12-05,00:00,GE,,34380,243,22,,,630,https://infocovid.smc.unige.ch/,,14
2020-12-06,00:00,GE,,34429,242,21,,,635,https://infocovid.smc.unige.ch/,,13
2020-12-07,00:00,GE,,34640,241,20,,,638,https://infocovid.smc.unige.ch/,,12
2020-12-08,00:00,GE,,34803,223,21,,,644,https://infocovid.smc.unige.ch/,,8
2020-12-09,00:00,GE,,34969,217,19,,,646,https://infocovid.smc.unige.ch/,,13
2020-12-10,00:00,GE,,35085,198,16,,,649,https://infocovid.smc.unige.ch/,,15
2020-12-11,00:00,GE,,35219,198,17,,,650,https://infocovid.smc.unige.ch/,,14
2020-12-12,00:00,GE,,35311,201,19,,,652,https://infocovid.smc.unige.ch/,,16
2020-12-13,00:00,GE,,35375,203,18,,,652,https://infocovid.smc.unige.ch/,,21
2020-12-14,00:00,GE,,35539,212,20,,,653,https://infocovid.smc.unige.ch/,,21
2020-12-15,00:00,GE,,35730,197,20,,,656,https://infocovid.smc.unige.ch/,,14
2020-12-16,00:00,GE,,35848,190,19,,,660,https://infocovid.smc.unige.ch/,,17
2020-12-17,00:00,GE,,35997,163,17,,,662,https://infocovid.smc.unige.ch/,,14
2020-12-18,00:00,GE,,36161,156,16,,,664,https://infocovid.smc.unige.ch/,,16
2020-12-19,00:00,GE,,36257,153,16,,,668,https://infocovid.smc.unige.ch/,,16
2020-12-20,00:00,GE,,36339,147,12,,,668,https://infocovid.smc.unige.ch/,,17
2020-12-21,00:00,GE,,36510,150,13,,,668,https://infocovid.smc.unige.ch/,,16
2020-12-22,00:00,GE,,36664,139,13,,,670,https://infocovid.smc.unige.ch/,,14
2020-12-23,00:00,GE,,36823,137,12,,,671,https://infocovid.smc.unige.ch/,,15
2020-12-24,00:00,GE,,36942,134,12,,,674,https://infocovid.smc.unige.ch/,,12
2020-12-25,00:00,GE,,36982,133,13,,,675,https://infocovid.smc.unige.ch/,,16
2020-12-26,00:00,GE,,37063,141,12,,,680,https://infocovid.smc.unige.ch/,,20
2020-12-27,00:00,GE,,37125,144,11,,,686,https://infocovid.smc.unige.ch/,,17
2020-12-28,00:00,GE,,37303,144,11,,,687,https://infocovid.smc.unige.ch/,,17
2020-12-29,00:00,GE,,37464,146,11,,,690,https://infocovid.smc.unige.ch/,,15
2020-12-30,00:00,GE,,37625,138,7,,,694,https://infocovid.smc.unige.ch/,,19
2020-12-31,00:00,GE,,37735,122,6,,,697,https://infocovid.smc.unige.ch/,,12
2021-01-01,00:00,GE,,37780,120,7,,,699,https://infocovid.smc.unige.ch/,,13
2021-01-02,00:00,GE,,37880,123,5,,,702,https://infocovid.smc.unige.ch/,,14
2021-01-03,00:00,GE,,37946,131,4,,,703,https://infocovid.smc.unige.ch/,,12
2021-01-04,00:00,GE,,38075,135,5,,,705,https://infocovid.smc.unige.ch/,,13
2021-01-05,00:00,GE,,38217,127,5,,,708,https://infocovid.smc.unige.ch/,,12
2021-01-06,00:00,GE,,38337,120,6,,,711,https://infocovid.smc.unige.ch/,,11
2021-01-07,00:00,GE,,38459,117,5,,,711,https://infocovid.smc.unige.ch/,,13
2021-01-08,00:00,GE,,38577,124,6,,,713,https://infocovid.smc.unige.ch/,,15
2021-01-09,00:00,GE,,38664,117,5,,,717,https://infocovid.smc.unige.ch/,,11
2021-01-10,00:00,GE,,38724,123,5,,,717,https://infocovid.smc.unige.ch/,,12
2021-01-11,00:00,GE,,38868,132,6,,,717,https://infocovid.smc.unige.ch/,,13
2021-01-12,00:00,GE,,39019,121,7,,,719,https://infocovid.smc.unige.ch/,,10
2021-01-13,00:00,GE,,39154,118,6,,,719,https://infocovid.smc.unige.ch/,,11
2021-01-14,00:00,GE,,39278,128,7,,,719,https://infocovid.smc.unige.ch/,,6
2021-01-15,00:00,GE,,39406,115,7,,,721,https://infocovid.smc.unige.ch/,,7
2021-01-16,00:00,GE,,39502,114,6,,,724,https://infocovid.smc.unige.ch/,,7
2021-01-17,00:00,GE,,39532,114,5,,,725,https://infocovid.smc.unige.ch/,,5
2021-01-18,00:00,GE,,39718,113,6,,,726,https://infocovid.smc.unige.ch/,,5
2021-01-19,00:00,GE,,39853,114,8,,,728,https://infocovid.smc.unige.ch/,,9
2021-01-20,00:00,GE,,39978,116,9,,,728,https://infocovid.smc.unige.ch/,,11
2021-01-21,00:00,GE,,40086,117,8,,,729,https://infocovid.smc.unige.ch/,,13
2021-01-22,00:00,GE,,40195,125,8,,,730,https://infocovid.smc.unige.ch/,,13
2021-01-23,00:00,GE,,40263,122,7,,,730,https://infocovid.smc.unige.ch/,,14
2021-01-24,00:00,GE,,40322,128,6,,,732,https://infocovid.smc.unige.ch/,,16
2021-01-25,00:00,GE,,40447,124,6,,,732,https://infocovid.smc.unige.ch/,,16
2021-01-26,00:00,GE,,40581,118,7,,,734,https://infocovid.smc.unige.ch/,,17
2021-01-27,00:00,GE,,40688,128,9,,,735,https://infocovid.smc.unige.ch/,,15
2021-01-28,00:00,GE,,40835,127,8,,,735,https://infocovid.smc.unige.ch/,,14
2021-01-29,00:00,GE,,40977,120,11,,,736,https://infocovid.smc.unige.ch/,,7
2021-01-30,00:00,GE,,41072,113,11,,,738,https://infocovid.smc.unige.ch/,,6
2021-01-31,00:00,GE,,41130,122,11,,,738,https://infocovid.smc.unige.ch/,,7
2021-02-01,00:00,GE,,41245,126,11,,,740,https://infocovid.smc.unige.ch/,,6
2021-02-02,00:00,GE,,41386,112,12,,,740,https://infocovid.smc.unige.ch/,,7
2021-02-03,00:00,GE,,41501,111,12,,,743,https://infocovid.smc.unige.ch/,,10
2021-02-04,00:00,GE,,41635,110,12,,,745,https://infocovid.smc.unige.ch/,,9
2021-02-05,00:00,GE,,41767,112,12,,,746,https://infocovid.smc.unige.ch/,,6
2021-02-06,00:00,GE,,41844,105,12,,,748,https://infocovid.smc.unige.ch/,,8
2021-02-07,00:00,GE,,41885,112,11,,,748,https://infocovid.smc.unige.ch/,,6
2021-02-08,00:00,GE,,42020,117,12,,,750,https://infocovid.smc.unige.ch/,,6
2021-02-09,00:00,GE,,42129,104,10,,,751,https://infocovid.smc.unige.ch/,,9
2021-02-10,00:00,GE,,42247,93,9,,,751,https://infocovid.smc.unige.ch/,,10
2021-02-11,00:00,GE,,42372,87,9,,,751,https://infocovid.smc.unige.ch/,,10
2021-02-12,00:00,GE,,42475,85,12,,,751,https://infocovid.smc.unige.ch/,,5
2021-02-13,00:00,GE,,42543,84,9,,,753,https://infocovid.smc.unige.ch/,,5
2021-02-14,00:00,GE,,42593,90,10,,,753,https://infocovid.smc.unige.ch/,,5
2021-02-15,00:00,GE,,42680,96,10,,,753,https://infocovid.smc.unige.ch/,,9
2021-02-16,00:00,GE,,42781,87,10,,,753,https://infocovid.smc.unige.ch/,,11
2021-02-17,00:00,GE,,42895,89,10,,,755,https://infocovid.smc.unige.ch/,,12
2021-02-18,00:00,GE,,42977,90,11,,,757,https://infocovid.smc.unige.ch/,,11
2021-02-19,00:00,GE,,43069,81,10,,,757,https://infocovid.smc.unige.ch/,,11
2021-02-20,00:00,GE,,43130,85,10,,,757,https://infocovid.smc.unige.ch/,,9
2021-02-21,00:00,GE,,43185,93,10,,,757,https://infocovid.smc.unige.ch/,,10
2021-02-22,00:00,GE,,43295,98,12,,,757,https://infocovid.smc.unige.ch/,,9
2021-02-23,00:00,GE,,43410,80,12,,,757,https://infocovid.smc.unige.ch/,,8
2021-02-24,00:00,GE,,43508,73,9,,,757,https://infocovid.smc.unige.ch/,,6
2021-02-25,00:00,GE,,43591,70,11,,,758,https://infocovid.smc.unige.ch/,,5
2021-02-26,00:00,GE,,43678,67,10,,,759,https://infocovid.smc.unige.ch/,,6
2021-02-27,00:00,GE,,43742,67,9,,,759,https://infocovid.smc.unige.ch/,,9
2021-02-28,00:00,GE,,43784,66,10,,,759,https://infocovid.smc.unige.ch/,,6
2021-03-01,00:00,GE,,43903,63,9,,,759,https://infocovid.smc.unige.ch/,,8
2021-03-02,00:00,GE,,43998,58,9,,,760,https://infocovid.smc.unige.ch/,,6
2021-03-03,00:00,GE,,44091,65,8,,,762,https://infocovid.smc.unige.ch/,,5
2021-03-04,00:00,GE,,44157,61,6,,,762,https://infocovid.smc.unige.ch/,,6
2021-03-05,00:00,GE,,44257,62,7,,,762,https://infocovid.smc.unige.ch/,,5
2021-03-06,00:00,GE,,44330,63,5,,,763,https://infocovid.smc.unige.ch/,,6
2021-03-07,00:00,GE,,44384,64,5,,,763,https://infocovid.smc.unige.ch/,,7
2021-03-08,00:00,GE,,44499,55,5,,,763,https://infocovid.smc.unige.ch/,,7
2021-03-09,00:00,GE,,44593,57,5,,,763,https://infocovid.smc.unige.ch/,,6
2021-03-10,00:00,GE,,44705,58,6,,,763,https://infocovid.smc.unige.ch/,,6
2021-03-11,00:00,GE,,44816,59,5,,,763,https://infocovid.smc.unige.ch/,,5
2021-03-12,00:00,GE,,44948,60,7,,,763,https://infocovid.smc.unige.ch/,,6
2021-03-13,00:00,GE,,45021,65,8,,,763,https://infocovid.smc.unige.ch/,,5
2021-03-14,00:00,GE,,45087,69,8,,,763,https://infocovid.smc.unige.ch/,,6
2021-03-15,00:00,GE,,45217,72,8,,,764,https://infocovid.smc.unige.ch/,,9
2021-03-16,00:00,GE,,45341,72,7,,,764,https://infocovid.smc.unige.ch/,,9
2021-03-17,00:00,GE,,45479,72,6,,,764,https://infocovid.smc.unige.ch/,,8
2021-03-18,00:00,GE,,45619,72,4,,,764,https://infocovid.smc.unige.ch/,,7
2021-03-19,00:00,GE,,45758,72,4,,,764,https://infocovid.smc.unige.ch/,,6
2021-03-20,00:00,GE,,45869,65,6,,,764,https://infocovid.smc.unige.ch/,,9
2021-03-21,00:00,GE,,45935,72,6,,,764,https://infocovid.smc.unige.ch/,,14
2021-03-22,00:00,GE,,46088,76,7,,,764,https://infocovid.smc.unige.ch/,,11
2021-03-23,00:00,GE,,46239,78,5,,,766,https://infocovid.smc.unige.ch/,,11
2021-03-24,00:00,GE,,46383,82,5,,,766,https://infocovid.smc.unige.ch/,,8
2021-03-25,00:00,GE,,46551,79,6,,,766,https://infocovid.smc.unige.ch/,,10
2021-03-26,00:00,GE,,46701,70,5,,,766,https://infocovid.smc.unige.ch/,,12
2021-03-27,00:00,GE,,46829,78,7,,,766,https://infocovid.smc.unige.ch/,,11
2021-03-28,00:00,GE,,46906,83,8,,,767,https://infocovid.smc.unige.ch/,,12
2021-03-29,00:00,GE,,47078,81,8,,,767,https://infocovid.smc.unige.ch/,,13
2021-03-30,00:00,GE,,47226,81,8,,,767,https://infocovid.smc.unige.ch/,,11
2021-03-31,00:00,GE,,47370,83,8,,,767,https://infocovid.smc.unige.ch/,,13
2021-04-01,00:00,GE,,47519,73,6,,,767,https://infocovid.smc.unige.ch/,,10
2021-04-02,00:00,GE,,47624,81,8,,,767,https://infocovid.smc.unige.ch/,,10
2021-04-03,00:00,GE,,47716,93,8,,,767,https://infocovid.smc.unige.ch/,,12
2021-04-04,00:00,GE,,47826,109,9,,,769,https://infocovid.smc.unige.ch/,,17
2021-04-05,00:00,GE,,47918,115,9,,,770,https://infocovid.smc.unige.ch/,,15
2021-04-06,00:00,GE,,48077,111,10,,,772,https://infocovid.smc.unige.ch/,,12
2021-04-07,00:00,GE,,48258,110,8,,,772,https://infocovid.smc.unige.ch/,,13
2021-04-08,00:00,GE,,48444,98,9,,,773,https://infocovid.smc.unige.ch/,,12
2021-04-09,00:00,GE,,48588,102,10,,,773,https://infocovid.smc.unige.ch/,,10
2021-04-10,00:00,GE,,48739,98,10,,,773,https://infocovid.smc.unige.ch/,,13
2021-04-11,00:00,GE,,48850,104,10,,,773,https://infocovid.smc.unige.ch/,,14
2021-04-12,00:00,GE,,49038,101,11,,,773,https://infocovid.smc.unige.ch/,,14
2021-04-13,00:00,GE,,49247,93,11,,,773,https://infocovid.smc.unige.ch/,,16
2021-04-14,00:00,GE,,49414,83,12,,,773,https://infocovid.smc.unige.ch/,,9
2021-04-15,00:00,GE,,49570,79,12,,,773,https://infocovid.smc.unige.ch/,,10
2021-04-16,00:00,GE,,49726,77,12,,,773,https://infocovid.smc.unige.ch/,,8
2021-04-17,00:00,GE,,49829,82,12,,,773,https://infocovid.smc.unige.ch/,,8
2021-04-18,00:00,GE,,49923,86,11,,,774,https://infocovid.smc.unige.ch/,,13
2021-04-19,00:00,GE,,50076,83,10,,,774,https://infocovid.smc.unige.ch/,,14
2021-04-20,00:00,GE,,50265,74,13,,,775,https://infocovid.smc.unige.ch/,,12
2021-04-21,00:00,GE,,50422,76,13,,,775,https://infocovid.smc.unige.ch/,,8
2021-04-22,00:00,GE,,50546,81,13,,,775,https://infocovid.smc.unige.ch/,,11
2021-04-23,00:00,GE,,50720,78,10,,,775,https://infocovid.smc.unige.ch/,,8
2021-04-24,00:00,GE,,50840,89,12,,,776,https://infocovid.smc.unige.ch/,,8
2021-04-25,00:00,GE,,50895,92,12,,,776,https://infocovid.smc.unige.ch/,,7
2021-04-26,00:00,GE,,51053,96,10,,,776,https://infocovid.smc.unige.ch/,,10
2021-04-27,00:00,GE,,51207,89,9,,,778,https://infocovid.smc.unige.ch/,,6
2021-04-28,00:00,GE,,51375,91,8,,,778,https://infocovid.smc.unige.ch/,,8
2021-04-29,00:00,GE,,51515,81,7,,,778,https://infocovid.smc.unige.ch/,,11
2021-04-30,00:00,GE,,51659,74,7,,,778,https://infocovid.smc.unige.ch/,,10
2021-05-01,00:00,GE,,51753,80,5,,,779,https://infocovid.smc.unige.ch/,,13
2021-05-02,00:00,GE,,51835,77,7,,,780,https://infocovid.smc.unige.ch/,,9
2021-05-03,00:00,GE,,51945,76,7,,,780,https://infocovid.smc.unige.ch/,,12
2021-05-04,00:00,GE,,52099,70,7,,,780,https://infocovid.smc.unige.ch/,,13
2021-05-05,00:00,GE,,52228,55,8,,,781,https://infocovid.smc.unige.ch/,,12
2021-05-06,00:00,GE,,52371,57,9,,,781,https://infocovid.smc.unige.ch/,,11
2021-05-07,00:00,GE,,52530,62,10,,,781,https://infocovid.smc.unige.ch/,,11
2021-05-08,00:00,GE,,52608,61,10,,,782,https://infocovid.smc.unige.ch/,,9
2021-05-09,00:00,GE,,52672,58,10,,,782,https://infocovid.smc.unige.ch/,,7
2021-05-10,00:00,GE,,52791,54,11,,,783,https://infocovid.smc.unige.ch/,,5
2021-05-11,00:00,GE,,52924,55,8,,,783,https://infocovid.smc.unige.ch/,,7
2021-05-12,00:00,GE,,53011,55,7,,,783,https://infocovid.smc.unige.ch/,,7
2021-05-13,00:00,GE,,53085,50,6,,,783,https://infocovid.smc.unige.ch/,,8
2021-05-14,00:00,GE,,53173,45,6,,,783,https://infocovid.smc.unige.ch/,,7
2021-05-15,00:00,GE,,53256,39,7,,,783,https://infocovid.smc.unige.ch/,,4
2021-05-16,00:00,GE,,53302,38,7,,,783,https://infocovid.smc.unige.ch/,,4
2021-05-17,00:00,GE,,53406,40,5,,,783,https://infocovid.smc.unige.ch/,,5
2021-05-18,00:00,GE,,53510,37,6,,,783,https://infocovid.smc.unige.ch/,,7
2021-05-19,00:00,GE,,53578,43,5,,,783,https://infocovid.smc.unige.ch/,,8
2021-05-20,00:00,GE,,53640,41,5,,,783,https://infocovid.smc.unige.ch/,,6
2021-05-21,00:00,GE,,53689,43,5,,,783,https://infocovid.smc.unige.ch/,,10
2021-05-22,00:00,GE,,53732,0,0,,,783,https://infocovid.smc.unige.ch/,,0
2021-05-23,00:00,GE,,53748,0,0,,,784,https://infocovid.smc.unige.ch/,,0
2021-05-24,00:00,GE,,53777,36,4,,,784,https://infocovid.smc.unige.ch/,,7
2021-05-25,00:00,GE,,53853,34,4,,,784,https://infocovid.smc.unige.ch/,,5
2021-05-26,00:00,GE,,53918,34,4,,,784,https://infocovid.smc.unige.ch/,,3
2021-05-27,00:00,GE,,53966,30,6,,,784,https://infocovid.smc.unige.ch/,,3
2021-05-28,00:00,GE,,54008,26,6,,,784,https://infocovid.smc.unige.ch/,,3
2021-05-29,00:00,GE,,54035,28,5,,,784,https://infocovid.smc.unige.ch/,,3
2021-05-30,00:00,GE,,54046,31,6,,,784,https://infocovid.smc.unige.ch/,,1
2021-05-31,00:00,GE,,54111,31,6,,,784,https://infocovid.smc.unige.ch/,,1
2021-06-01,00:00,GE,,54160,28,6,,,784,https://infocovid.smc.unige.ch/,,2
2021-06-02,00:00,GE,,54189,27,5,,,784,https://infocovid.smc.unige.ch/,,2
2021-06-03,00:00,GE,,54219,28,5,,,784,https://infocovid.smc.unige.ch/,,4
2021-06-04,00:00,GE,,54236,23,5,,,784,https://infocovid.smc.unige.ch/,,3
2021-06-05,00:00,GE,,54265,20,4,,,784,https://infocovid.smc.unige.ch/,,2
2021-06-06,00:00,GE,,54272,20,4,,,784,https://infocovid.smc.unige.ch/,,2
2021-06-07,00:00,GE,,54299,19,3,,,784,https://infocovid.smc.unige.ch/,,3
2021-06-08,00:00,GE,,54331,17,3,,,784,https://infocovid.smc.unige.ch/,,1
2021-06-09,00:00,GE,,54355,17,2,,,784,https://infocovid.smc.unige.ch/,,0
2021-06-10,00:00,GE,,54371,15,3,,,784,https://infocovid.smc.unige.ch/,,0
2021-06-11,00:00,GE,,54399,12,1,,,784,https://infocovid.smc.unige.ch/,,0
2021-06-12,00:00,GE,,54405,7,0,,,784,https://infocovid.smc.unige.ch/,,0
2021-06-13,00:00,GE,,54411,6,0,,,784,https://infocovid.smc.unige.ch/,,0
2021-06-14,00:00,GE,,54436,7,0,,,784,https://infocovid.smc.unige.ch/,,0
2021-06-15,00:00,GE,,54452,7,0,,,784,https://infocovid.smc.unige.ch/,,1
2021-06-16,00:00,GE,,54464,5,0,,,784,https://infocovid.smc.unige.ch/,,0
2021-06-17,00:00,GE,,54475,4,0,,,784,https://infocovid.smc.unige.ch/,,0
2021-06-18,00:00,GE,,54485,61,0,,,784,https://infocovid.smc.unige.ch/,,0
2021-06-19,00:00,GE,,54488,62,0,,,784,https://infocovid.smc.unige.ch/,,1
2021-06-20,00:00,GE,,54494,61,0,,,784,https://infocovid.smc.unige.ch/,,1
2021-06-21,00:00,GE,,54503,68,1,,,784,https://infocovid.smc.unige.ch/,,1
2021-06-22,00:00,GE,,54510,70,1,,,784,https://infocovid.smc.unige.ch/,,1
2021-06-23,00:00,GE,,54515,68,1,,,784,https://infocovid.smc.unige.ch/,,1
2021-06-24,00:00,GE,,54519,65,1,,,784,https://infocovid.smc.unige.ch/,,1
2021-06-25,00:00,GE,,54522,64,1,,,784,https://infocovid.smc.unige.ch/,,2
2021-06-26,00:00,GE,,54531,59,0,,,784,https://infocovid.smc.unige.ch/,,0
2021-06-27,00:00,GE,,54537,57,0,,,784,https://infocovid.smc.unige.ch/,,0
2021-06-28,00:00,GE,,54558,63,1,,,784,https://infocovid.smc.unige.ch/,,0
2021-06-29,00:00,GE,,54565,65,1,,,784,https://infocovid.smc.unige.ch/,,0
2021-06-30,00:00,GE,,54575,65,0,,,784,https://infocovid.smc.unige.ch/,,1
2021-07-01,00:00,GE,,54590,66,1,,,784,https://infocovid.smc.unige.ch/,,1
2021-07-02,00:00,GE,,54605,63,1,,,784,https://infocovid.smc.unige.ch/,,1
2021-07-03,00:00,GE,,54617,57,0,,,784,https://infocovid.smc.unige.ch/,,0
2021-07-04,00:00,GE,,54628,58,0,,,784,https://infocovid.smc.unige.ch/,,0
2021-07-05,00:00,GE,,54646,65,1,,,784,https://infocovid.smc.unige.ch/,,1
2021-07-06,00:00,GE,,54663,65,1,,,784,https://infocovid.smc.unige.ch/,,1
2021-07-07,00:00,GE,,54678,65,1,,,784,https://infocovid.smc.unige.ch/,,1
2021-07-08,00:00,GE,,54704,65,1,,,784,https://infocovid.smc.unige.ch/,,1
2021-07-09,00:00,GE,,54731,65,1,,,784,https://infocovid.smc.unige.ch/,,1
2021-07-10,00:00,GE,,54751,55,0,,,784,https://infocovid.smc.unige.ch/,,0
2021-07-11,00:00,GE,,54770,52,0,,,784,https://infocovid.smc.unige.ch/,,0
2021-07-12,00:00,GE,,54803,59,0,,,784,https://infocovid.smc.unige.ch/,,2
2021-07-13,00:00,GE,,54849,59,0,,,784,https://infocovid.smc.unige.ch/,,2
2021-07-14,00:00,GE,,54921,59,0,,,784,https://infocovid.smc.unige.ch/,,2
2021-07-15,00:00,GE,,55014,54,0,,,784,https://infocovid.smc.unige.ch/,,2
2021-07-16,00:00,GE,,55091,53,0,,,784,https://infocovid.smc.unige.ch/,,2
2021-07-17,00:00,GE,,55179,48,0,,,784,https://infocovid.smc.unige.ch/,,0
2021-07-18,00:00,GE,,55244,48,0,,,784,https://infocovid.smc.unige.ch/,,0
2021-07-19,00:00,GE,,55347,57,1,,,784,https://infocovid.smc.unige.ch/,,2
2021-07-20,00:00,GE,,55467,53,0,,,784,https://infocovid.smc.unige.ch/,,3
2021-07-21,00:00,GE,,55599,52,0,,,784,https://infocovid.smc.unige.ch/,,2
2021-07-22,00:00,GE,,55714,54,1,,,784,https://infocovid.smc.unige.ch/,,3
2021-07-23,00:00,GE,,55823,54,2,,,784,https://infocovid.smc.unige.ch/,,3
2021-07-24,00:00,GE,,55887,40,0,,,784,https://infocovid.smc.unige.ch/,,0
2021-07-25,00:00,GE,,55946,41,0,,,784,https://infocovid.smc.unige.ch/,,0
2021-07-26,00:00,GE,,56048,62,2,,,784,https://infocovid.smc.unige.ch/,,4
2021-07-27,00:00,GE,,56134,63,2,,,784,https://infocovid.smc.unige.ch/,,4
2021-07-28,00:00,GE,,56261,63,2,,,784,https://infocovid.smc.unige.ch/,,4
2021-07-29,00:00,GE,,56372,61,2,,,784,https://infocovid.smc.unige.ch/,,4
2021-07-30,00:00,GE,,56482,54,2,,,784,https://infocovid.smc.unige.ch/,,4
2021-07-31,00:00,GE,,56580,39,0,,,784,https://infocovid.smc.unige.ch/,,0
2021-08-01,00:00,GE,,56631,39,0,,,784,https://infocovid.smc.unige.ch/,,0
2021-08-02,00:00,GE,,56771,39,0,,,784,https://infocovid.smc.unige.ch/,,0
2021-08-03,00:00,GE,,56886,65,4,,,785,https://infocovid.smc.unige.ch/,,5
2021-08-04,00:00,GE,,56990,65,5,,,785,https://infocovid.smc.unige.ch/,,3
2021-08-05,00:00,GE,,57105,67,6,,,785,https://infocovid.smc.unige.ch/,,2
2021-08-06,00:00,GE,,57224,66,5,,,785,https://infocovid.smc.unige.ch/,,3
2021-08-07,00:00,GE,,57326,41,0,,,785,https://infocovid.smc.unige.ch/,,0
2021-08-08,00:00,GE,,57366,41,0,,,785,https://infocovid.smc.unige.ch/,,0
2021-08-09,00:00,GE,,57527,70,4,,,785,https://infocovid.smc.unige.ch/,,5
2021-08-10,00:00,GE,,57652,66,4,,,785,https://infocovid.smc.unige.ch/,,5
2021-08-11,00:00,GE,,57829,67,3,,,785,https://infocovid.smc.unige.ch/,,6
2021-08-12,00:00,GE,,57992,66,3,,,785,https://infocovid.smc.unige.ch/,,6
2021-08-13,00:00,GE,,58123,72,4,,,785,https://infocovid.smc.unige.ch/,,6
2021-08-14,00:00,GE,,58246,39,0,,,785,https://infocovid.smc.unige.ch/,,0
2021-08-15,00:00,GE,,58345,36,0,,,785,https://infocovid.smc.unige.ch/,,0
2021-08-16,00:00,GE,,58533,83,4,,,786,https://infocovid.smc.unige.ch/,,7
2021-08-17,00:00,GE,,58675,91,3,,,786,https://infocovid.smc.unige.ch/,,9
2021-08-18,00:00,GE,,58827,95,5,,,786,https://infocovid.smc.unige.ch/,,10
2021-08-19,00:00,GE,,58975,91,8,,,787,https://infocovid.smc.unige.ch/,,9
2021-08-20,00:00,GE,,59113,95,10,,,787,https://infocovid.smc.unige.ch/,,10
2021-08-21,00:00,GE,,59240,95,12,,,787,https://infocovid.smc.unige.ch/,,8
2021-08-22,00:00,GE,,59309,39,0,,,787,https://infocovid.smc.unige.ch/,,0
2021-08-23,00:00,GE,,59483,98,11,,,787,https://infocovid.smc.unige.ch/,,10
2021-08-24,00:00,GE,,59650,101,12,,,787,https://infocovid.smc.unige.ch/,,10
2021-08-25,00:00,GE,,59788,101,13,,,787,https://infocovid.smc.unige.ch/,,7
2021-08-26,00:00,GE,,59940,96,14,,,787,https://infocovid.smc.unige.ch/,,5
2021-08-27,00:00,GE,,60087,94,18,,,787,https://infocovid.smc.unige.ch/,,4
2021-08-28,00:00,GE,,60207,94,17,,,787,https://infocovid.smc.unige.ch/,,4
2021-08-29,00:00,GE,,60280,95,17,,,787,https://infocovid.smc.unige.ch/,,7
2021-08-30,00:00,GE,,60410,99,17,,,787,https://infocovid.smc.unige.ch/,,10
2021-08-31,00:00,GE,,60550,105,15,,,787,https://infocovid.smc.unige.ch/,,12
2021-09-01,00:00,GE,,60663,105,15,,,787,https://infocovid.smc.unige.ch/,,10
2021-09-02,00:00,GE,,60786,107,16,,,787,https://infocovid.smc.unige.ch/,,13
2021-09-03,00:00,GE,,60909,106,16,,,787,https://infocovid.smc.unige.ch/,,12
2021-09-04,00:00,GE,,61012,103,14,,,787,https://infocovid.smc.unige.ch/,,13
2021-09-05,00:00,GE,,61057,105,16,,,787,https://infocovid.smc.unige.ch/,,11
2021-09-06,00:00,GE,,61163,104,13,,,787,https://infocovid.smc.unige.ch/,,15
2021-09-07,00:00,GE,,61237,108,12,,,787,https://infocovid.smc.unige.ch/,,7
2021-09-08,00:00,GE,,61339,108,12,,,787,https://infocovid.smc.unige.ch/,,6
2021-09-09,00:00,GE,,61452,109,14,,,787,https://infocovid.smc.unige.ch/,,4
2021-09-10,00:00,GE,,61543,105,14,,,787,https://infocovid.smc.unige.ch/,,4
2021-09-11,00:00,GE,,61615,109,14,,,787,https://infocovid.smc.unige.ch/,,3
2021-09-12,00:00,GE,,61653,107,14,,,787,https://infocovid.smc.unige.ch/,,3
2021-09-13,00:00,GE,,61757,105,12,,,788,https://infocovid.smc.unige.ch/,,5
2021-09-14,00:00,GE,,61829,94,12,,,788,https://infocovid.smc.unige.ch/,,5
2021-09-15,00:00,GE,,61902,97,11,,,788,https://infocovid.smc.unige.ch/,,7
2021-09-16,00:00,GE,,61981,102,14,,,788,https://infocovid.smc.unige.ch/,,5
2021-09-17,00:00,GE,,62051,93,13,,,789,https://infocovid.smc.unige.ch/,,4
2021-09-18,00:00,GE,,62123,94,13,,,789,https://infocovid.smc.unige.ch/,,4
2021-09-19,00:00,GE,,62143,95,13,,,790,https://infocovid.smc.unige.ch/,,5
2021-09-20,00:00,GE,,62195,99,13,,,790,https://infocovid.smc.unige.ch/,,6
2021-09-21,00:00,GE,,62262,85,12,,,790,https://infocovid.smc.unige.ch/,,5
2021-09-22,00:00,GE,,62332,84,12,,,790,https://infocovid.smc.unige.ch/,,3
2021-09-23,00:00,GE,,62376,81,12,,,791,https://infocovid.smc.unige.ch/,,3
2021-09-24,00:00,GE,,62423,80,11,,,791,https://infocovid.smc.unige.ch/,,5
2021-09-25,00:00,GE,,62495,81,10,,,792,https://infocovid.smc.unige.ch/,,6
2021-09-26,00:00,GE,,62522,81,11,,,792,https://infocovid.smc.unige.ch/,,5
2021-09-27,00:00,GE,,62582,83,10,,,792,https://infocovid.smc.unige.ch/,,6
2021-09-28,00:00,GE,,62632,84,10,,,792,https://infocovid.smc.unige.ch/,,4
2021-09-29,00:00,GE,,62674,82,9,,,793,https://infocovid.smc.unige.ch/,,5
2021-09-30,00:00,GE,,62729,81,9,,,793,https://infocovid.smc.unige.ch/,,6
2021-10-01,00:00,GE,,62771,81,8,,,793,https://infocovid.smc.unige.ch/,,6
2021-10-02,00:00,GE,,62812,77,7,,,793,https://infocovid.smc.unige.ch/,,5
2021-10-03,00:00,GE,,62824,76,5,,,793,https://infocovid.smc.unige.ch/,,6
2021-10-04,00:00,GE,,62871,79,6,,,793,https://infocovid.smc.unige.ch/,,3
2021-10-05,00:00,GE,,62920,74,6,,,793,https://infocovid.smc.unige.ch/,,2
2021-10-06,00:00,GE,,62969,72,6,,,793,https://infocovid.smc.unige.ch/,,2
2021-10-07,00:00,GE,,63009,72,6,,,793,https://infocovid.smc.unige.ch/,,2
2021-10-08,00:00,GE,,63054,67,7,,,793,https://infocovid.smc.unige.ch/,,1
2021-10-09,00:00,GE,,63088,66,7,,,793,https://infocovid.smc.unige.ch/,,2
2021-10-10,00:00,GE,,63109,65,6,,,793,https://infocovid.smc.unige.ch/,,3
2021-10-11,00:00,GE,,63171,67,7,,,793,https://infocovid.smc.unige.ch/,,1
2021-10-12,00:00,GE,,63225,66,6,,,793,https://infocovid.smc.unige.ch/,,2
2021-10-13,00:00,GE,,63286,70,6,,,793,https://infocovid.smc.unige.ch/,,1
2021-10-14,00:00,GE,,63342,66,6,,,793,https://infocovid.smc.unige.ch/,,1
2021-10-15,00:00,GE,,63403,70,6,,,793,https://infocovid.smc.unige.ch/,,1
2021-10-16,00:00,GE,,63464,66,5,,,793,https://infocovid.smc.unige.ch/,,2
2021-10-17,00:00,GE,,63509,69,5,,,793,https://infocovid.smc.unige.ch/,,2
2021-10-18,00:00,GE,,63584,68,5,,,793,https://infocovid.smc.unige.ch/,,3
2021-10-19,00:00,GE,,63654,62,5,,,793,https://infocovid.smc.unige.ch/,,2
2021-10-20,00:00,GE,,63744,62,5,,,794,https://infocovid.smc.unige.ch/,,2
2021-10-21,00:00,GE,,63835,59,3,,,795,https://infocovid.smc.unige.ch/,,2
2021-10-22,00:00,GE,,63897,57,3,,,795,https://infocovid.smc.unige.ch/,,2
2021-10-23,00:00,GE,,63942,56,3,,,795,https://infocovid.smc.unige.ch/,,4
2021-10-24,00:00,GE,,63995,57,4,,,795,https://infocovid.smc.unige.ch/,,4
2021-10-25,00:00,GE,,64077,56,3,,,795,https://infocovid.smc.unige.ch/,,4
2021-10-26,00:00,GE,,64143,62,4,,,795,https://infocovid.smc.unige.ch/,,3
2021-10-27,00:00,GE,,64225,57,4,,,796,https://infocovid.smc.unige.ch/,,3
2021-10-28,00:00,GE,,64316,60,4,,,796,https://infocovid.smc.unige.ch/,,5
2021-10-29,00:00,GE,,64391,60,5,,,796,https://infocovid.smc.unige.ch/,,5
2021-10-30,00:00,GE,,64449,62,5,,,796,https://infocovid.smc.unige.ch/,,8
2021-10-31,00:00,GE,,64507,65,5,,,796,https://infocovid.smc.unige.ch/,,7
2021-11-01,00:00,GE,,64628,70,6,,,796,https://infocovid.smc.unige.ch/,,6
2021-11-02,00:00,GE,,64713,72,7,,,796,https://infocovid.smc.unige.ch/,,5
2021-11-03,00:00,GE,,64814,77,6,,,796,https://infocovid.smc.unige.ch/,,5
2021-11-04,00:00,GE,,64894,80,5,,,796,https://infocovid.smc.unige.ch/,,7
2021-11-05,00:00,GE,,64991,78,5,,,796,https://infocovid.smc.unige.ch/,,7
2021-11-06,00:00,GE,,65056,79,4,,,796,https://infocovid.smc.unige.ch/,,5
2021-11-07,00:00,GE,,65094,78,4,,,796,https://infocovid.smc.unige.ch/,,5
2021-11-08,00:00,GE,,65197,80,4,,,796,https://infocovid.smc.unige.ch/,,6
2021-11-09,00:00,GE,,65306,75,5,,,796,https://infocovid.smc.unige.ch/,,3
2021-11-10,00:00,GE,,65437,77,5,,,796,https://infocovid.smc.unige.ch/,,4
2021-11-11,00:00,GE,,65569,80,5,,,796,https://infocovid.smc.unige.ch/,,6
2021-11-12,00:00,GE,,65680,77,7,,,796,https://infocovid.smc.unige.ch/,,5
2021-11-13,00:00,GE,,65784,82,8,,,796,https://infocovid.smc.unige.ch/,,4
2021-11-14,00:00,GE,,65843,80,6,,,796,https://infocovid.smc.unige.ch/,,8
2021-11-15,00:00,GE,,65998,78,6,,,799,https://infocovid.smc.unige.ch/,,6
2021-11-16,00:00,GE,,66192,83,7,,,799,https://infocovid.smc.unige.ch/,,5
2021-11-17,00:00,GE,,66370,85,7,,,799,https://infocovid.smc.unige.ch/,,5
2021-11-18,00:00,GE,,66557,85,6,,,799,https://infocovid.smc.unige.ch/,,7
2021-11-19,00:00,GE,,66763,94,5,,,799,https://infocovid.smc.unige.ch/,,6
2021-11-20,00:00,GE,,66984,93,5,,,801,https://infocovid.smc.unige.ch/,,7
2021-11-21,00:00,GE,,67111,97,5,,,801,https://infocovid.smc.unige.ch/,,6
2021-11-22,00:00,GE,,67510,95,7,,,801,https://infocovid.smc.unige.ch/,,4
2021-11-23,00:00,GE,,67881,105,9,,,801,https://infocovid.smc.unige.ch/,,5
2021-11-24,00:00,GE,,68222,103,10,,,801,https://infocovid.smc.unige.ch/,,5
2021-11-25,00:00,GE,,68608,97,10,,,801,https://infocovid.smc.unige.ch/,,5
2021-11-26,00:00,GE,,69028,104,8,,,802,https://infocovid.smc.unige.ch/,,6
2021-11-27,00:00,GE,,69386,107,9,,,802,https://infocovid.smc.unige.ch/,,8
2021-11-28,00:00,GE,,69577,112,11,,,802,https://infocovid.smc.unige.ch/,,7
2021-11-29,00:00,GE,,70076,122,10,,,802,https://infocovid.smc.unige.ch/,,7
2021-11-30,00:00,GE,,70741,138,10,,,802,https://infocovid.smc.unige.ch/,,6
2021-12-01,00:00,GE,,71307,143,11,,,804,https://infocovid.smc.unige.ch/,,5
2021-12-02,00:00,GE,,71895,144,11,,,805,https://infocovid.smc.unige.ch/,,5
2021-12-03,00:00,GE,,72505,144,12,,,807,https://infocovid.smc.unige.ch/,,4
2021-12-04,00:00,GE,,73000,160,16,,,810,https://infocovid.smc.unige.ch/,,6
2021-12-05,00:00,GE,,73244,172,16,,,813,https://infocovid.smc.unige.ch/,,6
2021-12-06,00:00,GE,,73851,185,17,,,814,https://infocovid.smc.unige.ch/,,9
2021-12-07,00:00,GE,,74597,185,16,,,815,https://infocovid.smc.unige.ch/,,12
2021-12-08,00:00,GE,,75324,187,19,,,817,https://infocovid.smc.unige.ch/,,9
2021-12-09,00:00,GE,,75996,190,18,,,819,https://infocovid.smc.unige.ch/,,11
2021-12-10,00:00,GE,,76627,195,15,,,820,https://infocovid.smc.unige.ch/,,15
2021-12-11,00:00,GE,,77156,204,15,,,821,https://infocovid.smc.unige.ch/,,17
2021-12-12,00:00,GE,,77400,212,15,,,822,https://infocovid.smc.unige.ch/,,16
2021-12-13,00:00,GE,,78118,209,16,,,823,https://infocovid.smc.unige.ch/,,15
2021-12-14,00:00,GE,,78909,210,16,,,824,https://infocovid.smc.unige.ch/,,16
2021-12-15,00:00,GE,,79658,206,17,,,825,https://infocovid.smc.unige.ch/,,18
2021-12-16,00:00,GE,,80246,201,15,,,825,https://infocovid.smc.unige.ch/,,24
2021-12-17,00:00,GE,,80903,208,16,,,826,https://infocovid.smc.unige.ch/,,21
2021-12-18,00:00,GE,,81434,213,18,,,826,https://infocovid.smc.unige.ch/,,21
2021-12-19,00:00,GE,,81705,208,18,,,826,https://infocovid.smc.unige.ch/,,18
2021-12-20,00:00,GE,,82460,212,19,,,828,https://infocovid.smc.unige.ch/,,16
2021-12-21,00:00,GE,,83404,215,20,,,829,https://infocovid.smc.unige.ch/,,15
2021-12-22,00:00,GE,,84427,220,19,,,830,https://infocovid.smc.unige.ch/,,18
2021-12-23,00:00,GE,,85464,227,16,,,830,https://infocovid.smc.unige.ch/,,19
2021-12-24,00:00,GE,,86455,240,17,,,830,https://infocovid.smc.unige.ch/,,18
2021-12-25,00:00,GE,,86984,241,19,,,833,https://infocovid.smc.unige.ch/,,20
2021-12-26,00:00,GE,,87450,251,19,,,833,https://infocovid.smc.unige.ch/,,22
2021-12-27,00:00,GE,,88747,264,20,,,834,https://infocovid.smc.unige.ch/,,19
2021-12-28,00:00,GE,,90285,286,20,,,834,https://infocovid.smc.unige.ch/,,20
2021-12-29,00:00,GE,,92052,278,18,,,835,https://infocovid.smc.unige.ch/,,20
2021-12-30,00:00,GE,,93999,292,17,,,836,https://infocovid.smc.unige.ch/,,18
2021-12-31,00:00,GE,,95348,283,18,,,838,https://infocovid.smc.unige.ch/,,12
2022-01-01,00:00,GE,,96126,303,19,,,839,https://infocovid.smc.unige.ch/,,13
2022-01-02,00:00,GE,,96901,326,19,,,839,https://infocovid.smc.unige.ch/,,8
2022-01-03,00:00,GE,,98882,339,19,,,840,https://infocovid.smc.unige.ch/,,10
2022-01-04,00:00,GE,,101782,352,17,,,840,https://infocovid.smc.unige.ch/,,12
2022-01-05,00:00,GE,,104658,370,15,,,840,https://infocovid.smc.unige.ch/,,15
2022-01-06,00:00,GE,,106944,370,13,,,842,https://infocovid.smc.unige.ch/,,18
2022-01-07,00:00,GE,,109499,399,15,,,843,https://infocovid.smc.unige.ch/,,24
2022-01-08,00:00,GE,,111104,423,15,,,845,https://infocovid.smc.unige.ch/,,23
2022-01-09,00:00,GE,,112190,423,14,,,845,https://infocovid.smc.unige.ch/,,21
2022-01-10,00:00,GE,,114664,427,13,,,846,https://infocovid.smc.unige.ch/,,21
2022-01-11,00:00,GE,,117549,431,9,,,846,https://infocovid.smc.unige.ch/,,20
2022-01-12,00:00,GE,,120363,412,11,,,846,https://infocovid.smc.unige.ch/,,19
2022-01-13,00:00,GE,,122795,420,8,,,847,https://infocovid.smc.unige.ch/,,19
2022-01-14,00:00,GE,,124818,444,10,,,847,https://infocovid.smc.unige.ch/,,22
2022-01-15,00:00,GE,,126889,446,10,,,847,https://infocovid.smc.unige.ch/,,27
2022-01-16,00:00,GE,,127863,457,12,,,849,https://infocovid.smc.unige.ch/,,24
2022-01-17,00:00,GE,,130254,444,14,,,849,https://infocovid.smc.unige.ch/,,22
2022-01-18,00:00,GE,,133323,485,15,,,849,https://infocovid.smc.unige.ch/,,24
2022-01-19,00:00,GE,,136355,470,10,,,850,https://infocovid.smc.unige.ch/,,21
2022-01-20,00:00,GE,,139656,493,12,,,853,https://infocovid.smc.unige.ch/,,17
2022-01-21,00:00,GE,,142713,503,13,,,853,https://infocovid.smc.unige.ch/,,18
2022-01-22,00:00,GE,,144953,505,15,,,856,https://infocovid.smc.unige.ch/,,17
2022-01-23,00:00,GE,,146037,527,14,,,856,https://infocovid.smc.unige.ch/,,11
2022-01-24,00:00,GE,,148789,518,17,,,856,https://infocovid.smc.unige.ch/,,9
2022-01-25,00:00,GE,,152293,535,17,,,859,https://infocovid.smc.unige.ch/,,16
2022-01-26,00:00,GE,,155325,541,15,,,859,https://infocovid.smc.unige.ch/,,20
2022-01-27,00:00,GE,,158082,524,16,,,860,https://infocovid.smc.unige.ch/,,16
2022-01-28,00:00,GE,,160420,524,16,,,862,https://infocovid.smc.unige.ch/,,14
2022-01-29,00:00,GE,,161983,530,14,,,863,https://infocovid.smc.unige.ch/,,15
2022-01-30,00:00,GE,,162775,521,15,,,864,https://infocovid.smc.unige.ch/,,16
2022-01-31,00:00,GE,,164865,521,15,,,864,https://infocovid.smc.unige.ch/,,15
2022-02-01,00:00,GE,,167083,510,13,,,865,https://infocovid.smc.unige.ch/,,17
2022-02-02,00:00,GE,,168963,532,12,,,870,https://infocovid.smc.unige.ch/,,18
2022-02-03,00:00,GE,,170639,523,11,,,870,https://infocovid.smc.unige.ch/,,17
2022-02-04,00:00,GE,,171861,523,11,,,870,https://infocovid.smc.unige.ch/,,13
2022-02-05,00:00,GE,,172839,528,11,,,871,https://infocovid.smc.unige.ch/,,15
2022-02-06,00:00,GE,,173307,539,11,,,872,https://infocovid.smc.unige.ch/,,14
2022-02-07,00:00,GE,,174557,536,11,,,874,https://infocovid.smc.unige.ch/,,11
2022-02-08,00:00,GE,,175742,547,11,,,874,https://infocovid.smc.unige.ch/,,15
2022-02-09,00:00,GE,,176654,535,11,,,875,https://infocovid.smc.unige.ch/,,10
2022-02-10,00:00,GE,,177534,531,12,,,876,https://infocovid.smc.unige.ch/,,9
2022-02-11,00:00,GE,,178219,542,9,,,881,https://infocovid.smc.unige.ch/,,13
2022-02-12,00:00,GE,,178704,513,8,,,882,https://infocovid.smc.unige.ch/,,14
2022-02-13,00:00,GE,,178955,517,8,,,882,https://infocovid.smc.unige.ch/,,15
2022-02-14,00:00,GE,,179582,517,8,,,882,https://infocovid.smc.unige.ch/,,13
2022-02-15,00:00,GE,,180111,524,9,,,883,https://infocovid.smc.unige.ch/,,16
2022-02-16,00:00,GE,,180560,522,7,,,884,https://infocovid.smc.unige.ch/,,18
2022-02-17,00:00,GE,,181024,516,6,,,885,https://infocovid.smc.unige.ch/,,9
2022-02-18,00:00,GE,,181425,518,7,,,886,https://infocovid.smc.unige.ch/,,9
2022-02-19,00:00,GE,,181656,490,4,,,886,https://infocovid.smc.unige.ch/,,9
2022-02-20,00:00,GE,,181798,488,3,,,887,https://infocovid.smc.unige.ch/,,7
2022-02-21,00:00,GE,,182436,505,2,,,888,https://infocovid.smc.unige.ch/,,5
2022-02-22,00:00,GE,,182929,516,3,,,888,https://infocovid.smc.unige.ch/,,6
2022-02-23,00:00,GE,,183344,518,5,,,891,https://infocovid.smc.unige.ch/,,7
2022-02-24,00:00,GE,,183764,506,5,,,894,https://infocovid.smc.unige.ch/,,6
2022-02-25,00:00,GE,,184152,497,2,,,894,https://infocovid.smc.unige.ch/,,7
2022-02-26,00:00,GE,,184418,462,4,,,894,https://infocovid.smc.unige.ch/,,4
2022-02-27,00:00,GE,,184565,449,2,,,894,https://infocovid.smc.unige.ch/,,2
2022-02-28,00:00,GE,,185002,463,2,,,894,https://infocovid.smc.unige.ch/,,1
2022-03-01,00:00,GE,,185408,459,2,,,894,https://infocovid.smc.unige.ch/,,3
2022-03-02,00:00,GE,,185898,463,3,,,894,https://infocovid.smc.unige.ch/,,4
2022-03-03,00:00,GE,,186352,461,3,,,894,https://infocovid.smc.unige.ch/,,2
2022-03-04,00:00,GE,,186759,451,3,,,894,https://infocovid.smc.unige.ch/,,3
2022-03-05,00:00,GE,,187115,431,1,,,894,https://infocovid.smc.unige.ch/,,6
2022-03-06,00:00,GE,,187342,423,2,,,894,https://infocovid.smc.unige.ch/,,6
2022-03-07,00:00,GE,,187971,447,3,,,894,https://infocovid.smc.unige.ch/,,6
2022-03-08,00:00,GE,,188507,455,3,,,894,https://infocovid.smc.unige.ch/,,7
