date,time,abbreviation_canton_and_fl,ncumul_tested,ncumul_conf,ncumul_hosp,ncumul_ICU,ncumul_vent,ncumul_released,ncumul_deceased,source,TotalPosTests1,ninst_ICU_intub
2020-02-25,,TI,,0,0,0,0,0,0,https://www4.ti.ch/fileadmin/DSS/DSP/UMC/malattie_infettive/Coronavirus/dati/COVID19_Dati_TI_UMC_per_github.xlsx,,
2020-02-26,,TI,,1,0,0,0,0,0,https://www4.ti.ch/fileadmin/DSS/DSP/UMC/malattie_infettive/Coronavirus/dati/COVID19_Dati_TI_UMC_per_github.xlsx,,
2020-02-27,,TI,,1,0,0,0,0,0,https://www4.ti.ch/fileadmin/DSS/DSP/UMC/malattie_infettive/Coronavirus/dati/COVID19_Dati_TI_UMC_per_github.xlsx,,
2020-02-28,,TI,,1,0,0,0,0,0,https://www4.ti.ch/fileadmin/DSS/DSP/UMC/malattie_infettive/Coronavirus/dati/COVID19_Dati_TI_UMC_per_github.xlsx,,
2020-02-29,,TI,,2,0,0,0,0,0,https://www4.ti.ch/fileadmin/DSS/DSP/UMC/malattie_infettive/Coronavirus/dati/COVID19_Dati_TI_UMC_per_github.xlsx,,
2020-03-01,,TI,,2,0,0,0,0,0,https://www4.ti.ch/fileadmin/DSS/DSP/UMC/malattie_infettive/Coronavirus/dati/COVID19_Dati_TI_UMC_per_github.xlsx,,
2020-03-02,,TI,,4,0,0,0,0,0,https://www4.ti.ch/fileadmin/DSS/DSP/UMC/malattie_infettive/Coronavirus/dati/COVID19_Dati_TI_UMC_per_github.xlsx,6,
2020-03-03,,TI,,8,0,0,0,0,0,https://www4.ti.ch/fileadmin/DSS/DSP/UMC/malattie_infettive/Coronavirus/dati/COVID19_Dati_TI_UMC_per_github.xlsx,,
2020-03-04,,TI,,13,0,0,0,0,0,https://www4.ti.ch/fileadmin/DSS/DSP/UMC/malattie_infettive/Coronavirus/dati/COVID19_Dati_TI_UMC_per_github.xlsx,18,
2020-03-05,,TI,,25,0,0,0,0,0,https://www4.ti.ch/fileadmin/DSS/DSP/UMC/malattie_infettive/Coronavirus/dati/COVID19_Dati_TI_UMC_per_github.xlsx,,
2020-03-06,,TI,,28,0,0,0,0,0,https://www4.ti.ch/fileadmin/DSS/DSP/UMC/malattie_infettive/Coronavirus/dati/COVID19_Dati_TI_UMC_per_github.xlsx,45,
2020-03-07,,TI,,41,0,0,0,0,0,https://www4.ti.ch/fileadmin/DSS/DSP/UMC/malattie_infettive/Coronavirus/dati/COVID19_Dati_TI_UMC_per_github.xlsx,58,
2020-03-08,,TI,,49,0,0,0,0,0,https://www4.ti.ch/fileadmin/DSS/DSP/UMC/malattie_infettive/Coronavirus/dati/COVID19_Dati_TI_UMC_per_github.xlsx,68,
2020-03-09,,TI,,61,0,0,0,0,0,https://www4.ti.ch/fileadmin/DSS/DSP/UMC/malattie_infettive/Coronavirus/dati/COVID19_Dati_TI_UMC_per_github.xlsx,,
2020-03-10,,TI,,75,0,0,0,0,1,https://www4.ti.ch/fileadmin/DSS/DSP/UMC/malattie_infettive/Coronavirus/dati/COVID19_Dati_TI_UMC_per_github.xlsx,,
2020-03-11,,TI,,108,0,0,0,0,1,https://www4.ti.ch/fileadmin/DSS/DSP/UMC/malattie_infettive/Coronavirus/dati/COVID19_Dati_TI_UMC_per_github.xlsx,,
2020-03-12,,TI,,163,0,0,0,0,1,https://www4.ti.ch/fileadmin/DSS/DSP/UMC/malattie_infettive/Coronavirus/dati/COVID19_Dati_TI_UMC_per_github.xlsx,,
2020-03-13,,TI,,206,0,0,0,0,1,https://www4.ti.ch/fileadmin/DSS/DSP/UMC/malattie_infettive/Coronavirus/dati/COVID19_Dati_TI_UMC_per_github.xlsx,,
2020-03-14,,TI,,265,77,13,0,61,3,https://www4.ti.ch/fileadmin/DSS/DSP/UMC/malattie_infettive/Coronavirus/dati/COVID19_Dati_TI_UMC_per_github.xlsx,,
2020-03-15,,TI,,293,92,16,0,61,6,https://www4.ti.ch/fileadmin/DSS/DSP/UMC/malattie_infettive/Coronavirus/dati/COVID19_Dati_TI_UMC_per_github.xlsx,,
2020-03-16,,TI,,368,112,18,0,61,8,https://www4.ti.ch/fileadmin/DSS/DSP/UMC/malattie_infettive/Coronavirus/dati/COVID19_Dati_TI_UMC_per_github.xlsx,,
2020-03-17,,TI,,426,137,23,0,62,10,https://www4.ti.ch/fileadmin/DSS/DSP/UMC/malattie_infettive/Coronavirus/dati/COVID19_Dati_TI_UMC_per_github.xlsx,,
2020-03-18,,TI,,511,163,29,28,62,12,https://www4.ti.ch/fileadmin/DSS/DSP/UMC/malattie_infettive/Coronavirus/dati/COVID19_Dati_TI_UMC_per_github.xlsx,,
2020-03-19,,TI,,638,182,33,32,65,13,https://www4.ti.ch/fileadmin/DSS/DSP/UMC/malattie_infettive/Coronavirus/dati/COVID19_Dati_TI_UMC_per_github.xlsx,,
2020-03-20,08:00,TI,,849,190,35,34,67,22,https://www4.ti.ch/fileadmin/DSS/DSP/UMC/malattie_infettive/Coronavirus/dati/COVID19_Dati_TI_UMC_per_github.xlsx,,
2020-03-21,08:00,TI,,916,224,40,37,68,28,https://www4.ti.ch/fileadmin/DSS/DSP/UMC/malattie_infettive/Coronavirus/dati/COVID19_Dati_TI_UMC_per_github.xlsx,,37
2020-03-22,08:00,TI,,945,246,46,43,70,37,https://www4.ti.ch/fileadmin/DSS/DSP/UMC/malattie_infettive/Coronavirus/dati/COVID19_Dati_TI_UMC_per_github.xlsx,,43
2020-03-23,08:00,TI,,1162,261,45,43,71,48,https://www4.ti.ch/fileadmin/DSS/DSP/UMC/malattie_infettive/Coronavirus/dati/COVID19_Dati_TI_UMC_per_github.xlsx,,43
2020-03-24,08:00,TI,,1209,285,50,48,80,53,https://www4.ti.ch/fileadmin/DSS/DSP/UMC/malattie_infettive/Coronavirus/dati/COVID19_Dati_TI_UMC_per_github.xlsx,,48
2020-03-25,08:00,TI,,1354,306,57,55,85,60,https://www4.ti.ch/fileadmin/DSS/DSP/UMC/malattie_infettive/Coronavirus/dati/COVID19_Dati_TI_UMC_per_github.xlsx,,55
2020-03-26,08:00,TI,,1401,358,60,56,91,67,https://www4.ti.ch/fileadmin/DSS/DSP/UMC/malattie_infettive/Coronavirus/dati/COVID19_Dati_TI_UMC_per_github.xlsx,,56
2020-03-27,08:00,TI,,1688,386,61,51,107,76,https://www4.ti.ch/fileadmin/DSS/DSP/UMC/malattie_infettive/Coronavirus/dati/COVID19_Dati_TI_UMC_per_github.xlsx,,51
2020-03-28,08:00,TI,,1727,385,69,60,136,87,https://www4.ti.ch/fileadmin/DSS/DSP/UMC/malattie_infettive/Coronavirus/dati/COVID19_Dati_TI_UMC_per_github.xlsx,,60
2020-03-29,08:00,TI,,1837,402,69,59,155,93,https://www4.ti.ch/fileadmin/DSS/DSP/UMC/malattie_infettive/Coronavirus/dati/COVID19_Dati_TI_UMC_per_github.xlsx,,59
2020-03-30,08:00,TI,,1962,415,75,61,165,105,https://www4.ti.ch/fileadmin/DSS/DSP/UMC/malattie_infettive/Coronavirus/dati/COVID19_Dati_TI_UMC_per_github.xlsx,,61
2020-03-31,08:00,TI,,2091,401,74,67,202,120,https://www4.ti.ch/fileadmin/DSS/DSP/UMC/malattie_infettive/Coronavirus/dati/COVID19_Dati_TI_UMC_per_github.xlsx,,67
2020-04-01,08:00,TI,,2195,396,76,72,229,132,https://www4.ti.ch/fileadmin/DSS/DSP/UMC/malattie_infettive/Coronavirus/dati/COVID19_Dati_TI_UMC_per_github.xlsx,,72
2020-04-02,08:00,TI,,2271,374,75,73,263,141,https://www4.ti.ch/fileadmin/DSS/DSP/UMC/malattie_infettive/Coronavirus/dati/COVID19_Dati_TI_UMC_per_github.xlsx,,73
2020-04-03,08:00,TI,,2377,370,75,67,287,155,https://www4.ti.ch/fileadmin/DSS/DSP/UMC/malattie_infettive/Coronavirus/dati/COVID19_Dati_TI_UMC_per_github.xlsx,,67
2020-04-04,08:00,TI,,2442,363,72,67,314,165,https://www4.ti.ch/fileadmin/DSS/DSP/UMC/malattie_infettive/Coronavirus/dati/COVID19_Dati_TI_UMC_per_github.xlsx,,67
2020-04-05,08:00,TI,,2508,362,74,61,340,177,https://www4.ti.ch/fileadmin/DSS/DSP/UMC/malattie_infettive/Coronavirus/dati/COVID19_Dati_TI_UMC_per_github.xlsx,,61
2020-04-06,08:00,TI,,2546,357,72,62,350,189,https://www4.ti.ch/fileadmin/DSS/DSP/UMC/malattie_infettive/Coronavirus/dati/COVID19_Dati_TI_UMC_per_github.xlsx,,62
2020-04-07,08:00,TI,,2599,335,72,65,388,198,https://www4.ti.ch/fileadmin/DSS/DSP/UMC/malattie_infettive/Coronavirus/dati/COVID19_Dati_TI_UMC_per_github.xlsx,,
2020-04-08,08:00,TI,,2659,319,71,64,420,211,https://www4.ti.ch/fileadmin/DSS/DSP/UMC/malattie_infettive/Coronavirus/dati/COVID19_Dati_TI_UMC_per_github.xlsx,,
2020-04-09,08:00,TI,,2714,301,72,68,447,219,https://www4.ti.ch/fileadmin/DSS/DSP/UMC/malattie_infettive/Coronavirus/dati/COVID19_Dati_TI_UMC_per_github.xlsx,,
2020-04-10,08:00,TI,,2776,297,68,62,466,227,https://www4.ti.ch/fileadmin/DSS/DSP/UMC/malattie_infettive/Coronavirus/dati/COVID19_Dati_TI_UMC_per_github.xlsx,,
2020-04-11,08:00,TI,,2818,282,68,59,493,229,https://www4.ti.ch/fileadmin/DSS/DSP/UMC/malattie_infettive/Coronavirus/dati/COVID19_Dati_TI_UMC_per_github.xlsx,,
2020-04-12,08:00,TI,,2869,269,63,56,511,244,https://www4.ti.ch/fileadmin/DSS/DSP/UMC/malattie_infettive/Coronavirus/dati/COVID19_Dati_TI_UMC_per_github.xlsx,,
2020-04-13,08:00,TI,,2900,274,63,55,517,251,https://www4.ti.ch/fileadmin/DSS/DSP/UMC/malattie_infettive/Coronavirus/dati/COVID19_Dati_TI_UMC_per_github.xlsx,,
2020-04-14,08:00,TI,,2912,274,63,54,524,258,https://www4.ti.ch/fileadmin/DSS/DSP/UMC/malattie_infettive/Coronavirus/dati/COVID19_Dati_TI_UMC_per_github.xlsx,,
2020-04-15,08:00,TI,,2927,265,60,50,548,263,https://www4.ti.ch/fileadmin/DSS/DSP/UMC/malattie_infettive/Coronavirus/dati/COVID19_Dati_TI_UMC_per_github.xlsx,,
2020-04-16,08:00,TI,,2953,249,59,49,568,269,https://www4.ti.ch/fileadmin/DSS/DSP/UMC/malattie_infettive/Coronavirus/dati/COVID19_Dati_TI_UMC_per_github.xlsx,,
2020-04-17,08:00,TI,,2977,254,57,44,580,270,https://www4.ti.ch/fileadmin/DSS/DSP/UMC/malattie_infettive/Coronavirus/dati/COVID19_Dati_TI_UMC_per_github.xlsx,,
2020-04-18,08:00,TI,,2994,244,56,42,606,277,https://www4.ti.ch/fileadmin/DSS/DSP/UMC/malattie_infettive/Coronavirus/dati/COVID19_Dati_TI_UMC_per_github.xlsx,,
2020-04-19,08:00,TI,,3032,237,54,42,616,281,https://www4.ti.ch/fileadmin/DSS/DSP/UMC/malattie_infettive/Coronavirus/dati/COVID19_Dati_TI_UMC_per_github.xlsx,,
2020-04-20,08:00,TI,,3058,237,55,42,621,288,https://www4.ti.ch/fileadmin/DSS/DSP/UMC/malattie_infettive/Coronavirus/dati/COVID19_Dati_TI_UMC_per_github.xlsx,,
2020-04-21,08:00,TI,,3065,236,54,36,639,291,https://www4.ti.ch/fileadmin/DSS/DSP/UMC/malattie_infettive/Coronavirus/dati/COVID19_Dati_TI_UMC_per_github.xlsx,,
2020-04-22,08:00,TI,,3089,213,42,32,661,295,https://www4.ti.ch/fileadmin/DSS/DSP/UMC/malattie_infettive/Coronavirus/dati/COVID19_Dati_TI_UMC_per_github.xlsx,,
2020-04-23,08:00,TI,,3106,215,41,32,676,298,https://www4.ti.ch/fileadmin/DSS/DSP/UMC/malattie_infettive/Coronavirus/dati/COVID19_Dati_TI_UMC_per_github.xlsx,,
2020-04-24,08:00,TI,,3121,214,42,33,682,299,https://www4.ti.ch/fileadmin/DSS/DSP/UMC/malattie_infettive/Coronavirus/dati/COVID19_Dati_TI_UMC_per_github.xlsx,,
2020-04-25,08:00,TI,,3142,198,40,30,698,304,https://www4.ti.ch/fileadmin/DSS/DSP/UMC/malattie_infettive/Coronavirus/dati/COVID19_Dati_TI_UMC_per_github.xlsx,,
2020-04-26,08:00,TI,,3161,192,37,26,704,306,https://www4.ti.ch/fileadmin/DSS/DSP/UMC/malattie_infettive/Coronavirus/dati/COVID19_Dati_TI_UMC_per_github.xlsx,,
2020-04-27,08:00,TI,,3169,188,34,25,709,311,https://www4.ti.ch/fileadmin/DSS/DSP/UMC/malattie_infettive/Coronavirus/dati/COVID19_Dati_TI_UMC_per_github.xlsx,,
2020-04-28,08:00,TI,,3176,186,30,22,712,316,https://www4.ti.ch/fileadmin/DSS/DSP/UMC/malattie_infettive/Coronavirus/dati/COVID19_Dati_TI_UMC_per_github.xlsx,,
2020-04-29,08:00,TI,,3191,172,29,21,728,318,https://www4.ti.ch/fileadmin/DSS/DSP/UMC/malattie_infettive/Coronavirus/dati/COVID19_Dati_TI_UMC_per_github.xlsx,,
2020-04-30,08:00,TI,,3210,162,30,23,739,321,https://www4.ti.ch/fileadmin/DSS/DSP/UMC/malattie_infettive/Coronavirus/dati/COVID19_Dati_TI_UMC_per_github.xlsx,,
2020-05-01,08:00,TI,,3218,142,25,20,764,322,https://www4.ti.ch/fileadmin/DSS/DSP/UMC/malattie_infettive/Coronavirus/dati/COVID19_Dati_TI_UMC_per_github.xlsx,,
2020-05-02,08:00,TI,,3225,134,23,16,774,323,https://www4.ti.ch/fileadmin/DSS/DSP/UMC/malattie_infettive/Coronavirus/dati/COVID19_Dati_TI_UMC_per_github.xlsx,,
2020-05-03,08:00,TI,,3235,132,23,16,779,324,https://www4.ti.ch/fileadmin/DSS/DSP/UMC/malattie_infettive/Coronavirus/dati/COVID19_Dati_TI_UMC_per_github.xlsx,,
2020-05-04,08:00,TI,,3238,129,22,15,782,326,https://www4.ti.ch/fileadmin/DSS/DSP/UMC/malattie_infettive/Coronavirus/dati/COVID19_Dati_TI_UMC_per_github.xlsx,,
2020-05-05,08:00,TI,,3239,117,20,14,794,329,https://www4.ti.ch/fileadmin/DSS/DSP/UMC/malattie_infettive/Coronavirus/dati/COVID19_Dati_TI_UMC_per_github.xlsx,,
2020-05-06,08:00,TI,,3245,109,15,11,802,331,https://www4.ti.ch/fileadmin/DSS/DSP/UMC/malattie_infettive/Coronavirus/dati/COVID19_Dati_TI_UMC_per_github.xlsx,,
2020-05-07,08:00,TI,,3253,107,13,12,809,332,https://www4.ti.ch/fileadmin/DSS/DSP/UMC/malattie_infettive/Coronavirus/dati/COVID19_Dati_TI_UMC_per_github.xlsx,,
2020-05-08,08:00,TI,,3257,92,13,11,829,334,https://www4.ti.ch/fileadmin/DSS/DSP/UMC/malattie_infettive/Coronavirus/dati/COVID19_Dati_TI_UMC_per_github.xlsx,,
2020-05-09,08:00,TI,,3260,81,12,10,843,338,https://www4.ti.ch/fileadmin/DSS/DSP/UMC/malattie_infettive/Coronavirus/dati/COVID19_Dati_TI_UMC_per_github.xlsx,,
2020-05-10,08:00,TI,,3265,77,10,9,847,340,https://www4.ti.ch/fileadmin/DSS/DSP/UMC/malattie_infettive/Coronavirus/dati/COVID19_Dati_TI_UMC_per_github.xlsx,,
2020-05-11,08:00,TI,,3268,80,10,8,847,340,https://www4.ti.ch/fileadmin/DSS/DSP/UMC/malattie_infettive/Coronavirus/dati/COVID19_Dati_TI_UMC_per_github.xlsx,,
2020-05-12,08:00,TI,,3268,79,9,7,849,340,https://www4.ti.ch/fileadmin/DSS/DSP/UMC/malattie_infettive/Coronavirus/dati/COVID19_Dati_TI_UMC_per_github.xlsx,,
2020-05-13,08:00,TI,,3272,76,9,7,851,341,https://www4.ti.ch/fileadmin/DSS/DSP/UMC/malattie_infettive/Coronavirus/dati/COVID19_Dati_TI_UMC_per_github.xlsx,,
2020-05-14,08:00,TI,,3272,71,9,7,857,341,https://www4.ti.ch/fileadmin/DSS/DSP/UMC/malattie_infettive/Coronavirus/dati/COVID19_Dati_TI_UMC_per_github.xlsx,,
2020-05-15,08:00,TI,,3279,63,7,5,864,341,https://www4.ti.ch/fileadmin/DSS/DSP/UMC/malattie_infettive/Coronavirus/dati/COVID19_Dati_TI_UMC_per_github.xlsx,,
2020-05-16,08:00,TI,,3280,59,8,5,870,341,https://www4.ti.ch/fileadmin/DSS/DSP/UMC/malattie_infettive/Coronavirus/dati/COVID19_Dati_TI_UMC_per_github.xlsx,,
2020-05-17,08:00,TI,,3284,57,7,4,873,342,https://www4.ti.ch/fileadmin/DSS/DSP/UMC/malattie_infettive/Coronavirus/dati/COVID19_Dati_TI_UMC_per_github.xlsx,,
2020-05-18,08:00,TI,,3285,56,5,3,874,343,https://www4.ti.ch/fileadmin/DSS/DSP/UMC/malattie_infettive/Coronavirus/dati/COVID19_Dati_TI_UMC_per_github.xlsx,,
2020-05-19,08:00,TI,,3285,54,5,4,877,344,https://www4.ti.ch/fileadmin/DSS/DSP/UMC/malattie_infettive/Coronavirus/dati/COVID19_Dati_TI_UMC_per_github.xlsx,,
2020-05-20,08:00,TI,,3287,53,4,4,881,344,https://www4.ti.ch/fileadmin/DSS/DSP/UMC/malattie_infettive/Coronavirus/dati/COVID19_Dati_TI_UMC_per_github.xlsx,,
2020-05-21,08:00,TI,,3301,50,5,5,885,344,https://www4.ti.ch/fileadmin/DSS/DSP/UMC/malattie_infettive/Coronavirus/dati/COVID19_Dati_TI_UMC_per_github.xlsx,,
2020-05-22,08:00,TI,,3304,46,5,3,887,345,https://www4.ti.ch/fileadmin/DSS/DSP/UMC/malattie_infettive/Coronavirus/dati/COVID19_Dati_TI_UMC_per_github.xlsx,,
2020-05-23,08:00,TI,,3304,45,6,5,888,346,https://www4.ti.ch/fileadmin/DSS/DSP/UMC/malattie_infettive/Coronavirus/dati/COVID19_Dati_TI_UMC_per_github.xlsx,,
2020-05-24,08:00,TI,,3305,50,4,4,888,347,https://www4.ti.ch/fileadmin/DSS/DSP/UMC/malattie_infettive/Coronavirus/dati/COVID19_Dati_TI_UMC_per_github.xlsx,,
2020-05-25,08:00,TI,,3306,49,4,4,888,348,https://www4.ti.ch/fileadmin/DSS/DSP/UMC/malattie_infettive/Coronavirus/dati/COVID19_Dati_TI_UMC_per_github.xlsx,,
2020-05-26,08:00,TI,,3308,50,4,3,888,348,https://www4.ti.ch/fileadmin/DSS/DSP/UMC/malattie_infettive/Coronavirus/dati/COVID19_Dati_TI_UMC_per_github.xlsx,,
2020-05-27,08:00,TI,,3308,45,2,2,889,348,https://www4.ti.ch/fileadmin/DSS/DSP/UMC/malattie_infettive/Coronavirus/dati/COVID19_Dati_TI_UMC_per_github.xlsx,,
2020-05-28,08:00,TI,,3310,43,2,1,891,348,https://www4.ti.ch/fileadmin/DSS/DSP/UMC/malattie_infettive/Coronavirus/dati/COVID19_Dati_TI_UMC_per_github.xlsx,,
2020-05-29,08:00,TI,,3313,42,1,1,892,348,https://www4.ti.ch/fileadmin/DSS/DSP/UMC/malattie_infettive/Coronavirus/dati/COVID19_Dati_TI_UMC_per_github.xlsx,,
2020-05-30,08:00,TI,,3313,33,1,1,894,348,https://www4.ti.ch/fileadmin/DSS/DSP/UMC/malattie_infettive/Coronavirus/dati/COVID19_Dati_TI_UMC_per_github.xlsx,,
2020-05-31,08:00,TI,,3315,30,1,1,895,348,https://www4.ti.ch/fileadmin/DSS/DSP/UMC/malattie_infettive/Coronavirus/dati/COVID19_Dati_TI_UMC_per_github.xlsx,,
2020-06-01,08:00,TI,,3315,28,1,1,895,348,https://www4.ti.ch/fileadmin/DSS/DSP/UMC/malattie_infettive/Coronavirus/dati/COVID19_Dati_TI_UMC_per_github.xlsx,,
2020-06-02,08:00,TI,,3315,26,1,1,897,348,https://www4.ti.ch/fileadmin/DSS/DSP/UMC/malattie_infettive/Coronavirus/dati/COVID19_Dati_TI_UMC_per_github.xlsx,,
2020-06-03,08:00,TI,,3315,20,1,1,899,348,https://www4.ti.ch/fileadmin/DSS/DSP/UMC/malattie_infettive/Coronavirus/dati/COVID19_Dati_TI_UMC_per_github.xlsx,,
2020-06-04,08:00,TI,,3316,18,1,1,902,348,https://www4.ti.ch/fileadmin/DSS/DSP/UMC/malattie_infettive/Coronavirus/dati/COVID19_Dati_TI_UMC_per_github.xlsx,,
2020-06-05,08:00,TI,,3316,17,1,1,902,348,https://www4.ti.ch/fileadmin/DSS/DSP/UMC/malattie_infettive/Coronavirus/dati/COVID19_Dati_TI_UMC_per_github.xlsx,,
2020-06-06,08:00,TI,,3316,15,1,0,903,348,https://www4.ti.ch/fileadmin/DSS/DSP/UMC/malattie_infettive/Coronavirus/dati/COVID19_Dati_TI_UMC_per_github.xlsx,,
2020-06-07,08:00,TI,,3316,14,2,0,904,349,https://www4.ti.ch/fileadmin/DSS/DSP/UMC/malattie_infettive/Coronavirus/dati/COVID19_Dati_TI_UMC_per_github.xlsx,,
2020-06-08,08:00,TI,,3316,13,2,0,905,349,https://www4.ti.ch/fileadmin/DSS/DSP/UMC/malattie_infettive/Coronavirus/dati/COVID19_Dati_TI_UMC_per_github.xlsx,,
2020-06-09,08:00,TI,,3316,12,1,0,906,349,https://www4.ti.ch/fileadmin/DSS/DSP/UMC/malattie_infettive/Coronavirus/dati/COVID19_Dati_TI_UMC_per_github.xlsx,,
2020-06-10,08:00,TI,,3316,10,0,0,907,349,https://www4.ti.ch/fileadmin/DSS/DSP/UMC/malattie_infettive/Coronavirus/dati/COVID19_Dati_TI_UMC_per_github.xlsx,,
2020-06-11,08:00,TI,,3317,10,0,0,907,349,https://www4.ti.ch/fileadmin/DSS/DSP/UMC/malattie_infettive/Coronavirus/dati/COVID19_Dati_TI_UMC_per_github.xlsx,,
2020-06-12,08:00,TI,,3317,9,0,0,907,350,https://www4.ti.ch/fileadmin/DSS/DSP/UMC/malattie_infettive/Coronavirus/dati/COVID19_Dati_TI_UMC_per_github.xlsx,,
2020-06-13,08:00,TI,,3318,9,0,0,907,350,https://www4.ti.ch/fileadmin/DSS/DSP/UMC/malattie_infettive/Coronavirus/dati/COVID19_Dati_TI_UMC_per_github.xlsx,,
2020-06-14,08:00,TI,,3321,8,0,0,908,350,https://www4.ti.ch/fileadmin/DSS/DSP/UMC/malattie_infettive/Coronavirus/dati/COVID19_Dati_TI_UMC_per_github.xlsx,,
2020-06-15,08:00,TI,,3321,6,0,0,908,350,https://www4.ti.ch/fileadmin/DSS/DSP/UMC/malattie_infettive/Coronavirus/dati/COVID19_Dati_TI_UMC_per_github.xlsx,,
2020-06-16,08:00,TI,,3321,6,0,0,908,350,https://www4.ti.ch/fileadmin/DSS/DSP/UMC/malattie_infettive/Coronavirus/dati/COVID19_Dati_TI_UMC_per_github.xlsx,,
2020-06-17,08:00,TI,,3323,6,0,0,908,350,https://www4.ti.ch/fileadmin/DSS/DSP/UMC/malattie_infettive/Coronavirus/dati/COVID19_Dati_TI_UMC_per_github.xlsx,,
2020-06-18,08:00,TI,,3324,6,0,0,909,350,https://www4.ti.ch/fileadmin/DSS/DSP/UMC/malattie_infettive/Coronavirus/dati/COVID19_Dati_TI_UMC_per_github.xlsx,,
2020-06-19,08:00,TI,,3324,6,0,0,909,350,https://www4.ti.ch/fileadmin/DSS/DSP/UMC/malattie_infettive/Coronavirus/dati/COVID19_Dati_TI_UMC_per_github.xlsx,,
2020-06-20,08:00,TI,,3325,6,0,0,909,350,https://www4.ti.ch/fileadmin/DSS/DSP/UMC/malattie_infettive/Coronavirus/dati/COVID19_Dati_TI_UMC_per_github.xlsx,,
2020-06-21,08:00,TI,,3325,6,0,0,909,350,https://www4.ti.ch/fileadmin/DSS/DSP/UMC/malattie_infettive/Coronavirus/dati/COVID19_Dati_TI_UMC_per_github.xlsx,,
2020-06-22,08:00,TI,,3326,6,0,0,909,350,https://www4.ti.ch/fileadmin/DSS/DSP/UMC/malattie_infettive/Coronavirus/dati/COVID19_Dati_TI_UMC_per_github.xlsx,,
2020-06-23,08:00,TI,,3327,6,0,0,909,350,https://www4.ti.ch/fileadmin/DSS/DSP/UMC/malattie_infettive/Coronavirus/dati/COVID19_Dati_TI_UMC_per_github.xlsx,,
2020-06-24,08:00,TI,,3327,6,0,0,909,350,https://www4.ti.ch/fileadmin/DSS/DSP/UMC/malattie_infettive/Coronavirus/dati/COVID19_Dati_TI_UMC_per_github.xlsx,,
2020-06-25,08:00,TI,,3327,5,0,0,910,350,https://www4.ti.ch/fileadmin/DSS/DSP/UMC/malattie_infettive/Coronavirus/dati/COVID19_Dati_TI_UMC_per_github.xlsx,,
2020-06-26,08:00,TI,,3327,5,0,0,910,350,https://www4.ti.ch/fileadmin/DSS/DSP/UMC/malattie_infettive/Coronavirus/dati/COVID19_Dati_TI_UMC_per_github.xlsx,,
2020-06-27,08:00,TI,,3327,5,0,0,911,350,https://www4.ti.ch/fileadmin/DSS/DSP/UMC/malattie_infettive/Coronavirus/dati/COVID19_Dati_TI_UMC_per_github.xlsx,,
2020-06-28,08:00,TI,,3327,4,0,0,912,350,https://www4.ti.ch/fileadmin/DSS/DSP/UMC/malattie_infettive/Coronavirus/dati/COVID19_Dati_TI_UMC_per_github.xlsx,,
2020-06-29,08:00,TI,,3328,4,0,0,912,350,https://www4.ti.ch/fileadmin/DSS/DSP/UMC/malattie_infettive/Coronavirus/dati/COVID19_Dati_TI_UMC_per_github.xlsx,,
2020-06-30,08:00,TI,,3329,4,0,0,912,350,https://www4.ti.ch/fileadmin/DSS/DSP/UMC/malattie_infettive/Coronavirus/dati/COVID19_Dati_TI_UMC_per_github.xlsx,,
2020-07-01,08:00,TI,,3329,2,0,0,914,350,https://www4.ti.ch/fileadmin/DSS/DSP/UMC/malattie_infettive/Coronavirus/dati/COVID19_Dati_TI_UMC_per_github.xlsx,,
2020-07-02,08:00,TI,,3334,1,0,0,915,350,https://www4.ti.ch/fileadmin/DSS/DSP/UMC/malattie_infettive/Coronavirus/dati/COVID19_Dati_TI_UMC_per_github.xlsx,,
2020-07-03,08:00,TI,,3341,1,0,0,915,350,https://www4.ti.ch/fileadmin/DSS/DSP/UMC/malattie_infettive/Coronavirus/dati/COVID19_Dati_TI_UMC_per_github.xlsx,,
2020-07-04,08:00,TI,,3342,0,0,0,915,350,https://www4.ti.ch/fileadmin/DSS/DSP/UMC/malattie_infettive/Coronavirus/dati/COVID19_Dati_TI_UMC_per_github.xlsx,,
2020-07-05,08:00,TI,,3346,0,0,0,915,350,https://www4.ti.ch/fileadmin/DSS/DSP/UMC/malattie_infettive/Coronavirus/dati/COVID19_Dati_TI_UMC_per_github.xlsx,,
2020-07-06,08:00,TI,,3351,0,0,0,915,350,https://www4.ti.ch/fileadmin/DSS/DSP/UMC/malattie_infettive/Coronavirus/dati/COVID19_Dati_TI_UMC_per_github.xlsx,,
2020-07-07,08:00,TI,,3355,0,0,0,915,350,https://www4.ti.ch/fileadmin/DSS/DSP/UMC/malattie_infettive/Coronavirus/dati/COVID19_Dati_TI_UMC_per_github.xlsx,,
2020-07-08,08:00,TI,,3363,1,0,0,915,350,https://www4.ti.ch/fileadmin/DSS/DSP/UMC/malattie_infettive/Coronavirus/dati/COVID19_Dati_TI_UMC_per_github.xlsx,,
2020-07-09,08:00,TI,,3365,2,0,0,915,350,https://www4.ti.ch/fileadmin/DSS/DSP/UMC/malattie_infettive/Coronavirus/dati/COVID19_Dati_TI_UMC_per_github.xlsx,,
2020-07-10,08:00,TI,,3367,3,0,0,915,350,https://www4.ti.ch/fileadmin/DSS/DSP/UMC/malattie_infettive/Coronavirus/dati/COVID19_Dati_TI_UMC_per_github.xlsx,,
2020-07-11,08:00,TI,,3370,4,0,0,916,350,https://www4.ti.ch/fileadmin/DSS/DSP/UMC/malattie_infettive/Coronavirus/dati/COVID19_Dati_TI_UMC_per_github.xlsx,,
2020-07-12,08:00,TI,,3370,4,1,1,916,350,https://www4.ti.ch/fileadmin/DSS/DSP/UMC/malattie_infettive/Coronavirus/dati/COVID19_Dati_TI_UMC_per_github.xlsx,,
2020-07-13,08:00,TI,,3375,4,1,1,916,350,https://www4.ti.ch/fileadmin/DSS/DSP/UMC/malattie_infettive/Coronavirus/dati/COVID19_Dati_TI_UMC_per_github.xlsx,,
2020-07-14,08:00,TI,,3376,4,1,1,916,350,https://www4.ti.ch/fileadmin/DSS/DSP/UMC/malattie_infettive/Coronavirus/dati/COVID19_Dati_TI_UMC_per_github.xlsx,,
2020-07-15,08:00,TI,,3381,4,1,1,916,350,https://www4.ti.ch/fileadmin/DSS/DSP/UMC/malattie_infettive/Coronavirus/dati/COVID19_Dati_TI_UMC_per_github.xlsx,,
2020-07-16,08:00,TI,,3390,4,2,1,916,350,https://www4.ti.ch/fileadmin/DSS/DSP/UMC/malattie_infettive/Coronavirus/dati/COVID19_Dati_TI_UMC_per_github.xlsx,,
2020-07-17,08:00,TI,,3393,4,2,1,916,350,https://www4.ti.ch/fileadmin/DSS/DSP/UMC/malattie_infettive/Coronavirus/dati/COVID19_Dati_TI_UMC_per_github.xlsx,,
2020-07-20,08:00,TI,,3407,6,2,1,916,350,https://www4.ti.ch/fileadmin/DSS/DSP/UMC/malattie_infettive/Coronavirus/dati/COVID19_Dati_TI_UMC_per_github.xlsx,,
2020-07-21,08:00,TI,,3413,5,1,1,917,350,https://www4.ti.ch/fileadmin/DSS/DSP/UMC/malattie_infettive/Coronavirus/dati/COVID19_Dati_TI_UMC_per_github.xlsx,,
2020-07-22,08:00,TI,,3415,5,1,1,917,350,https://www4.ti.ch/fileadmin/DSS/DSP/UMC/malattie_infettive/Coronavirus/dati/COVID19_Dati_TI_UMC_per_github.xlsx,,
2020-07-23,08:00,TI,,3416,5,1,1,917,350,https://www4.ti.ch/fileadmin/DSS/DSP/UMC/malattie_infettive/Coronavirus/dati/COVID19_Dati_TI_UMC_per_github.xlsx,,
2020-07-24,08:00,TI,,3417,6,1,1,917,350,https://www4.ti.ch/fileadmin/DSS/DSP/UMC/malattie_infettive/Coronavirus/dati/COVID19_Dati_TI_UMC_per_github.xlsx,,
2020-07-27,08:00,TI,,3421,3,1,0,920,350,https://www4.ti.ch/fileadmin/DSS/DSP/UMC/malattie_infettive/Coronavirus/dati/COVID19_Dati_TI_UMC_per_github.xlsx,,
2020-07-28,08:00,TI,,3424,3,1,1,920,350,https://www4.ti.ch/fileadmin/DSS/DSP/UMC/malattie_infettive/Coronavirus/dati/COVID19_Dati_TI_UMC_per_github.xlsx,,
2020-07-29,08:00,TI,,3428,2,0,0,921,350,https://www4.ti.ch/fileadmin/DSS/DSP/UMC/malattie_infettive/Coronavirus/dati/COVID19_Dati_TI_UMC_per_github.xlsx,,
2020-07-30,08:00,TI,,3431,3,1,1,921,350,https://www4.ti.ch/fileadmin/DSS/DSP/UMC/malattie_infettive/Coronavirus/dati/COVID19_Dati_TI_UMC_per_github.xlsx,,
2020-07-31,08:00,TI,,3435,3,1,1,921,350,https://www4.ti.ch/fileadmin/DSS/DSP/UMC/malattie_infettive/Coronavirus/dati/COVID19_Dati_TI_UMC_per_github.xlsx,,
2020-08-03,08:00,TI,,3442,2,0,0,922,350,https://www4.ti.ch/fileadmin/DSS/DSP/UMC/malattie_infettive/Coronavirus/dati/COVID19_Dati_TI_UMC_per_github.xlsx,,
2020-08-04,08:00,TI,,3442,2,0,0,922,350,https://www4.ti.ch/fileadmin/DSS/DSP/UMC/malattie_infettive/Coronavirus/dati/COVID19_Dati_TI_UMC_per_github.xlsx,,
2020-08-05,08:00,TI,,3445,2,0,0,922,350,https://www4.ti.ch/fileadmin/DSS/DSP/UMC/malattie_infettive/Coronavirus/dati/COVID19_Dati_TI_UMC_per_github.xlsx,,
2020-08-06,08:00,TI,,3446,3,0,0,922,350,https://www4.ti.ch/fileadmin/DSS/DSP/UMC/malattie_infettive/Coronavirus/dati/COVID19_Dati_TI_UMC_per_github.xlsx,,
2020-08-07,08:00,TI,,3449,2,0,0,923,350,https://www4.ti.ch/fileadmin/DSS/DSP/UMC/malattie_infettive/Coronavirus/dati/COVID19_Dati_TI_UMC_per_github.xlsx,,
2020-08-10,08:00,TI,,3453,1,0,0,924,350,https://www4.ti.ch/fileadmin/DSS/DSP/UMC/malattie_infettive/Coronavirus/dati/COVID19_Dati_TI_UMC_per_github.xlsx,,
2020-08-11,08:00,TI,,3458,1,0,0,924,350,https://www4.ti.ch/fileadmin/DSS/DSP/UMC/malattie_infettive/Coronavirus/dati/COVID19_Dati_TI_UMC_per_github.xlsx,,
2020-08-12,08:00,TI,,3460,1,0,0,924,350,https://www4.ti.ch/fileadmin/DSS/DSP/UMC/malattie_infettive/Coronavirus/dati/COVID19_Dati_TI_UMC_per_github.xlsx,,
2020-08-13,08:00,TI,,3463,1,0,0,924,350,https://www4.ti.ch/fileadmin/DSS/DSP/UMC/malattie_infettive/Coronavirus/dati/COVID19_Dati_TI_UMC_per_github.xlsx,,
2020-08-14,08:00,TI,,3466,1,0,0,924,350,https://www4.ti.ch/fileadmin/DSS/DSP/UMC/malattie_infettive/Coronavirus/dati/COVID19_Dati_TI_UMC_per_github.xlsx,,
2020-08-17,08:00,TI,,3470,1,0,0,924,350,https://www4.ti.ch/fileadmin/DSS/DSP/UMC/malattie_infettive/Coronavirus/dati/COVID19_Dati_TI_UMC_per_github.xlsx,,
2020-08-18,08:00,TI,,3476,1,0,0,924,350,https://www4.ti.ch/fileadmin/DSS/DSP/UMC/malattie_infettive/Coronavirus/dati/COVID19_Dati_TI_UMC_per_github.xlsx,,
2020-08-19,08:00,TI,,3486,0,0,0,925,350,https://www4.ti.ch/fileadmin/DSS/DSP/UMC/malattie_infettive/Coronavirus/dati/COVID19_Dati_TI_UMC_per_github.xlsx,,
2020-08-20,08:00,TI,,3492,0,0,0,925,350,https://www4.ti.ch/fileadmin/DSS/DSP/UMC/malattie_infettive/Coronavirus/dati/COVID19_Dati_TI_UMC_per_github.xlsx,,
2020-08-21,08:00,TI,,3500,0,0,0,925,350,https://www4.ti.ch/fileadmin/DSS/DSP/UMC/malattie_infettive/Coronavirus/dati/COVID19_Dati_TI_UMC_per_github.xlsx,,
2020-08-24,08:00,TI,,3512,1,0,0,926,350,https://www4.ti.ch/fileadmin/DSS/DSP/UMC/malattie_infettive/Coronavirus/dati/COVID19_Dati_TI_UMC_per_github.xlsx,,
2020-08-25,08:00,TI,,3519,1,0,0,926,350,https://www4.ti.ch/fileadmin/DSS/DSP/UMC/malattie_infettive/Coronavirus/dati/COVID19_Dati_TI_UMC_per_github.xlsx,,
2020-08-26,08:00,TI,,3523,1,0,0,926,350,https://www4.ti.ch/fileadmin/DSS/DSP/UMC/malattie_infettive/Coronavirus/dati/COVID19_Dati_TI_UMC_per_github.xlsx,,
2020-08-27,08:00,TI,,3531,1,0,0,926,350,https://www4.ti.ch/fileadmin/DSS/DSP/UMC/malattie_infettive/Coronavirus/dati/COVID19_Dati_TI_UMC_per_github.xlsx,,
2020-08-28,08:00,TI,,3533,1,0,0,926,350,https://www4.ti.ch/fileadmin/DSS/DSP/UMC/malattie_infettive/Coronavirus/dati/COVID19_Dati_TI_UMC_per_github.xlsx,,
2020-08-31,08:00,TI,,3541,1,0,0,927,350,https://www4.ti.ch/fileadmin/DSS/DSP/UMC/malattie_infettive/Coronavirus/dati/COVID19_Dati_TI_UMC_per_github.xlsx,,
2020-09-01,08:00,TI,,3543,1,0,0,928,350,https://www4.ti.ch/fileadmin/DSS/DSP/UMC/malattie_infettive/Coronavirus/dati/COVID19_Dati_TI_UMC_per_github.xlsx,,
2020-09-02,08:00,TI,,3548,1,0,0,928,350,https://www4.ti.ch/fileadmin/DSS/DSP/UMC/malattie_infettive/Coronavirus/dati/COVID19_Dati_TI_UMC_per_github.xlsx,,
2020-09-03,08:00,TI,,3551,1,0,0,928,350,https://www4.ti.ch/fileadmin/DSS/DSP/UMC/malattie_infettive/Coronavirus/dati/COVID19_Dati_TI_UMC_per_github.xlsx,,
2020-09-04,08:00,TI,,3556,1,0,0,928,350,https://www4.ti.ch/fileadmin/DSS/DSP/UMC/malattie_infettive/Coronavirus/dati/COVID19_Dati_TI_UMC_per_github.xlsx,,
2020-09-07,08:00,TI,,3561,0,0,0,929,350,https://www4.ti.ch/fileadmin/DSS/DSP/UMC/malattie_infettive/Coronavirus/dati/COVID19_Dati_TI_UMC_per_github.xlsx,,
2020-09-08,08:00,TI,,3565,0,0,0,929,350,https://www4.ti.ch/fileadmin/DSS/DSP/UMC/malattie_infettive/Coronavirus/dati/COVID19_Dati_TI_UMC_per_github.xlsx,,
2020-09-09,08:00,TI,,3567,0,0,0,929,350,https://www4.ti.ch/fileadmin/DSS/DSP/UMC/malattie_infettive/Coronavirus/dati/COVID19_Dati_TI_UMC_per_github.xlsx,,
2020-09-10,08:00,TI,,3571,0,0,0,929,350,https://www4.ti.ch/fileadmin/DSS/DSP/UMC/malattie_infettive/Coronavirus/dati/COVID19_Dati_TI_UMC_per_github.xlsx,,
2020-09-11,08:00,TI,,3577,0,0,0,929,350,https://www4.ti.ch/fileadmin/DSS/DSP/UMC/malattie_infettive/Coronavirus/dati/COVID19_Dati_TI_UMC_per_github.xlsx,,
2020-09-14,08:00,TI,,3590,0,0,0,929,350,https://www4.ti.ch/fileadmin/DSS/DSP/UMC/malattie_infettive/Coronavirus/dati/COVID19_Dati_TI_UMC_per_github.xlsx,,
2020-09-15,08:00,TI,,3590,1,0,0,929,350,https://www4.ti.ch/fileadmin/DSS/DSP/UMC/malattie_infettive/Coronavirus/dati/COVID19_Dati_TI_UMC_per_github.xlsx,,
2020-09-16,08:00,TI,,3596,1,0,0,929,350,https://www4.ti.ch/fileadmin/DSS/DSP/UMC/malattie_infettive/Coronavirus/dati/COVID19_Dati_TI_UMC_per_github.xlsx,,
2020-09-17,08:00,TI,,3604,1,0,0,929,350,https://www4.ti.ch/fileadmin/DSS/DSP/UMC/malattie_infettive/Coronavirus/dati/COVID19_Dati_TI_UMC_per_github.xlsx,,
2020-09-18,08:00,TI,,3608,1,0,0,929,350,https://www4.ti.ch/fileadmin/DSS/DSP/UMC/malattie_infettive/Coronavirus/dati/COVID19_Dati_TI_UMC_per_github.xlsx,,
2020-09-21,08:00,TI,,3618,2,0,0,929,350,https://www4.ti.ch/fileadmin/DSS/DSP/UMC/malattie_infettive/Coronavirus/dati/COVID19_Dati_TI_UMC_per_github.xlsx,,
2020-09-22,08:00,TI,,3621,2,0,0,929,350,https://www4.ti.ch/fileadmin/DSS/DSP/UMC/malattie_infettive/Coronavirus/dati/COVID19_Dati_TI_UMC_per_github.xlsx,,
2020-09-23,08:00,TI,,3627,2,0,0,929,350,https://www4.ti.ch/fileadmin/DSS/DSP/UMC/malattie_infettive/Coronavirus/dati/COVID19_Dati_TI_UMC_per_github.xlsx,,
2020-09-24,08:00,TI,,3629,2,0,0,929,350,https://www4.ti.ch/fileadmin/DSS/DSP/UMC/malattie_infettive/Coronavirus/dati/COVID19_Dati_TI_UMC_per_github.xlsx,,
2020-09-25,08:00,TI,,3634,3,0,0,929,350,https://www4.ti.ch/fileadmin/DSS/DSP/UMC/malattie_infettive/Coronavirus/dati/COVID19_Dati_TI_UMC_per_github.xlsx,,
2020-09-28,08:00,TI,,3637,2,0,0,930,350,https://www4.ti.ch/fileadmin/DSS/DSP/UMC/malattie_infettive/Coronavirus/dati/COVID19_Dati_TI_UMC_per_github.xlsx,,
2020-09-29,08:00,TI,,3640,3,0,0,930,350,https://www4.ti.ch/fileadmin/DSS/DSP/UMC/malattie_infettive/Coronavirus/dati/COVID19_Dati_TI_UMC_per_github.xlsx,,
2020-09-30,08:00,TI,,3646,2,0,0,931,350,https://www4.ti.ch/fileadmin/DSS/DSP/UMC/malattie_infettive/Coronavirus/dati/COVID19_Dati_TI_UMC_per_github.xlsx,,
2020-10-01,08:00,TI,,3651,2,0,0,931,350,https://www4.ti.ch/fileadmin/DSS/DSP/UMC/malattie_infettive/Coronavirus/dati/COVID19_Dati_TI_UMC_per_github.xlsx,,
2020-10-02,08:00,TI,,3661,1,0,0,932,350,https://www4.ti.ch/fileadmin/DSS/DSP/UMC/malattie_infettive/Coronavirus/dati/COVID19_Dati_TI_UMC_per_github.xlsx,,
2020-10-05,08:00,TI,,3682,4,0,0,932,350,https://www4.ti.ch/fileadmin/DSS/DSP/UMC/malattie_infettive/Coronavirus/dati/COVID19_Dati_TI_UMC_per_github.xlsx,,
2020-10-06,08:00,TI,,3699,5,0,0,932,350,https://www4.ti.ch/fileadmin/DSS/DSP/UMC/malattie_infettive/Coronavirus/dati/COVID19_Dati_TI_UMC_per_github.xlsx,,
2020-10-07,08:00,TI,,3738,4,0,0,933,350,https://www4.ti.ch/fileadmin/DSS/DSP/UMC/malattie_infettive/Coronavirus/dati/COVID19_Dati_TI_UMC_per_github.xlsx,,
2020-10-08,08:00,TI,,3778,6,0,0,933,350,https://www4.ti.ch/fileadmin/DSS/DSP/UMC/malattie_infettive/Coronavirus/dati/COVID19_Dati_TI_UMC_per_github.xlsx,,
2020-10-09,08:00,TI,,3818,7,1,1,933,350,https://www4.ti.ch/fileadmin/DSS/DSP/UMC/malattie_infettive/Coronavirus/dati/COVID19_Dati_TI_UMC_per_github.xlsx,,
2020-10-12,08:00,TI,,3907,12,1,1,933,350,https://www4.ti.ch/fileadmin/DSS/DSP/UMC/malattie_infettive/Coronavirus/dati/COVID19_Dati_TI_UMC_per_github.xlsx,,
2020-10-13,08:00,TI,,3952,11,1,1,934,351,https://www4.ti.ch/fileadmin/DSS/DSP/UMC/malattie_infettive/Coronavirus/dati/COVID19_Dati_TI_UMC_per_github.xlsx,,
2020-10-14,08:00,TI,,4054,10,1,1,936,351,https://www4.ti.ch/fileadmin/DSS/DSP/UMC/malattie_infettive/Coronavirus/dati/COVID19_Dati_TI_UMC_per_github.xlsx,,
2020-10-15,08:00,TI,,4133,14,1,1,937,351,https://www4.ti.ch/fileadmin/DSS/DSP/UMC/malattie_infettive/Coronavirus/dati/COVID19_Dati_TI_UMC_per_github.xlsx,,
2020-10-16,08:00,TI,,4245,18,2,1,937,351,https://www4.ti.ch/fileadmin/DSS/DSP/UMC/malattie_infettive/Coronavirus/dati/COVID19_Dati_TI_UMC_per_github.xlsx,,
2020-10-17,08:00,TI,,4341,19,1,1,938,351,https://www4.ti.ch/fileadmin/DSS/DSP/UMC/malattie_infettive/Coronavirus/dati/COVID19_Dati_TI_UMC_per_github.xlsx,,
2020-10-18,08:00,TI,,4491,26,1,1,940,351,https://www4.ti.ch/fileadmin/DSS/DSP/UMC/malattie_infettive/Coronavirus/dati/COVID19_Dati_TI_UMC_per_github.xlsx,,
2020-10-19,08:00,TI,,4517,30,1,1,940,352,https://www4.ti.ch/fileadmin/DSS/DSP/UMC/malattie_infettive/Coronavirus/dati/COVID19_Dati_TI_UMC_per_github.xlsx,,
2020-10-20,08:00,TI,,4654,31,2,1,941,352,https://www4.ti.ch/fileadmin/DSS/DSP/UMC/malattie_infettive/Coronavirus/dati/COVID19_Dati_TI_UMC_per_github.xlsx,,
2020-10-21,08:00,TI,,4909,35,3,2,944,352,https://www4.ti.ch/fileadmin/DSS/DSP/UMC/malattie_infettive/Coronavirus/dati/COVID19_Dati_TI_UMC_per_github.xlsx,,
2020-10-22,08:00,TI,,5032,44,4,2,945,352,https://www4.ti.ch/fileadmin/DSS/DSP/UMC/malattie_infettive/Coronavirus/dati/COVID19_Dati_TI_UMC_per_github.xlsx,,
2020-10-23,08:00,TI,,5327,58,7,4,947,353,https://www4.ti.ch/fileadmin/DSS/DSP/UMC/malattie_infettive/Coronavirus/dati/COVID19_Dati_TI_UMC_per_github.xlsx,,
2020-10-24,08:00,TI,,5584,62,5,3,952,354,https://www4.ti.ch/fileadmin/DSS/DSP/UMC/malattie_infettive/Coronavirus/dati/COVID19_Dati_TI_UMC_per_github.xlsx,,
2020-10-25,08:00,TI,,5840,65,4,3,958,356,https://www4.ti.ch/fileadmin/DSS/DSP/UMC/malattie_infettive/Coronavirus/dati/COVID19_Dati_TI_UMC_per_github.xlsx,,
2020-10-26,08:00,TI,,5987,80,6,3,959,356,https://www4.ti.ch/fileadmin/DSS/DSP/UMC/malattie_infettive/Coronavirus/dati/COVID19_Dati_TI_UMC_per_github.xlsx,,
2020-10-27,08:00,TI,,6222,90,6,3,965,356,https://www4.ti.ch/fileadmin/DSS/DSP/UMC/malattie_infettive/Coronavirus/dati/COVID19_Dati_TI_UMC_per_github.xlsx,,
2020-10-28,08:00,TI,,6530,105,8,4,972,356,https://www4.ti.ch/fileadmin/DSS/DSP/UMC/malattie_infettive/Coronavirus/dati/COVID19_Dati_TI_UMC_per_github.xlsx,,
2020-10-29,08:00,TI,,6910,123,7,5,979,361,https://www4.ti.ch/fileadmin/DSS/DSP/UMC/malattie_infettive/Coronavirus/dati/COVID19_Dati_TI_UMC_per_github.xlsx,,
2020-10-30,08:00,TI,,7256,139,11,5,983,363,https://www4.ti.ch/fileadmin/DSS/DSP/UMC/malattie_infettive/Coronavirus/dati/COVID19_Dati_TI_UMC_per_github.xlsx,,
2020-10-31,08:00,TI,,7660,165,11,7,990,364,https://www4.ti.ch/fileadmin/DSS/DSP/UMC/malattie_infettive/Coronavirus/dati/COVID19_Dati_TI_UMC_per_github.xlsx,,
2020-11-01,08:00,TI,,7892,168,11,8,1002,367,https://www4.ti.ch/fileadmin/DSS/DSP/UMC/malattie_infettive/Coronavirus/dati/COVID19_Dati_TI_UMC_per_github.xlsx,,
2020-11-02,08:00,TI,,8225,176,13,10,1012,369,https://www4.ti.ch/fileadmin/DSS/DSP/UMC/malattie_infettive/Coronavirus/dati/COVID19_Dati_TI_UMC_per_github.xlsx,,
2020-11-03,08:00,TI,,8480,191,14,13,1026,372,https://www4.ti.ch/fileadmin/DSS/DSP/UMC/malattie_infettive/Coronavirus/dati/COVID19_Dati_TI_UMC_per_github.xlsx,,
2020-11-04,08:00,TI,,8858,207,16,12,1040,377,https://www4.ti.ch/fileadmin/DSS/DSP/UMC/malattie_infettive/Coronavirus/dati/COVID19_Dati_TI_UMC_per_github.xlsx,,
2020-11-05,08:00,TI,,9310,224,18,15,1049,381,https://www4.ti.ch/fileadmin/DSS/DSP/UMC/malattie_infettive/Coronavirus/dati/COVID19_Dati_TI_UMC_per_github.xlsx,,
2020-11-06,08:00,TI,,9682,243,21,16,1062,388,https://www4.ti.ch/fileadmin/DSS/DSP/UMC/malattie_infettive/Coronavirus/dati/COVID19_Dati_TI_UMC_per_github.xlsx,,
2020-11-07,08:00,TI,,10052,267,21,20,1074,391,https://www4.ti.ch/fileadmin/DSS/DSP/UMC/malattie_infettive/Coronavirus/dati/COVID19_Dati_TI_UMC_per_github.xlsx,,
2020-11-08,08:00,TI,,10238,281,22,19,1082,397,https://www4.ti.ch/fileadmin/DSS/DSP/UMC/malattie_infettive/Coronavirus/dati/COVID19_Dati_TI_UMC_per_github.xlsx,,
2020-11-09,,TI,,10389,290,23,18,1088,401,https://www4.ti.ch/fileadmin/DSS/DSP/UMC/malattie_infettive/Coronavirus/dati/COVID19_Dati_TI_UMC_per_github.xlsx,,
2020-11-10,,TI,,10712,303,25,18,1108,407,https://www4.ti.ch/fileadmin/DSS/DSP/UMC/malattie_infettive/Coronavirus/dati/COVID19_Dati_TI_UMC_per_github.xlsx,,
2020-11-11,,TI,,11194,309,27,20,1126,413,https://www4.ti.ch/fileadmin/DSS/DSP/UMC/malattie_infettive/Coronavirus/dati/COVID19_Dati_TI_UMC_per_github.xlsx,,
2020-11-12,,TI,,11530,329,28,22,1142,416,https://www4.ti.ch/fileadmin/DSS/DSP/UMC/malattie_infettive/Coronavirus/dati/COVID19_Dati_TI_UMC_per_github.xlsx,,
2020-11-13,,TI,,11876,336,33,25,1166,421,https://www4.ti.ch/fileadmin/DSS/DSP/UMC/malattie_infettive/Coronavirus/dati/COVID19_Dati_TI_UMC_per_github.xlsx,,
2020-11-14,,TI,,12221,330,31,24,1191,428,https://www4.ti.ch/fileadmin/DSS/DSP/UMC/malattie_infettive/Coronavirus/dati/COVID19_Dati_TI_UMC_per_github.xlsx,,
2020-11-15,,TI,,12480,344,33,20,1202,431,https://www4.ti.ch/fileadmin/DSS/DSP/UMC/malattie_infettive/Coronavirus/dati/COVID19_Dati_TI_UMC_per_github.xlsx,,
2020-11-16,,TI,,12610,349,32,21,1210,439,https://www4.ti.ch/fileadmin/DSS/DSP/UMC/malattie_infettive/Coronavirus/dati/COVID19_Dati_TI_UMC_per_github.xlsx,,
2020-11-17,,TI,,12826,361,31,21,1228,448,https://www4.ti.ch/fileadmin/DSS/DSP/UMC/malattie_infettive/Coronavirus/dati/COVID19_Dati_TI_UMC_per_github.xlsx,,
2020-11-18,,TI,,13119,376,36,27,1258,452,https://www4.ti.ch/fileadmin/DSS/DSP/UMC/malattie_infettive/Coronavirus/dati/COVID19_Dati_TI_UMC_per_github.xlsx,,
2020-11-19,,TI,,13374,357,36,23,1291,467,https://www4.ti.ch/fileadmin/DSS/DSP/UMC/malattie_infettive/Coronavirus/dati/COVID19_Dati_TI_UMC_per_github.xlsx,,
2020-11-20,,TI,,13623,371,34,22,1307,478,https://www4.ti.ch/fileadmin/DSS/DSP/UMC/malattie_infettive/Coronavirus/dati/COVID19_Dati_TI_UMC_per_github.xlsx,,
2020-11-21,,TI,,13902,377,38,22,1337,483,https://www4.ti.ch/fileadmin/DSS/DSP/UMC/malattie_infettive/Coronavirus/dati/COVID19_Dati_TI_UMC_per_github.xlsx,,
2020-11-22,,TI,,14129,374,35,20,1357,491,https://www4.ti.ch/fileadmin/DSS/DSP/UMC/malattie_infettive/Coronavirus/dati/COVID19_Dati_TI_UMC_per_github.xlsx,,
2020-11-23,,TI,,14269,382,35,23,1368,496,https://www4.ti.ch/fileadmin/DSS/DSP/UMC/malattie_infettive/Coronavirus/dati/COVID19_Dati_TI_UMC_per_github.xlsx,,
2020-11-24,,TI,,14465,375,38,23,1413,503,https://www4.ti.ch/fileadmin/DSS/DSP/UMC/malattie_infettive/Coronavirus/dati/COVID19_Dati_TI_UMC_per_github.xlsx,,
2020-11-25,,TI,,14718,362,40,28,1442,513,https://www4.ti.ch/fileadmin/DSS/DSP/UMC/malattie_infettive/Coronavirus/dati/COVID19_Dati_TI_UMC_per_github.xlsx,,
2020-11-26,,TI,,14932,362,42,27,1464,518,https://www4.ti.ch/fileadmin/DSS/DSP/UMC/malattie_infettive/Coronavirus/dati/COVID19_Dati_TI_UMC_per_github.xlsx,,
2020-11-27,,TI,,15211,357,39,26,1489,523,https://www4.ti.ch/fileadmin/DSS/DSP/UMC/malattie_infettive/Coronavirus/dati/COVID19_Dati_TI_UMC_per_github.xlsx,,
2020-11-28,,TI,,15457,352,39,26,1522,530,https://www4.ti.ch/fileadmin/DSS/DSP/UMC/malattie_infettive/Coronavirus/dati/COVID19_Dati_TI_UMC_per_github.xlsx,,
2020-11-29,,TI,,15667,347,43,27,1543,538,https://www4.ti.ch/fileadmin/DSS/DSP/UMC/malattie_infettive/Coronavirus/dati/COVID19_Dati_TI_UMC_per_github.xlsx,,
2020-11-30,,TI,,15795,352,43,28,1547,542,https://www4.ti.ch/fileadmin/DSS/DSP/UMC/malattie_infettive/Coronavirus/dati/COVID19_Dati_TI_UMC_per_github.xlsx,,
2020-12-01,,TI,,15961,346,42,28,1576,552,https://www4.ti.ch/fileadmin/DSS/DSP/UMC/malattie_infettive/Coronavirus/dati/COVID19_Dati_TI_UMC_per_github.xlsx,,
2020-12-02,,TI,,16222,336,39,27,1602,560,https://www4.ti.ch/fileadmin/DSS/DSP/UMC/malattie_infettive/Coronavirus/dati/COVID19_Dati_TI_UMC_per_github.xlsx,,
2020-12-03,,TI,,16492,329,36,24,1626,568,https://www4.ti.ch/fileadmin/DSS/DSP/UMC/malattie_infettive/Coronavirus/dati/COVID19_Dati_TI_UMC_per_github.xlsx,,
2020-12-04,,TI,,16815,333,36,23,1643,577,https://www4.ti.ch/fileadmin/DSS/DSP/UMC/malattie_infettive/Coronavirus/dati/COVID19_Dati_TI_UMC_per_github.xlsx,,
2020-12-05,,TI,,17034,350,39,23,1658,580,https://www4.ti.ch/fileadmin/DSS/DSP/UMC/malattie_infettive/Coronavirus/dati/COVID19_Dati_TI_UMC_per_github.xlsx,,
2020-12-06,,TI,,17258,351,38,24,1673,589,https://www4.ti.ch/fileadmin/DSS/DSP/UMC/malattie_infettive/Coronavirus/dati/COVID19_Dati_TI_UMC_per_github.xlsx,,
2020-12-07,,TI,,17374,352,36,32,1684,598,https://www4.ti.ch/fileadmin/DSS/DSP/UMC/malattie_infettive/Coronavirus/dati/COVID19_Dati_TI_UMC_per_github.xlsx,,
2020-12-08,,TI,,17569,353,36,31,1711,602,https://www4.ti.ch/fileadmin/DSS/DSP/UMC/malattie_infettive/Coronavirus/dati/COVID19_Dati_TI_UMC_per_github.xlsx,,
2020-12-09,,TI,,17841,350,40,35,1732,608,https://www4.ti.ch/fileadmin/DSS/DSP/UMC/malattie_infettive/Coronavirus/dati/COVID19_Dati_TI_UMC_per_github.xlsx,,
2020-12-10,,TI,,18106,351,42,32,1761,615,https://www4.ti.ch/fileadmin/DSS/DSP/UMC/malattie_infettive/Coronavirus/dati/COVID19_Dati_TI_UMC_per_github.xlsx,,
2020-12-11,,TI,,18432,346,43,34,1789,625,https://www4.ti.ch/fileadmin/DSS/DSP/UMC/malattie_infettive/Coronavirus/dati/COVID19_Dati_TI_UMC_per_github.xlsx,,
2020-12-12,,TI,,18735,339,39,32,1810,640,https://www4.ti.ch/fileadmin/DSS/DSP/UMC/malattie_infettive/Coronavirus/dati/COVID19_Dati_TI_UMC_per_github.xlsx,,
2020-12-13,,TI,,19000,339,41,32,1822,644,https://www4.ti.ch/fileadmin/DSS/DSP/UMC/malattie_infettive/Coronavirus/dati/COVID19_Dati_TI_UMC_per_github.xlsx,,
2020-12-14,,TI,,19174,353,43,34,1825,652,https://www4.ti.ch/fileadmin/DSS/DSP/UMC/malattie_infettive/Coronavirus/dati/COVID19_Dati_TI_UMC_per_github.xlsx,,
2020-12-15,,TI,,19387,354,42,35,1851,659,https://www4.ti.ch/fileadmin/DSS/DSP/UMC/malattie_infettive/Coronavirus/dati/COVID19_Dati_TI_UMC_per_github.xlsx,,
2020-12-16,,TI,,19705,337,40,34,1883,673,https://www4.ti.ch/fileadmin/DSS/DSP/UMC/malattie_infettive/Coronavirus/dati/COVID19_Dati_TI_UMC_per_github.xlsx,,
2020-12-17,,TI,,19963,332,38,33,1905,682,https://www4.ti.ch/fileadmin/DSS/DSP/UMC/malattie_infettive/Coronavirus/dati/COVID19_Dati_TI_UMC_per_github.xlsx,,
2020-12-18,,TI,,20201,339,41,35,1925,688,https://www4.ti.ch/fileadmin/DSS/DSP/UMC/malattie_infettive/Coronavirus/dati/COVID19_Dati_TI_UMC_per_github.xlsx,,
2020-12-19,,TI,,20511,345,42,37,1951,691,https://www4.ti.ch/fileadmin/DSS/DSP/UMC/malattie_infettive/Coronavirus/dati/COVID19_Dati_TI_UMC_per_github.xlsx,,
2020-12-20,,TI,,20780,347,43,38,1965,694,https://www4.ti.ch/fileadmin/DSS/DSP/UMC/malattie_infettive/Coronavirus/dati/COVID19_Dati_TI_UMC_per_github.xlsx,,
2020-12-21,,TI,,20902,349,41,37,1969,703,https://www4.ti.ch/fileadmin/DSS/DSP/UMC/malattie_infettive/Coronavirus/dati/COVID19_Dati_TI_UMC_per_github.xlsx,,
2020-12-22,,TI,,21157,350,39,33,1992,710,https://www4.ti.ch/fileadmin/DSS/DSP/UMC/malattie_infettive/Coronavirus/dati/COVID19_Dati_TI_UMC_per_github.xlsx,,
2020-12-23,,TI,,21438,347,38,33,2018,714,https://www4.ti.ch/fileadmin/DSS/DSP/UMC/malattie_infettive/Coronavirus/dati/COVID19_Dati_TI_UMC_per_github.xlsx,,
2020-12-24,,TI,,21734,338,41,35,2055,720,https://www4.ti.ch/fileadmin/DSS/DSP/UMC/malattie_infettive/Coronavirus/dati/COVID19_Dati_TI_UMC_per_github.xlsx,,
2020-12-25,,TI,,22036,343,38,33,2079,728,https://www4.ti.ch/fileadmin/DSS/DSP/UMC/malattie_infettive/Coronavirus/dati/COVID19_Dati_TI_UMC_per_github.xlsx,,
2020-12-26,,TI,,22184,349,39,35,2090,735,https://www4.ti.ch/fileadmin/DSS/DSP/UMC/malattie_infettive/Coronavirus/dati/COVID19_Dati_TI_UMC_per_github.xlsx,,
2020-12-27,,TI,,22352,357,44,39,2103,742,https://www4.ti.ch/fileadmin/DSS/DSP/UMC/malattie_infettive/Coronavirus/dati/COVID19_Dati_TI_UMC_per_github.xlsx,,
2020-12-28,,TI,,22513,366,44,35,2112,750,https://www4.ti.ch/fileadmin/DSS/DSP/UMC/malattie_infettive/Coronavirus/dati/COVID19_Dati_TI_UMC_per_github.xlsx,,
2020-12-29,,TI,,22786,376,43,36,2127,759,https://www4.ti.ch/fileadmin/DSS/DSP/UMC/malattie_infettive/Coronavirus/dati/COVID19_Dati_TI_UMC_per_github.xlsx,,
2020-12-30,,TI,,23096,373,43,34,2152,768,https://www4.ti.ch/fileadmin/DSS/DSP/UMC/malattie_infettive/Coronavirus/dati/COVID19_Dati_TI_UMC_per_github.xlsx,,
2020-12-31,,TI,,23393,376,46,38,2182,774,https://www4.ti.ch/fileadmin/DSS/DSP/UMC/malattie_infettive/Coronavirus/dati/COVID19_Dati_TI_UMC_per_github.xlsx,,
2021-01-01,,TI,,23705,366,47,42,2215,785,https://www4.ti.ch/fileadmin/DSS/DSP/UMC/malattie_infettive/Coronavirus/dati/COVID19_Dati_TI_UMC_per_github.xlsx,,
2021-01-02,,TI,,23828,373,48,43,2227,791,https://www4.ti.ch/fileadmin/DSS/DSP/UMC/malattie_infettive/Coronavirus/dati/COVID19_Dati_TI_UMC_per_github.xlsx,,
2021-01-03,,TI,,23989,384,46,41,2244,793,https://www4.ti.ch/fileadmin/DSS/DSP/UMC/malattie_infettive/Coronavirus/dati/COVID19_Dati_TI_UMC_per_github.xlsx,,
2021-01-04,,TI,,24138,388,50,44,2250,800,https://www4.ti.ch/fileadmin/DSS/DSP/UMC/malattie_infettive/Coronavirus/dati/COVID19_Dati_TI_UMC_per_github.xlsx,,
2021-01-05,,TI,,24370,385,50,44,2273,806,https://www4.ti.ch/fileadmin/DSS/DSP/UMC/malattie_infettive/Coronavirus/dati/COVID19_Dati_TI_UMC_per_github.xlsx,,
2021-01-06,,TI,,24686,371,47,45,2308,816,https://www4.ti.ch/fileadmin/DSS/DSP/UMC/malattie_infettive/Coronavirus/dati/COVID19_Dati_TI_UMC_per_github.xlsx,,
2021-01-07,,TI,,24843,367,51,47,2325,825,https://www4.ti.ch/fileadmin/DSS/DSP/UMC/malattie_infettive/Coronavirus/dati/COVID19_Dati_TI_UMC_per_github.xlsx,,
2021-01-08,,TI,,25020,366,53,48,2358,831,https://www4.ti.ch/fileadmin/DSS/DSP/UMC/malattie_infettive/Coronavirus/dati/COVID19_Dati_TI_UMC_per_github.xlsx,,
2021-01-09,,TI,,25188,355,48,47,2387,836,https://www4.ti.ch/fileadmin/DSS/DSP/UMC/malattie_infettive/Coronavirus/dati/COVID19_Dati_TI_UMC_per_github.xlsx,,
2021-01-10,,TI,,25317,359,52,46,2402,842,https://www4.ti.ch/fileadmin/DSS/DSP/UMC/malattie_infettive/Coronavirus/dati/COVID19_Dati_TI_UMC_per_github.xlsx,,
2021-01-11,,TI,,25378,352,51,44,2411,850,https://www4.ti.ch/fileadmin/DSS/DSP/UMC/malattie_infettive/Coronavirus/dati/COVID19_Dati_TI_UMC_per_github.xlsx,,
2021-01-12,,TI,,25504,335,55,49,2438,856,https://www4.ti.ch/fileadmin/DSS/DSP/UMC/malattie_infettive/Coronavirus/dati/COVID19_Dati_TI_UMC_per_github.xlsx,,
2021-01-13,,TI,,25658,314,52,46,2462,860,https://www4.ti.ch/fileadmin/DSS/DSP/UMC/malattie_infettive/Coronavirus/dati/COVID19_Dati_TI_UMC_per_github.xlsx,,
2021-01-14,,TI,,25741,304,49,43,2485,863,https://www4.ti.ch/fileadmin/DSS/DSP/UMC/malattie_infettive/Coronavirus/dati/COVID19_Dati_TI_UMC_per_github.xlsx,,
2021-01-15,,TI,,25849,291,40,35,2505,873,https://www4.ti.ch/fileadmin/DSS/DSP/UMC/malattie_infettive/Coronavirus/dati/COVID19_Dati_TI_UMC_per_github.xlsx,,
2021-01-16,,TI,,25962,272,37,32,2531,878,https://www4.ti.ch/fileadmin/DSS/DSP/UMC/malattie_infettive/Coronavirus/dati/COVID19_Dati_TI_UMC_per_github.xlsx,,
2021-01-17,,TI,,26045,264,37,32,2541,882,https://www4.ti.ch/fileadmin/DSS/DSP/UMC/malattie_infettive/Coronavirus/dati/COVID19_Dati_TI_UMC_per_github.xlsx,,
2021-01-18,,TI,,26069,262,37,32,2543,888,https://www4.ti.ch/fileadmin/DSS/DSP/UMC/malattie_infettive/Coronavirus/dati/COVID19_Dati_TI_UMC_per_github.xlsx,,
2021-01-19,,TI,,26155,254,35,30,2566,895,https://www4.ti.ch/fileadmin/DSS/DSP/UMC/malattie_infettive/Coronavirus/dati/COVID19_Dati_TI_UMC_per_github.xlsx,,
2021-01-20,,TI,,26269,232,32,26,2593,899,https://www4.ti.ch/fileadmin/DSS/DSP/UMC/malattie_infettive/Coronavirus/dati/COVID19_Dati_TI_UMC_per_github.xlsx,,
2021-01-21,,TI,,26347,223,33,26,2610,903,https://www4.ti.ch/fileadmin/DSS/DSP/UMC/malattie_infettive/Coronavirus/dati/COVID19_Dati_TI_UMC_per_github.xlsx,,
2021-01-22,,TI,,26421,215,28,25,2626,907,https://www4.ti.ch/fileadmin/DSS/DSP/UMC/malattie_infettive/Coronavirus/dati/COVID19_Dati_TI_UMC_per_github.xlsx,,
2021-01-23,,TI,,26473,205,30,19,2644,910,https://www4.ti.ch/fileadmin/DSS/DSP/UMC/malattie_infettive/Coronavirus/dati/COVID19_Dati_TI_UMC_per_github.xlsx,,
2021-01-24,,TI,,26514,207,32,22,2646,914,https://www4.ti.ch/fileadmin/DSS/DSP/UMC/malattie_infettive/Coronavirus/dati/COVID19_Dati_TI_UMC_per_github.xlsx,,
2021-01-25,,TI,,26526,209,31,23,2648,915,https://www4.ti.ch/fileadmin/DSS/DSP/UMC/malattie_infettive/Coronavirus/dati/COVID19_Dati_TI_UMC_per_github.xlsx,,
2021-01-26,,TI,,26584,195,30,23,2662,921,https://www4.ti.ch/fileadmin/DSS/DSP/UMC/malattie_infettive/Coronavirus/dati/COVID19_Dati_TI_UMC_per_github.xlsx,,
2021-01-27,,TI,,26628,177,27,21,2682,924,https://www4.ti.ch/fileadmin/DSS/DSP/UMC/malattie_infettive/Coronavirus/dati/COVID19_Dati_TI_UMC_per_github.xlsx,,
2021-01-28,,TI,,26676,164,24,20,2699,928,https://www4.ti.ch/fileadmin/DSS/DSP/UMC/malattie_infettive/Coronavirus/dati/COVID19_Dati_TI_UMC_per_github.xlsx,,
2021-01-29,,TI,,26717,160,24,20,2708,933,https://www4.ti.ch/fileadmin/DSS/DSP/UMC/malattie_infettive/Coronavirus/dati/COVID19_Dati_TI_UMC_per_github.xlsx,,
2021-01-30,,TI,,26763,160,25,18,2723,934,https://www4.ti.ch/fileadmin/DSS/DSP/UMC/malattie_infettive/Coronavirus/dati/COVID19_Dati_TI_UMC_per_github.xlsx,,
2021-01-31,,TI,,26795,158,24,16,2730,936,https://www4.ti.ch/fileadmin/DSS/DSP/UMC/malattie_infettive/Coronavirus/dati/COVID19_Dati_TI_UMC_per_github.xlsx,,
2021-02-01,,TI,,26818,156,21,15,2738,936,https://www4.ti.ch/fileadmin/DSS/DSP/UMC/malattie_infettive/Coronavirus/dati/COVID19_Dati_TI_UMC_per_github.xlsx,,
2021-02-02,,TI,,26859,153,19,15,2752,938,https://www4.ti.ch/fileadmin/DSS/DSP/UMC/malattie_infettive/Coronavirus/dati/COVID19_Dati_TI_UMC_per_github.xlsx,,
2021-02-03,,TI,,26916,139,20,13,2773,939,https://www4.ti.ch/fileadmin/DSS/DSP/UMC/malattie_infettive/Coronavirus/dati/COVID19_Dati_TI_UMC_per_github.xlsx,,
2021-02-04,,TI,,26963,132,23,14,2786,940,https://www4.ti.ch/fileadmin/DSS/DSP/UMC/malattie_infettive/Coronavirus/dati/COVID19_Dati_TI_UMC_per_github.xlsx,,
2021-02-05,,TI,,27038,127,20,14,2798,942,https://www4.ti.ch/fileadmin/DSS/DSP/UMC/malattie_infettive/Coronavirus/dati/COVID19_Dati_TI_UMC_per_github.xlsx,,
2021-02-06,,TI,,27077,112,19,16,2814,944,https://www4.ti.ch/fileadmin/DSS/DSP/UMC/malattie_infettive/Coronavirus/dati/COVID19_Dati_TI_UMC_per_github.xlsx,,
2021-02-07,,TI,,27114,105,18,14,2821,947,https://www4.ti.ch/fileadmin/DSS/DSP/UMC/malattie_infettive/Coronavirus/dati/COVID19_Dati_TI_UMC_per_github.xlsx,,
2021-02-08,,TI,,27136,106,17,15,2824,947,https://www4.ti.ch/fileadmin/DSS/DSP/UMC/malattie_infettive/Coronavirus/dati/COVID19_Dati_TI_UMC_per_github.xlsx,,
2021-02-09,,TI,,27174,96,16,13,2837,948,https://www4.ti.ch/fileadmin/DSS/DSP/UMC/malattie_infettive/Coronavirus/dati/COVID19_Dati_TI_UMC_per_github.xlsx,,
2021-02-10,,TI,,27245,93,16,13,2846,949,https://www4.ti.ch/fileadmin/DSS/DSP/UMC/malattie_infettive/Coronavirus/dati/COVID19_Dati_TI_UMC_per_github.xlsx,,
2021-02-11,,TI,,27305,91,17,14,2854,949,https://www4.ti.ch/fileadmin/DSS/DSP/UMC/malattie_infettive/Coronavirus/dati/COVID19_Dati_TI_UMC_per_github.xlsx,,
2021-02-12,,TI,,27332,78,15,12,2867,950,https://www4.ti.ch/fileadmin/DSS/DSP/UMC/malattie_infettive/Coronavirus/dati/COVID19_Dati_TI_UMC_per_github.xlsx,,
2021-02-13,,TI,,27370,79,13,10,2872,950,https://www4.ti.ch/fileadmin/DSS/DSP/UMC/malattie_infettive/Coronavirus/dati/COVID19_Dati_TI_UMC_per_github.xlsx,,
2021-02-14,,TI,,27408,74,12,10,2879,951,https://www4.ti.ch/fileadmin/DSS/DSP/UMC/malattie_infettive/Coronavirus/dati/COVID19_Dati_TI_UMC_per_github.xlsx,,
2021-02-15,,TI,,27417,74,13,9,2881,951,https://www4.ti.ch/fileadmin/DSS/DSP/UMC/malattie_infettive/Coronavirus/dati/COVID19_Dati_TI_UMC_per_github.xlsx,,
2021-02-16,,TI,,27449,72,13,9,2890,952,https://www4.ti.ch/fileadmin/DSS/DSP/UMC/malattie_infettive/Coronavirus/dati/COVID19_Dati_TI_UMC_per_github.xlsx,,
2021-02-17,,TI,,27494,71,12,9,2895,952,https://www4.ti.ch/fileadmin/DSS/DSP/UMC/malattie_infettive/Coronavirus/dati/COVID19_Dati_TI_UMC_per_github.xlsx,,
2021-02-18,,TI,,27544,68,12,11,2903,952,https://www4.ti.ch/fileadmin/DSS/DSP/UMC/malattie_infettive/Coronavirus/dati/COVID19_Dati_TI_UMC_per_github.xlsx,,
2021-02-19,,TI,,27583,71,13,12,2907,952,https://www4.ti.ch/fileadmin/DSS/DSP/UMC/malattie_infettive/Coronavirus/dati/COVID19_Dati_TI_UMC_per_github.xlsx,,
2021-02-20,,TI,,27632,71,13,12,2912,952,https://www4.ti.ch/fileadmin/DSS/DSP/UMC/malattie_infettive/Coronavirus/dati/COVID19_Dati_TI_UMC_per_github.xlsx,,
2021-02-21,,TI,,27669,73,13,12,2912,952,https://www4.ti.ch/fileadmin/DSS/DSP/UMC/malattie_infettive/Coronavirus/dati/COVID19_Dati_TI_UMC_per_github.xlsx,,
2021-02-22,,TI,,27698,73,14,12,2915,953,https://www4.ti.ch/fileadmin/DSS/DSP/UMC/malattie_infettive/Coronavirus/dati/COVID19_Dati_TI_UMC_per_github.xlsx,,
2021-02-23,,TI,,27752,74,14,12,2917,954,https://www4.ti.ch/fileadmin/DSS/DSP/UMC/malattie_infettive/Coronavirus/dati/COVID19_Dati_TI_UMC_per_github.xlsx,,
2021-02-24,,TI,,27810,71,11,9,2922,956,https://www4.ti.ch/fileadmin/DSS/DSP/UMC/malattie_infettive/Coronavirus/dati/COVID19_Dati_TI_UMC_per_github.xlsx,,
2021-02-25,,TI,,27862,72,11,9,2926,956,https://www4.ti.ch/fileadmin/DSS/DSP/UMC/malattie_infettive/Coronavirus/dati/COVID19_Dati_TI_UMC_per_github.xlsx,,
2021-02-26,,TI,,27910,70,11,10,2932,956,https://www4.ti.ch/fileadmin/DSS/DSP/UMC/malattie_infettive/Coronavirus/dati/COVID19_Dati_TI_UMC_per_github.xlsx,,
2021-02-27,,TI,,27973,69,10,9,2935,957,https://www4.ti.ch/fileadmin/DSS/DSP/UMC/malattie_infettive/Coronavirus/dati/COVID19_Dati_TI_UMC_per_github.xlsx,,
2021-02-28,,TI,,27995,64,11,9,2941,957,https://www4.ti.ch/fileadmin/DSS/DSP/UMC/malattie_infettive/Coronavirus/dati/COVID19_Dati_TI_UMC_per_github.xlsx,,
2021-03-01,,TI,,28023,63,11,7,2942,957,https://www4.ti.ch/fileadmin/DSS/DSP/UMC/malattie_infettive/Coronavirus/dati/COVID19_Dati_TI_UMC_per_github.xlsx,,
2021-03-02,,TI,,28067,63,10,7,2949,957,https://www4.ti.ch/fileadmin/DSS/DSP/UMC/malattie_infettive/Coronavirus/dati/COVID19_Dati_TI_UMC_per_github.xlsx,,
2021-03-03,,TI,,28139,60,8,5,2957,957,https://www4.ti.ch/fileadmin/DSS/DSP/UMC/malattie_infettive/Coronavirus/dati/COVID19_Dati_TI_UMC_per_github.xlsx,,
2021-03-04,,TI,,28189,60,6,6,2961,958,https://www4.ti.ch/fileadmin/DSS/DSP/UMC/malattie_infettive/Coronavirus/dati/COVID19_Dati_TI_UMC_per_github.xlsx,,
2021-03-05,,TI,,28246,55,5,4,2967,959,https://www4.ti.ch/fileadmin/DSS/DSP/UMC/malattie_infettive/Coronavirus/dati/COVID19_Dati_TI_UMC_per_github.xlsx,,
2021-03-06,,TI,,28298,54,6,5,2974,961,https://www4.ti.ch/fileadmin/DSS/DSP/UMC/malattie_infettive/Coronavirus/dati/COVID19_Dati_TI_UMC_per_github.xlsx,,
2021-03-07,,TI,,28353,54,6,5,2975,961,https://www4.ti.ch/fileadmin/DSS/DSP/UMC/malattie_infettive/Coronavirus/dati/COVID19_Dati_TI_UMC_per_github.xlsx,,
2021-03-08,,TI,,28375,59,7,6,2975,961,https://www4.ti.ch/fileadmin/DSS/DSP/UMC/malattie_infettive/Coronavirus/dati/COVID19_Dati_TI_UMC_per_github.xlsx,,
2021-03-09,,TI,,28442,58,6,5,2979,962,https://www4.ti.ch/fileadmin/DSS/DSP/UMC/malattie_infettive/Coronavirus/dati/COVID19_Dati_TI_UMC_per_github.xlsx,,
2021-03-10,,TI,,28536,57,7,6,2985,963,https://www4.ti.ch/fileadmin/DSS/DSP/UMC/malattie_infettive/Coronavirus/dati/COVID19_Dati_TI_UMC_per_github.xlsx,,
2021-03-11,,TI,,28608,62,6,6,2989,963,https://www4.ti.ch/fileadmin/DSS/DSP/UMC/malattie_infettive/Coronavirus/dati/COVID19_Dati_TI_UMC_per_github.xlsx,,
2021-03-12,,TI,,28681,65,7,7,2994,963,https://www4.ti.ch/fileadmin/DSS/DSP/UMC/malattie_infettive/Coronavirus/dati/COVID19_Dati_TI_UMC_per_github.xlsx,,
2021-03-13,,TI,,28756,65,7,6,2997,965,https://www4.ti.ch/fileadmin/DSS/DSP/UMC/malattie_infettive/Coronavirus/dati/COVID19_Dati_TI_UMC_per_github.xlsx,,
2021-03-14,,TI,,28828,63,7,5,3000,967,https://www4.ti.ch/fileadmin/DSS/DSP/UMC/malattie_infettive/Coronavirus/dati/COVID19_Dati_TI_UMC_per_github.xlsx,,
2021-03-15,,TI,,28876,67,7,5,3001,967,https://www4.ti.ch/fileadmin/DSS/DSP/UMC/malattie_infettive/Coronavirus/dati/COVID19_Dati_TI_UMC_per_github.xlsx,,
2021-03-16,,TI,,28951,71,8,5,3003,967,https://www4.ti.ch/fileadmin/DSS/DSP/UMC/malattie_infettive/Coronavirus/dati/COVID19_Dati_TI_UMC_per_github.xlsx,,
2021-03-17,,TI,,29051,71,6,4,3008,967,https://www4.ti.ch/fileadmin/DSS/DSP/UMC/malattie_infettive/Coronavirus/dati/COVID19_Dati_TI_UMC_per_github.xlsx,,
2021-03-18,,TI,,29122,72,5,4,3011,967,https://www4.ti.ch/fileadmin/DSS/DSP/UMC/malattie_infettive/Coronavirus/dati/COVID19_Dati_TI_UMC_per_github.xlsx,,
2021-03-19,,TI,,29212,73,5,5,3017,968,https://www4.ti.ch/fileadmin/DSS/DSP/UMC/malattie_infettive/Coronavirus/dati/COVID19_Dati_TI_UMC_per_github.xlsx,,
2021-03-20,,TI,,29265,71,6,6,3024,970,https://www4.ti.ch/fileadmin/DSS/DSP/UMC/malattie_infettive/Coronavirus/dati/COVID19_Dati_TI_UMC_per_github.xlsx,,
2021-03-21,,TI,,29348,70,6,6,3032,971,https://www4.ti.ch/fileadmin/DSS/DSP/UMC/malattie_infettive/Coronavirus/dati/COVID19_Dati_TI_UMC_per_github.xlsx,,
2021-03-22,,TI,,29388,73,6,6,3033,971,https://www4.ti.ch/fileadmin/DSS/DSP/UMC/malattie_infettive/Coronavirus/dati/COVID19_Dati_TI_UMC_per_github.xlsx,,
2021-03-23,,TI,,29460,69,6,6,3045,971,https://www4.ti.ch/fileadmin/DSS/DSP/UMC/malattie_infettive/Coronavirus/dati/COVID19_Dati_TI_UMC_per_github.xlsx,,
2021-03-24,,TI,,29581,68,7,7,3051,972,https://www4.ti.ch/fileadmin/DSS/DSP/UMC/malattie_infettive/Coronavirus/dati/COVID19_Dati_TI_UMC_per_github.xlsx,,
2021-03-25,,TI,,29699,66,8,8,3058,972,https://www4.ti.ch/fileadmin/DSS/DSP/UMC/malattie_infettive/Coronavirus/dati/COVID19_Dati_TI_UMC_per_github.xlsx,,
2021-03-26,,TI,,29788,67,8,8,3067,972,https://www4.ti.ch/fileadmin/DSS/DSP/UMC/malattie_infettive/Coronavirus/dati/COVID19_Dati_TI_UMC_per_github.xlsx,,
2021-03-27,,TI,,29884,71,8,8,3073,972,https://www4.ti.ch/fileadmin/DSS/DSP/UMC/malattie_infettive/Coronavirus/dati/COVID19_Dati_TI_UMC_per_github.xlsx,,
2021-03-28,,TI,,29971,72,8,7,3080,973,https://www4.ti.ch/fileadmin/DSS/DSP/UMC/malattie_infettive/Coronavirus/dati/COVID19_Dati_TI_UMC_per_github.xlsx,,
2021-03-29,,TI,,30005,71,9,7,3083,973,https://www4.ti.ch/fileadmin/DSS/DSP/UMC/malattie_infettive/Coronavirus/dati/COVID19_Dati_TI_UMC_per_github.xlsx,,
2021-03-30,,TI,,30086,83,9,9,3087,973,https://www4.ti.ch/fileadmin/DSS/DSP/UMC/malattie_infettive/Coronavirus/dati/COVID19_Dati_TI_UMC_per_github.xlsx,,
2021-03-31,,TI,,30224,78,9,9,3099,975,https://www4.ti.ch/fileadmin/DSS/DSP/UMC/malattie_infettive/Coronavirus/dati/COVID19_Dati_TI_UMC_per_github.xlsx,,
2021-04-01,,TI,,30327,86,9,9,3107,975,https://www4.ti.ch/fileadmin/DSS/DSP/UMC/malattie_infettive/Coronavirus/dati/COVID19_Dati_TI_UMC_per_github.xlsx,,
2021-04-02,,TI,,30410,89,10,9,3116,975,https://www4.ti.ch/fileadmin/DSS/DSP/UMC/malattie_infettive/Coronavirus/dati/COVID19_Dati_TI_UMC_per_github.xlsx,,
2021-04-03,,TI,,30512,87,10,8,3126,975,https://www4.ti.ch/fileadmin/DSS/DSP/UMC/malattie_infettive/Coronavirus/dati/COVID19_Dati_TI_UMC_per_github.xlsx,,
2021-04-04,,TI,,30571,87,10,7,3132,975,https://www4.ti.ch/fileadmin/DSS/DSP/UMC/malattie_infettive/Coronavirus/dati/COVID19_Dati_TI_UMC_per_github.xlsx,,
2021-04-05,,TI,,30594,94,13,10,3132,975,https://www4.ti.ch/fileadmin/DSS/DSP/UMC/malattie_infettive/Coronavirus/dati/COVID19_Dati_TI_UMC_per_github.xlsx,,
2021-04-06,,TI,,30630,100,15,13,3134,977,https://www4.ti.ch/fileadmin/DSS/DSP/UMC/malattie_infettive/Coronavirus/dati/COVID19_Dati_TI_UMC_per_github.xlsx,,
2021-04-07,,TI,,30707,102,15,12,3139,977,https://www4.ti.ch/fileadmin/DSS/DSP/UMC/malattie_infettive/Coronavirus/dati/COVID19_Dati_TI_UMC_per_github.xlsx,,
2021-04-08,,TI,,30790,96,16,14,3148,978,https://www4.ti.ch/fileadmin/DSS/DSP/UMC/malattie_infettive/Coronavirus/dati/COVID19_Dati_TI_UMC_per_github.xlsx,,
2021-04-09,,TI,,30868,91,15,14,3161,978,https://www4.ti.ch/fileadmin/DSS/DSP/UMC/malattie_infettive/Coronavirus/dati/COVID19_Dati_TI_UMC_per_github.xlsx,,
2021-04-10,,TI,,30942,87,15,14,3172,978,https://www4.ti.ch/fileadmin/DSS/DSP/UMC/malattie_infettive/Coronavirus/dati/COVID19_Dati_TI_UMC_per_github.xlsx,,
2021-04-11,,TI,,30988,80,16,14,3179,979,https://www4.ti.ch/fileadmin/DSS/DSP/UMC/malattie_infettive/Coronavirus/dati/COVID19_Dati_TI_UMC_per_github.xlsx,,
2021-04-12,,TI,,31037,86,15,13,3179,979,https://www4.ti.ch/fileadmin/DSS/DSP/UMC/malattie_infettive/Coronavirus/dati/COVID19_Dati_TI_UMC_per_github.xlsx,,
2021-04-13,,TI,,31115,86,17,13,3186,979,https://www4.ti.ch/fileadmin/DSS/DSP/UMC/malattie_infettive/Coronavirus/dati/COVID19_Dati_TI_UMC_per_github.xlsx,,
2021-04-14,,TI,,31191,89,17,14,3190,980,https://www4.ti.ch/fileadmin/DSS/DSP/UMC/malattie_infettive/Coronavirus/dati/COVID19_Dati_TI_UMC_per_github.xlsx,,
2021-04-15,,TI,,31258,88,14,13,3197,980,https://www4.ti.ch/fileadmin/DSS/DSP/UMC/malattie_infettive/Coronavirus/dati/COVID19_Dati_TI_UMC_per_github.xlsx,,
2021-04-16,,TI,,31320,87,14,13,3205,980,https://www4.ti.ch/fileadmin/DSS/DSP/UMC/malattie_infettive/Coronavirus/dati/COVID19_Dati_TI_UMC_per_github.xlsx,,
2021-04-17,,TI,,31390,87,15,12,3210,980,https://www4.ti.ch/fileadmin/DSS/DSP/UMC/malattie_infettive/Coronavirus/dati/COVID19_Dati_TI_UMC_per_github.xlsx,,
2021-04-18,,TI,,31437,86,16,14,3219,981,https://www4.ti.ch/fileadmin/DSS/DSP/UMC/malattie_infettive/Coronavirus/dati/COVID19_Dati_TI_UMC_per_github.xlsx,,
2021-04-19,,TI,,31472,90,16,14,3219,982,https://www4.ti.ch/fileadmin/DSS/DSP/UMC/malattie_infettive/Coronavirus/dati/COVID19_Dati_TI_UMC_per_github.xlsx,,
2021-04-20,,TI,,31566,93,17,14,3225,982,https://www4.ti.ch/fileadmin/DSS/DSP/UMC/malattie_infettive/Coronavirus/dati/COVID19_Dati_TI_UMC_per_github.xlsx,,
2021-04-21,,TI,,31634,93,15,13,3231,982,https://www4.ti.ch/fileadmin/DSS/DSP/UMC/malattie_infettive/Coronavirus/dati/COVID19_Dati_TI_UMC_per_github.xlsx,,
2021-04-22,,TI,,31703,94,17,14,3236,982,https://www4.ti.ch/fileadmin/DSS/DSP/UMC/malattie_infettive/Coronavirus/dati/COVID19_Dati_TI_UMC_per_github.xlsx,,
2021-04-23,,TI,,31765,95,17,14,3244,983,https://www4.ti.ch/fileadmin/DSS/DSP/UMC/malattie_infettive/Coronavirus/dati/COVID19_Dati_TI_UMC_per_github.xlsx,,
2021-04-24,,TI,,31850,90,15,14,3253,984,https://www4.ti.ch/fileadmin/DSS/DSP/UMC/malattie_infettive/Coronavirus/dati/COVID19_Dati_TI_UMC_per_github.xlsx,,
2021-04-25,,TI,,31907,89,15,14,3261,984,https://www4.ti.ch/fileadmin/DSS/DSP/UMC/malattie_infettive/Coronavirus/dati/COVID19_Dati_TI_UMC_per_github.xlsx,,
2021-04-26,,TI,,31941,85,16,14,3267,984,https://www4.ti.ch/fileadmin/DSS/DSP/UMC/malattie_infettive/Coronavirus/dati/COVID19_Dati_TI_UMC_per_github.xlsx,,
2021-04-27,,TI,,32008,76,14,14,3280,985,https://www4.ti.ch/fileadmin/DSS/DSP/UMC/malattie_infettive/Coronavirus/dati/COVID19_Dati_TI_UMC_per_github.xlsx,,
2021-04-28,,TI,,32067,74,15,13,3286,986,https://www4.ti.ch/fileadmin/DSS/DSP/UMC/malattie_infettive/Coronavirus/dati/COVID19_Dati_TI_UMC_per_github.xlsx,,
2021-04-29,,TI,,32117,66,16,12,3293,988,https://www4.ti.ch/fileadmin/DSS/DSP/UMC/malattie_infettive/Coronavirus/dati/COVID19_Dati_TI_UMC_per_github.xlsx,,
2021-04-30,,TI,,32171,68,14,12,3299,989,https://www4.ti.ch/fileadmin/DSS/DSP/UMC/malattie_infettive/Coronavirus/dati/COVID19_Dati_TI_UMC_per_github.xlsx,,
2021-05-01,,TI,,32214,63,14,11,3306,989,https://www4.ti.ch/fileadmin/DSS/DSP/UMC/malattie_infettive/Coronavirus/dati/COVID19_Dati_TI_UMC_per_github.xlsx,,
2021-05-02,,TI,,32252,62,14,11,3310,989,https://www4.ti.ch/fileadmin/DSS/DSP/UMC/malattie_infettive/Coronavirus/dati/COVID19_Dati_TI_UMC_per_github.xlsx,,
2021-05-03,,TI,,32271,62,13,10,3312,991,https://www4.ti.ch/fileadmin/DSS/DSP/UMC/malattie_infettive/Coronavirus/dati/COVID19_Dati_TI_UMC_per_github.xlsx,,
2021-05-04,,TI,,32328,60,13,7,3319,991,https://www4.ti.ch/fileadmin/DSS/DSP/UMC/malattie_infettive/Coronavirus/dati/COVID19_Dati_TI_UMC_per_github.xlsx,,
2021-05-05,,TI,,32388,60,11,7,3324,991,https://www4.ti.ch/fileadmin/DSS/DSP/UMC/malattie_infettive/Coronavirus/dati/COVID19_Dati_TI_UMC_per_github.xlsx,,
2021-05-06,,TI,,32450,57,12,8,3329,991,https://www4.ti.ch/fileadmin/DSS/DSP/UMC/malattie_infettive/Coronavirus/dati/COVID19_Dati_TI_UMC_per_github.xlsx,,
2021-05-07,,TI,,32496,54,11,8,3333,991,https://www4.ti.ch/fileadmin/DSS/DSP/UMC/malattie_infettive/Coronavirus/dati/COVID19_Dati_TI_UMC_per_github.xlsx,,
2021-05-08,,TI,,32559,54,11,8,3337,991,https://www4.ti.ch/fileadmin/DSS/DSP/UMC/malattie_infettive/Coronavirus/dati/COVID19_Dati_TI_UMC_per_github.xlsx,,
2021-05-09,,TI,,32586,54,11,8,3338,991,https://www4.ti.ch/fileadmin/DSS/DSP/UMC/malattie_infettive/Coronavirus/dati/COVID19_Dati_TI_UMC_per_github.xlsx,,
2021-05-10,,TI,,32617,53,11,7,3340,991,https://www4.ti.ch/fileadmin/DSS/DSP/UMC/malattie_infettive/Coronavirus/dati/COVID19_Dati_TI_UMC_per_github.xlsx,,
2021-05-11,,TI,,32665,43,9,7,3350,991,https://www4.ti.ch/fileadmin/DSS/DSP/UMC/malattie_infettive/Coronavirus/dati/COVID19_Dati_TI_UMC_per_github.xlsx,,
2021-05-12,,TI,,32696,38,8,7,3358,991,https://www4.ti.ch/fileadmin/DSS/DSP/UMC/malattie_infettive/Coronavirus/dati/COVID19_Dati_TI_UMC_per_github.xlsx,,
2021-05-13,,TI,,32738,36,9,7,3362,991,https://www4.ti.ch/fileadmin/DSS/DSP/UMC/malattie_infettive/Coronavirus/dati/COVID19_Dati_TI_UMC_per_github.xlsx,,
2021-05-14,,TI,,32771,34,8,6,3364,991,https://www4.ti.ch/fileadmin/DSS/DSP/UMC/malattie_infettive/Coronavirus/dati/COVID19_Dati_TI_UMC_per_github.xlsx,,
2021-05-15,,TI,,32796,30,8,5,3368,991,https://www4.ti.ch/fileadmin/DSS/DSP/UMC/malattie_infettive/Coronavirus/dati/COVID19_Dati_TI_UMC_per_github.xlsx,,
2021-05-16,,TI,,32815,29,8,5,3370,991,https://www4.ti.ch/fileadmin/DSS/DSP/UMC/malattie_infettive/Coronavirus/dati/COVID19_Dati_TI_UMC_per_github.xlsx,,
2021-05-17,,TI,,32824,29,6,3,3370,992,https://www4.ti.ch/fileadmin/DSS/DSP/UMC/malattie_infettive/Coronavirus/dati/COVID19_Dati_TI_UMC_per_github.xlsx,,
2021-05-18,,TI,,32850,28,5,2,3373,992,https://www4.ti.ch/fileadmin/DSS/DSP/UMC/malattie_infettive/Coronavirus/dati/COVID19_Dati_TI_UMC_per_github.xlsx,,
2021-05-19,,TI,,32886,27,4,1,3374,993,https://www4.ti.ch/fileadmin/DSS/DSP/UMC/malattie_infettive/Coronavirus/dati/COVID19_Dati_TI_UMC_per_github.xlsx,,
2021-05-20,,TI,,32914,25,4,1,3378,993,https://www4.ti.ch/fileadmin/DSS/DSP/UMC/malattie_infettive/Coronavirus/dati/COVID19_Dati_TI_UMC_per_github.xlsx,,
2021-05-21,,TI,,32930,25,2,1,3379,993,https://www4.ti.ch/fileadmin/DSS/DSP/UMC/malattie_infettive/Coronavirus/dati/COVID19_Dati_TI_UMC_per_github.xlsx,,
2021-05-22,,TI,,32947,24,1,1,3381,994,https://www4.ti.ch/fileadmin/DSS/DSP/UMC/malattie_infettive/Coronavirus/dati/COVID19_Dati_TI_UMC_per_github.xlsx,,
2021-05-23,,TI,,32965,23,1,1,3383,994,https://www4.ti.ch/fileadmin/DSS/DSP/UMC/malattie_infettive/Coronavirus/dati/COVID19_Dati_TI_UMC_per_github.xlsx,,
2021-05-24,,TI,,32977,21,0,0,3386,994,https://www4.ti.ch/fileadmin/DSS/DSP/UMC/malattie_infettive/Coronavirus/dati/COVID19_Dati_TI_UMC_per_github.xlsx,,
2021-05-25,,TI,,32990,19,0,0,3388,994,https://www4.ti.ch/fileadmin/DSS/DSP/UMC/malattie_infettive/Coronavirus/dati/COVID19_Dati_TI_UMC_per_github.xlsx,,
2021-05-26,,TI,,33000,19,0,0,3390,994,https://www4.ti.ch/fileadmin/DSS/DSP/UMC/malattie_infettive/Coronavirus/dati/COVID19_Dati_TI_UMC_per_github.xlsx,,
2021-05-27,,TI,,33013,18,1,0,3391,995,https://www4.ti.ch/fileadmin/DSS/DSP/UMC/malattie_infettive/Coronavirus/dati/COVID19_Dati_TI_UMC_per_github.xlsx,,
2021-05-28,,TI,,33021,15,1,0,3394,995,https://www4.ti.ch/fileadmin/DSS/DSP/UMC/malattie_infettive/Coronavirus/dati/COVID19_Dati_TI_UMC_per_github.xlsx,,
2021-05-29,,TI,,33038,10,1,0,3400,995,https://www4.ti.ch/fileadmin/DSS/DSP/UMC/malattie_infettive/Coronavirus/dati/COVID19_Dati_TI_UMC_per_github.xlsx,,
2021-05-30,,TI,,33050,11,1,0,3400,995,https://www4.ti.ch/fileadmin/DSS/DSP/UMC/malattie_infettive/Coronavirus/dati/COVID19_Dati_TI_UMC_per_github.xlsx,,
2021-05-31,,TI,,33056,11,0,0,3401,995,https://www4.ti.ch/fileadmin/DSS/DSP/UMC/malattie_infettive/Coronavirus/dati/COVID19_Dati_TI_UMC_per_github.xlsx,,
2021-06-01,,TI,,33068,10,0,0,3402,995,https://www4.ti.ch/fileadmin/DSS/DSP/UMC/malattie_infettive/Coronavirus/dati/COVID19_Dati_TI_UMC_per_github.xlsx,,
2021-06-02,,TI,,33088,10,0,0,3402,995,https://www4.ti.ch/fileadmin/DSS/DSP/UMC/malattie_infettive/Coronavirus/dati/COVID19_Dati_TI_UMC_per_github.xlsx,,
2021-06-03,,TI,,33099,6,0,0,3406,995,https://www4.ti.ch/fileadmin/DSS/DSP/UMC/malattie_infettive/Coronavirus/dati/COVID19_Dati_TI_UMC_per_github.xlsx,,
2021-06-04,,TI,,33109,3,0,0,3409,995,https://www4.ti.ch/fileadmin/DSS/DSP/UMC/malattie_infettive/Coronavirus/dati/COVID19_Dati_TI_UMC_per_github.xlsx,,
2021-06-05,,TI,,33116,4,0,0,3410,995,https://www4.ti.ch/fileadmin/DSS/DSP/UMC/malattie_infettive/Coronavirus/dati/COVID19_Dati_TI_UMC_per_github.xlsx,,
2021-06-06,,TI,,33128,3,0,0,3411,995,https://www4.ti.ch/fileadmin/DSS/DSP/UMC/malattie_infettive/Coronavirus/dati/COVID19_Dati_TI_UMC_per_github.xlsx,,
2021-06-07,,TI,,33132,2,0,0,,995,https://www4.ti.ch/fileadmin/DSS/DSP/UMC/malattie_infettive/Coronavirus/dati/COVID19_Dati_TI_UMC_per_github.xlsx,,
2021-06-08,,TI,,33139,2,0,0,,995,https://www4.ti.ch/fileadmin/DSS/DSP/UMC/malattie_infettive/Coronavirus/dati/COVID19_Dati_TI_UMC_per_github.xlsx,,
2021-06-09,,TI,,33150,2,0,0,,995,https://www4.ti.ch/fileadmin/DSS/DSP/UMC/malattie_infettive/Coronavirus/dati/COVID19_Dati_TI_UMC_per_github.xlsx,,
2021-06-10,,TI,,33161,1,0,0,,995,https://www4.ti.ch/fileadmin/DSS/DSP/UMC/malattie_infettive/Coronavirus/dati/COVID19_Dati_TI_UMC_per_github.xlsx,,
2021-06-11,,TI,,33165,1,0,0,,995,https://www4.ti.ch/fileadmin/DSS/DSP/UMC/malattie_infettive/Coronavirus/dati/COVID19_Dati_TI_UMC_per_github.xlsx,,
2021-06-12,,TI,,33168,1,0,0,,995,https://www4.ti.ch/fileadmin/DSS/DSP/UMC/malattie_infettive/Coronavirus/dati/COVID19_Dati_TI_UMC_per_github.xlsx,,
2021-06-13,,TI,,33171,1,0,0,,995,https://www4.ti.ch/fileadmin/DSS/DSP/UMC/malattie_infettive/Coronavirus/dati/COVID19_Dati_TI_UMC_per_github.xlsx,,
2021-06-14,,TI,,33172,1,0,0,,995,https://www4.ti.ch/fileadmin/DSS/DSP/UMC/malattie_infettive/Coronavirus/dati/COVID19_Dati_TI_UMC_per_github.xlsx,,
2021-06-15,,TI,,33179,1,0,0,,995,https://www4.ti.ch/fileadmin/DSS/DSP/UMC/malattie_infettive/Coronavirus/dati/COVID19_Dati_TI_UMC_per_github.xlsx,,
2021-06-16,,TI,,33188,3,0,0,,995,https://www4.ti.ch/fileadmin/DSS/DSP/UMC/malattie_infettive/Coronavirus/dati/COVID19_Dati_TI_UMC_per_github.xlsx,,
2021-06-17,,TI,,33196,3,0,0,,995,https://www4.ti.ch/fileadmin/DSS/DSP/UMC/malattie_infettive/Coronavirus/dati/COVID19_Dati_TI_UMC_per_github.xlsx,,
2021-06-18,,TI,,33201,3,0,0,,995,https://www4.ti.ch/fileadmin/DSS/DSP/UMC/malattie_infettive/Coronavirus/dati/COVID19_Dati_TI_UMC_per_github.xlsx,,
2021-06-21,,TI,,33220,3,0,0,,995,https://www4.ti.ch/fileadmin/DSS/DSP/UMC/malattie_infettive/Coronavirus/dati/COVID19_Dati_TI_UMC_per_github.xlsx,,
2021-06-22,,TI,,33222,2,0,0,,995,https://www4.ti.ch/fileadmin/DSS/DSP/UMC/malattie_infettive/Coronavirus/dati/COVID19_Dati_TI_UMC_per_github.xlsx,,
2021-06-23,,TI,,33225,2,0,0,,995,https://www4.ti.ch/fileadmin/DSS/DSP/UMC/malattie_infettive/Coronavirus/dati/COVID19_Dati_TI_UMC_per_github.xlsx,,
2021-06-24,,TI,,33230,2,0,0,,995,https://www4.ti.ch/fileadmin/DSS/DSP/UMC/malattie_infettive/Coronavirus/dati/COVID19_Dati_TI_UMC_per_github.xlsx,,
2021-06-25,,TI,,33232,1,0,0,,995,https://www4.ti.ch/fileadmin/DSS/DSP/UMC/malattie_infettive/Coronavirus/dati/COVID19_Dati_TI_UMC_per_github.xlsx,,
2021-06-28,,TI,,33240,1,0,0,,995,https://www4.ti.ch/fileadmin/DSS/DSP/UMC/malattie_infettive/Coronavirus/dati/COVID19_Dati_TI_UMC_per_github.xlsx,,
2021-06-30,,TI,,33246,0,0,0,,995,https://www4.ti.ch/fileadmin/DSS/DSP/UMC/malattie_infettive/Coronavirus/dati/COVID19_Dati_TI_UMC_per_github.xlsx,,
2021-07-01,,TI,,33254,0,0,0,,995,https://www4.ti.ch/fileadmin/DSS/DSP/UMC/malattie_infettive/Coronavirus/dati/COVID19_Dati_TI_UMC_per_github.xlsx,,
2021-07-02,,TI,,33265,1,0,0,,995,https://www4.ti.ch/fileadmin/DSS/DSP/UMC/malattie_infettive/Coronavirus/dati/COVID19_Dati_TI_UMC_per_github.xlsx,,
2021-07-05,,TI,,33291,0,0,0,,995,https://www4.ti.ch/fileadmin/DSS/DSP/UMC/malattie_infettive/Coronavirus/dati/COVID19_Dati_TI_UMC_per_github.xlsx,,
2021-07-06,,TI,,33304,0,0,0,,995,https://www4.ti.ch/fileadmin/DSS/DSP/UMC/malattie_infettive/Coronavirus/dati/COVID19_Dati_TI_UMC_per_github.xlsx,,
2021-07-07,,TI,,33322,0,0,0,,995,https://www4.ti.ch/fileadmin/DSS/DSP/UMC/malattie_infettive/Coronavirus/dati/COVID19_Dati_TI_UMC_per_github.xlsx,,
2021-07-08,,TI,,33328,0,0,0,,995,https://www4.ti.ch/fileadmin/DSS/DSP/UMC/malattie_infettive/Coronavirus/dati/COVID19_Dati_TI_UMC_per_github.xlsx,,
2021-07-09,,TI,,33349,0,0,0,,995,https://www4.ti.ch/fileadmin/DSS/DSP/UMC/malattie_infettive/Coronavirus/dati/COVID19_Dati_TI_UMC_per_github.xlsx,,
2021-07-12,,TI,,33386,2,0,0,,995,https://www4.ti.ch/fileadmin/DSS/DSP/UMC/malattie_infettive/Coronavirus/dati/COVID19_Dati_TI_UMC_per_github.xlsx,,
2021-07-13,,TI,,33400,3,0,0,,995,https://www4.ti.ch/fileadmin/DSS/DSP/UMC/malattie_infettive/Coronavirus/dati/COVID19_Dati_TI_UMC_per_github.xlsx,,
2021-07-14,,TI,,33438,5,0,0,,995,https://www4.ti.ch/fileadmin/DSS/DSP/UMC/malattie_infettive/Coronavirus/dati/COVID19_Dati_TI_UMC_per_github.xlsx,,
2021-07-15,,TI,,33475,5,1,0,,995,https://www4.ti.ch/fileadmin/DSS/DSP/UMC/malattie_infettive/Coronavirus/dati/COVID19_Dati_TI_UMC_per_github.xlsx,,
2021-07-16,,TI,,33492,5,1,0,,995,https://www4.ti.ch/fileadmin/DSS/DSP/UMC/malattie_infettive/Coronavirus/dati/COVID19_Dati_TI_UMC_per_github.xlsx,,
2021-07-19,,TI,,33541,7,2,0,,995,https://www4.ti.ch/fileadmin/DSS/DSP/UMC/malattie_infettive/Coronavirus/dati/COVID19_Dati_TI_UMC_per_github.xlsx,,
2021-07-20,,TI,,33557,7,2,0,,995,https://www4.ti.ch/fileadmin/DSS/DSP/UMC/malattie_infettive/Coronavirus/dati/COVID19_Dati_TI_UMC_per_github.xlsx,,
2021-07-21,,TI,,33600,8,2,0,,995,https://www4.ti.ch/fileadmin/DSS/DSP/UMC/malattie_infettive/Coronavirus/dati/COVID19_Dati_TI_UMC_per_github.xlsx,,
2021-07-22,,TI,,33614,8,2,0,,995,https://www4.ti.ch/fileadmin/DSS/DSP/UMC/malattie_infettive/Coronavirus/dati/COVID19_Dati_TI_UMC_per_github.xlsx,,
2021-07-23,,TI,,33646,11,2,0,,995,https://www4.ti.ch/fileadmin/DSS/DSP/UMC/malattie_infettive/Coronavirus/dati/COVID19_Dati_TI_UMC_per_github.xlsx,,
2021-07-26,,TI,,33722,12,4,0,,995,https://www4.ti.ch/fileadmin/DSS/DSP/UMC/malattie_infettive/Coronavirus/dati/COVID19_Dati_TI_UMC_per_github.xlsx,,
2021-07-27,,TI,,33753,12,4,0,,995,https://www4.ti.ch/fileadmin/DSS/DSP/UMC/malattie_infettive/Coronavirus/dati/COVID19_Dati_TI_UMC_per_github.xlsx,,
2021-07-28,,TI,,33781,12,4,0,,995,https://www4.ti.ch/fileadmin/DSS/DSP/UMC/malattie_infettive/Coronavirus/dati/COVID19_Dati_TI_UMC_per_github.xlsx,,
2021-07-29,,TI,,33823,9,4,,,996,https://www4.ti.ch/fileadmin/DSS/DSP/UMC/malattie_infettive/Coronavirus/dati/COVID19_Dati_TI_UMC_per_github.xlsx,,
2021-07-30,,TI,,33852,10,3,,,996,https://www4.ti.ch/fileadmin/DSS/DSP/UMC/malattie_infettive/Coronavirus/dati/COVID19_Dati_TI_UMC_per_github.xlsx,,
2021-08-02,,TI,,33932,10,3,,,996,https://www4.ti.ch/fileadmin/DSS/DSP/UMC/malattie_infettive/Coronavirus/dati/COVID19_Dati_TI_UMC_per_github.xlsx,,
2021-08-03,,TI,,33960,9,3,,,996,https://www4.ti.ch/fileadmin/DSS/DSP/UMC/malattie_infettive/Coronavirus/dati/COVID19_Dati_TI_UMC_per_github.xlsx,,
2021-08-04,,TI,,33980,10,3,,,996,https://www4.ti.ch/fileadmin/DSS/DSP/UMC/malattie_infettive/Coronavirus/dati/COVID19_Dati_TI_UMC_per_github.xlsx,,
2021-08-05,,TI,,34011,11,3,,,996,https://www4.ti.ch/fileadmin/DSS/DSP/UMC/malattie_infettive/Coronavirus/dati/COVID19_Dati_TI_UMC_per_github.xlsx,,
2021-08-06,,TI,,34043,13,3,,,996,https://www4.ti.ch/fileadmin/DSS/DSP/UMC/malattie_infettive/Coronavirus/dati/COVID19_Dati_TI_UMC_per_github.xlsx,,
2021-08-09,,TI,,34152,16,2,,,996,https://www4.ti.ch/fileadmin/DSS/DSP/UMC/malattie_infettive/Coronavirus/dati/COVID19_Dati_TI_UMC_per_github.xlsx,,
2021-08-10,,TI,,34204,18,1,,,996,https://www4.ti.ch/fileadmin/DSS/DSP/UMC/malattie_infettive/Coronavirus/dati/COVID19_Dati_TI_UMC_per_github.xlsx,,
2021-08-11,,TI,,34264,16,1,,,996,https://www4.ti.ch/fileadmin/DSS/DSP/UMC/malattie_infettive/Coronavirus/dati/COVID19_Dati_TI_UMC_per_github.xlsx,,
2021-08-12,,TI,,34307,16,1,,,997,https://www4.ti.ch/fileadmin/DSS/DSP/UMC/malattie_infettive/Coronavirus/dati/COVID19_Dati_TI_UMC_per_github.xlsx,,
2021-08-13,,TI,,34361,15,1,,,997,https://www4.ti.ch/fileadmin/DSS/DSP/UMC/malattie_infettive/Coronavirus/dati/COVID19_Dati_TI_UMC_per_github.xlsx,,
2021-08-16,,TI,,34492,18,1,,,997,https://www4.ti.ch/fileadmin/DSS/DSP/UMC/malattie_infettive/Coronavirus/dati/COVID19_Dati_TI_UMC_per_github.xlsx,,
2021-08-17,,TI,,34576,18,1,,,997,https://www4.ti.ch/fileadmin/DSS/DSP/UMC/malattie_infettive/Coronavirus/dati/COVID19_Dati_TI_UMC_per_github.xlsx,,
2021-08-18,,TI,,34645,17,4,,,997,https://www4.ti.ch/fileadmin/DSS/DSP/UMC/malattie_infettive/Coronavirus/dati/COVID19_Dati_TI_UMC_per_github.xlsx,,
2021-08-19,,TI,,34703,17,3,,,997,https://www4.ti.ch/fileadmin/DSS/DSP/UMC/malattie_infettive/Coronavirus/dati/COVID19_Dati_TI_UMC_per_github.xlsx,,
2021-08-20,,TI,,34757,19,3,,,997,https://www4.ti.ch/fileadmin/DSS/DSP/UMC/malattie_infettive/Coronavirus/dati/COVID19_Dati_TI_UMC_per_github.xlsx,,
2021-08-23,,TI,,34892,32,4,,,997,https://www4.ti.ch/fileadmin/DSS/DSP/UMC/malattie_infettive/Coronavirus/dati/COVID19_Dati_TI_UMC_per_github.xlsx,,
2021-08-24,,TI,,34969,33,4,,,997,https://www4.ti.ch/fileadmin/DSS/DSP/UMC/malattie_infettive/Coronavirus/dati/COVID19_Dati_TI_UMC_per_github.xlsx,,
2021-08-25,,TI,,35037,32,5,,,997,https://www4.ti.ch/fileadmin/DSS/DSP/UMC/malattie_infettive/Coronavirus/dati/COVID19_Dati_TI_UMC_per_github.xlsx,,
2021-08-26,,TI,,35095,38,5,,,997,https://www4.ti.ch/fileadmin/DSS/DSP/UMC/malattie_infettive/Coronavirus/dati/COVID19_Dati_TI_UMC_per_github.xlsx,,
2021-08-27,,TI,,35143,41,4,,,997,https://www4.ti.ch/fileadmin/DSS/DSP/UMC/malattie_infettive/Coronavirus/dati/COVID19_Dati_TI_UMC_per_github.xlsx,,
2021-08-30,,TI,,35242,33,5,,,998,https://www4.ti.ch/fileadmin/DSS/DSP/UMC/malattie_infettive/Coronavirus/dati/COVID19_Dati_TI_UMC_per_github.xlsx,,
2021-08-31,,TI,,35298,34,8,,,999,https://www4.ti.ch/fileadmin/DSS/DSP/UMC/malattie_infettive/Coronavirus/dati/COVID19_Dati_TI_UMC_per_github.xlsx,,
2021-09-01,,TI,,35365,32,8,,,999,https://www4.ti.ch/fileadmin/DSS/DSP/UMC/malattie_infettive/Coronavirus/dati/COVID19_Dati_TI_UMC_per_github.xlsx,,
2021-09-02,,TI,,35399,31,7,,,999,https://www4.ti.ch/fileadmin/DSS/DSP/UMC/malattie_infettive/Coronavirus/dati/COVID19_Dati_TI_UMC_per_github.xlsx,,
2021-09-03,,TI,,35438,30,6,,,999,https://www4.ti.ch/fileadmin/DSS/DSP/UMC/malattie_infettive/Coronavirus/dati/COVID19_Dati_TI_UMC_per_github.xlsx,,
2021-09-06,,TI,,35503,27,9,,,999,https://www4.ti.ch/fileadmin/DSS/DSP/UMC/malattie_infettive/Coronavirus/dati/COVID19_Dati_TI_UMC_per_github.xlsx,,
2021-09-07,,TI,,35533,25,8,,,999,https://www4.ti.ch/fileadmin/DSS/DSP/UMC/malattie_infettive/Coronavirus/dati/COVID19_Dati_TI_UMC_per_github.xlsx,,
2021-09-08,,TI,,35568,20,8,,,999,https://www4.ti.ch/fileadmin/DSS/DSP/UMC/malattie_infettive/Coronavirus/dati/COVID19_Dati_TI_UMC_per_github.xlsx,,
2021-09-09,,TI,,35598,23,7,,,999,https://www4.ti.ch/fileadmin/DSS/DSP/UMC/malattie_infettive/Coronavirus/dati/COVID19_Dati_TI_UMC_per_github.xlsx,,
2021-09-10,,TI,,35621,22,7,,,999,https://www4.ti.ch/fileadmin/DSS/DSP/UMC/malattie_infettive/Coronavirus/dati/COVID19_Dati_TI_UMC_per_github.xlsx,,
2021-09-13,,TI,,35679,22,5,,,1001,https://www4.ti.ch/fileadmin/DSS/DSP/UMC/malattie_infettive/Coronavirus/dati/COVID19_Dati_TI_UMC_per_github.xlsx,,
2021-09-14,,TI,,35709,19,7,,,1001,https://www4.ti.ch/fileadmin/DSS/DSP/UMC/malattie_infettive/Coronavirus/dati/COVID19_Dati_TI_UMC_per_github.xlsx,,
2021-09-15,,TI,,35742,20,9,,,1001,https://www4.ti.ch/fileadmin/DSS/DSP/UMC/malattie_infettive/Coronavirus/dati/COVID19_Dati_TI_UMC_per_github.xlsx,,
2021-09-16,,TI,,35763,20,9,,,1001,https://www4.ti.ch/fileadmin/DSS/DSP/UMC/malattie_infettive/Coronavirus/dati/COVID19_Dati_TI_UMC_per_github.xlsx,,
2021-09-17,,TI,,35792,19,7,,,1001,https://www4.ti.ch/fileadmin/DSS/DSP/UMC/malattie_infettive/Coronavirus/dati/COVID19_Dati_TI_UMC_per_github.xlsx,,
2021-09-20,,TI,,35848,19,7,,,1002,https://www4.ti.ch/fileadmin/DSS/DSP/UMC/malattie_infettive/Coronavirus/dati/COVID19_Dati_TI_UMC_per_github.xlsx,,
2021-09-21,,TI,,35875,18,7,,,1002,https://www4.ti.ch/fileadmin/DSS/DSP/UMC/malattie_infettive/Coronavirus/dati/COVID19_Dati_TI_UMC_per_github.xlsx,,
2021-09-22,,TI,,35901,14,6,,,1003,https://www4.ti.ch/fileadmin/DSS/DSP/UMC/malattie_infettive/Coronavirus/dati/COVID19_Dati_TI_UMC_per_github.xlsx,,
2021-09-23,,TI,,35937,16,6,,,1004,https://www4.ti.ch/fileadmin/DSS/DSP/UMC/malattie_infettive/Coronavirus/dati/COVID19_Dati_TI_UMC_per_github.xlsx,,
2021-09-24,,TI,,35952,19,6,,,1004,https://www4.ti.ch/fileadmin/DSS/DSP/UMC/malattie_infettive/Coronavirus/dati/COVID19_Dati_TI_UMC_per_github.xlsx,,
2021-09-27,,TI,,35990,18,6,,,1004,https://www4.ti.ch/fileadmin/DSS/DSP/UMC/malattie_infettive/Coronavirus/dati/COVID19_Dati_TI_UMC_per_github.xlsx,,
2021-09-28,,TI,,36016,18,7,,,1004,https://www4.ti.ch/fileadmin/DSS/DSP/UMC/malattie_infettive/Coronavirus/dati/COVID19_Dati_TI_UMC_per_github.xlsx,,
2021-09-29,,TI,,36036,18,6,,,1005,https://www4.ti.ch/fileadmin/DSS/DSP/UMC/malattie_infettive/Coronavirus/dati/COVID19_Dati_TI_UMC_per_github.xlsx,,
2021-09-30,,TI,,36054,20,5,,,1005,https://www4.ti.ch/fileadmin/DSS/DSP/UMC/malattie_infettive/Coronavirus/dati/COVID19_Dati_TI_UMC_per_github.xlsx,,
2021-10-01,,TI,,36076,19,4,,,1006,https://www4.ti.ch/fileadmin/DSS/DSP/UMC/malattie_infettive/Coronavirus/dati/COVID19_Dati_TI_UMC_per_github.xlsx,,
2021-10-04,,TI,,36105,19,2,,,1006,https://www4.ti.ch/fileadmin/DSS/DSP/UMC/malattie_infettive/Coronavirus/dati/COVID19_Dati_TI_UMC_per_github.xlsx,,
2021-10-05,,TI,,36124,17,3,,,1006,https://www4.ti.ch/fileadmin/DSS/DSP/UMC/malattie_infettive/Coronavirus/dati/COVID19_Dati_TI_UMC_per_github.xlsx,,
2021-10-06,,TI,,36151,14,3,,,1007,https://www4.ti.ch/fileadmin/DSS/DSP/UMC/malattie_infettive/Coronavirus/dati/COVID19_Dati_TI_UMC_per_github.xlsx,,
2021-10-07,,TI,,36178,12,2,,,1007,https://www4.ti.ch/fileadmin/DSS/DSP/UMC/malattie_infettive/Coronavirus/dati/COVID19_Dati_TI_UMC_per_github.xlsx,,
2021-10-08,,TI,,36191,10,1,,,1007,https://www4.ti.ch/fileadmin/DSS/DSP/UMC/malattie_infettive/Coronavirus/dati/COVID19_Dati_TI_UMC_per_github.xlsx,,
2021-10-11,,TI,,36230,5,1,,,1007,https://www4.ti.ch/fileadmin/DSS/DSP/UMC/malattie_infettive/Coronavirus/dati/COVID19_Dati_TI_UMC_per_github.xlsx,,
2021-10-12,,TI,,36238,4,1,,,1007,https://www4.ti.ch/fileadmin/DSS/DSP/UMC/malattie_infettive/Coronavirus/dati/COVID19_Dati_TI_UMC_per_github.xlsx,,
2021-10-13,,TI,,36267,7,2,,,1007,https://www4.ti.ch/fileadmin/DSS/DSP/UMC/malattie_infettive/Coronavirus/dati/COVID19_Dati_TI_UMC_per_github.xlsx,,
2021-10-14,,TI,,36294,8,1,,,1007,https://www4.ti.ch/fileadmin/DSS/DSP/UMC/malattie_infettive/Coronavirus/dati/COVID19_Dati_TI_UMC_per_github.xlsx,,
2021-10-15,,TI,,36316,9,1,,,1007,https://www4.ti.ch/fileadmin/DSS/DSP/UMC/malattie_infettive/Coronavirus/dati/COVID19_Dati_TI_UMC_per_github.xlsx,,
2021-10-18,,TI,,36348,7,1,,,1007,https://www4.ti.ch/fileadmin/DSS/DSP/UMC/malattie_infettive/Coronavirus/dati/COVID19_Dati_TI_UMC_per_github.xlsx,,
2021-10-19,,TI,,36366,7,1,,,1007,https://www4.ti.ch/fileadmin/DSS/DSP/UMC/malattie_infettive/Coronavirus/dati/COVID19_Dati_TI_UMC_per_github.xlsx,,
2021-10-20,,TI,,36386,9,1,,,1007,https://www4.ti.ch/fileadmin/DSS/DSP/UMC/malattie_infettive/Coronavirus/dati/COVID19_Dati_TI_UMC_per_github.xlsx,,
2021-10-21,,TI,,36410,9,2,,,1007,https://www4.ti.ch/fileadmin/DSS/DSP/UMC/malattie_infettive/Coronavirus/dati/COVID19_Dati_TI_UMC_per_github.xlsx,,
2021-10-22,,TI,,36428,11,1,,,1007,https://www4.ti.ch/fileadmin/DSS/DSP/UMC/malattie_infettive/Coronavirus/dati/COVID19_Dati_TI_UMC_per_github.xlsx,,
2021-10-25,,TI,,36482,9,1,,,1007,https://www4.ti.ch/fileadmin/DSS/DSP/UMC/malattie_infettive/Coronavirus/dati/COVID19_Dati_TI_UMC_per_github.xlsx,,
2021-10-26,,TI,,36507,9,1,,,1007,https://www4.ti.ch/fileadmin/DSS/DSP/UMC/malattie_infettive/Coronavirus/dati/COVID19_Dati_TI_UMC_per_github.xlsx,,
2021-10-27,,TI,,36543,8,2,,,1007,https://www4.ti.ch/fileadmin/DSS/DSP/UMC/malattie_infettive/Coronavirus/dati/COVID19_Dati_TI_UMC_per_github.xlsx,,
2021-10-28,,TI,,36568,8,2,,,1007,https://www4.ti.ch/fileadmin/DSS/DSP/UMC/malattie_infettive/Coronavirus/dati/COVID19_Dati_TI_UMC_per_github.xlsx,,
2021-10-29,,TI,,36599,8,2,,,1007,https://www4.ti.ch/fileadmin/DSS/DSP/UMC/malattie_infettive/Coronavirus/dati/COVID19_Dati_TI_UMC_per_github.xlsx,,
2021-11-02,,TI,,36653,9,2,,,1007,https://www4.ti.ch/fileadmin/DSS/DSP/UMC/malattie_infettive/Coronavirus/dati/COVID19_Dati_TI_UMC_per_github.xlsx,,
2021-11-03,,TI,,36689,10,2,,,1007,https://www4.ti.ch/fileadmin/DSS/DSP/UMC/malattie_infettive/Coronavirus/dati/COVID19_Dati_TI_UMC_per_github.xlsx,,
2021-11-04,,TI,,36754,8,2,,,1007,https://www4.ti.ch/fileadmin/DSS/DSP/UMC/malattie_infettive/Coronavirus/dati/COVID19_Dati_TI_UMC_per_github.xlsx,,
2021-11-05,,TI,,36801,12,1,,,1007,https://www4.ti.ch/fileadmin/DSS/DSP/UMC/malattie_infettive/Coronavirus/dati/COVID19_Dati_TI_UMC_per_github.xlsx,,
2021-11-08,,TI,,36896,11,2,,,1007,https://www4.ti.ch/fileadmin/DSS/DSP/UMC/malattie_infettive/Coronavirus/dati/COVID19_Dati_TI_UMC_per_github.xlsx,,
2021-11-09,,TI,,36946,12,3,,,1007,https://www4.ti.ch/fileadmin/DSS/DSP/UMC/malattie_infettive/Coronavirus/dati/COVID19_Dati_TI_UMC_per_github.xlsx,,
2021-11-10,,TI,,37014,15,3,,,1007,https://www4.ti.ch/fileadmin/DSS/DSP/UMC/malattie_infettive/Coronavirus/dati/COVID19_Dati_TI_UMC_per_github.xlsx,,
2021-11-11,,TI,,37071,17,3,,,1007,https://www4.ti.ch/fileadmin/DSS/DSP/UMC/malattie_infettive/Coronavirus/dati/COVID19_Dati_TI_UMC_per_github.xlsx,,
2021-11-12,,TI,,37133,18,3,,,1008,https://www4.ti.ch/fileadmin/DSS/DSP/UMC/malattie_infettive/Coronavirus/dati/COVID19_Dati_TI_UMC_per_github.xlsx,,
2021-11-15,,TI,,37266,24,5,,,1008,https://www4.ti.ch/fileadmin/DSS/DSP/UMC/malattie_infettive/Coronavirus/dati/COVID19_Dati_TI_UMC_per_github.xlsx,,
2021-11-16,,TI,,37325,26,5,,,1008,https://www4.ti.ch/fileadmin/DSS/DSP/UMC/malattie_infettive/Coronavirus/dati/COVID19_Dati_TI_UMC_per_github.xlsx,,
2021-11-17,,TI,,37421,28,6,,,1008,https://www4.ti.ch/fileadmin/DSS/DSP/UMC/malattie_infettive/Coronavirus/dati/COVID19_Dati_TI_UMC_per_github.xlsx,,
2021-11-18,,TI,,37504,30,7,,,1008,https://www4.ti.ch/fileadmin/DSS/DSP/UMC/malattie_infettive/Coronavirus/dati/COVID19_Dati_TI_UMC_per_github.xlsx,,
2021-11-19,,TI,,37598,30,7,,,1008,https://www4.ti.ch/fileadmin/DSS/DSP/UMC/malattie_infettive/Coronavirus/dati/COVID19_Dati_TI_UMC_per_github.xlsx,,
2021-11-22,,TI,,37853,40,6,,,1008,https://www4.ti.ch/fileadmin/DSS/DSP/UMC/malattie_infettive/Coronavirus/dati/COVID19_Dati_TI_UMC_per_github.xlsx,,
2021-11-23,,TI,,37968,50,6,,,1008,https://www4.ti.ch/fileadmin/DSS/DSP/UMC/malattie_infettive/Coronavirus/dati/COVID19_Dati_TI_UMC_per_github.xlsx,,
2021-11-24,,TI,,38125,52,7,,,1008,https://www4.ti.ch/fileadmin/DSS/DSP/UMC/malattie_infettive/Coronavirus/dati/COVID19_Dati_TI_UMC_per_github.xlsx,,
2021-11-25,,TI,,38275,56,7,,,1008,https://www4.ti.ch/fileadmin/DSS/DSP/UMC/malattie_infettive/Coronavirus/dati/COVID19_Dati_TI_UMC_per_github.xlsx,,
2021-11-26,,TI,,38423,66,7,,,1010,https://www4.ti.ch/fileadmin/DSS/DSP/UMC/malattie_infettive/Coronavirus/dati/COVID19_Dati_TI_UMC_per_github.xlsx,,
2021-11-29,,TI,,38767,70,7,,,1012,https://www4.ti.ch/fileadmin/DSS/DSP/UMC/malattie_infettive/Coronavirus/dati/COVID19_Dati_TI_UMC_per_github.xlsx,,
2021-11-30,,TI,,38934,70,7,,,1012,https://www4.ti.ch/fileadmin/DSS/DSP/UMC/malattie_infettive/Coronavirus/dati/COVID19_Dati_TI_UMC_per_github.xlsx,,
2021-12-01,,TI,,39138,72,8,,,1013,https://www4.ti.ch/fileadmin/DSS/DSP/UMC/malattie_infettive/Coronavirus/dati/COVID19_Dati_TI_UMC_per_github.xlsx,,
2021-12-02,,TI,,39298,64,8,,,1014,https://www4.ti.ch/fileadmin/DSS/DSP/UMC/malattie_infettive/Coronavirus/dati/COVID19_Dati_TI_UMC_per_github.xlsx,,
2021-12-03,,TI,,39484,67,8,,,1014,https://www4.ti.ch/fileadmin/DSS/DSP/UMC/malattie_infettive/Coronavirus/dati/COVID19_Dati_TI_UMC_per_github.xlsx,,
2021-12-06,,TI,,39888,77,11,,,1017,https://www4.ti.ch/fileadmin/DSS/DSP/UMC/malattie_infettive/Coronavirus/dati/COVID19_Dati_TI_UMC_per_github.xlsx,,
2021-12-07,,TI,,40076,83,11,,,1017,https://www4.ti.ch/fileadmin/DSS/DSP/UMC/malattie_infettive/Coronavirus/dati/COVID19_Dati_TI_UMC_per_github.xlsx,,
2021-12-09,,TI,,40505,98,13,,,1022,https://www4.ti.ch/fileadmin/DSS/DSP/UMC/malattie_infettive/Coronavirus/dati/COVID19_Dati_TI_UMC_per_github.xlsx,,
2021-12-10,,TI,,40678,93,12,,,1022,https://www4.ti.ch/fileadmin/DSS/DSP/UMC/malattie_infettive/Coronavirus/dati/COVID19_Dati_TI_UMC_per_github.xlsx,,
2021-12-13,,TI,,41158,101,13,,,1025,https://www4.ti.ch/fileadmin/DSS/DSP/UMC/malattie_infettive/Coronavirus/dati/COVID19_Dati_TI_UMC_per_github.xlsx,,
2021-12-14,,TI,,41389,97,12,,,1028,https://www4.ti.ch/fileadmin/DSS/DSP/UMC/malattie_infettive/Coronavirus/dati/COVID19_Dati_TI_UMC_per_github.xlsx,,
2021-12-15,,TI,,41653,102,14,,,1028,https://www4.ti.ch/fileadmin/DSS/DSP/UMC/malattie_infettive/Coronavirus/dati/COVID19_Dati_TI_UMC_per_github.xlsx,,
2021-12-16,,TI,,41924,102,14,,,1029,https://www4.ti.ch/fileadmin/DSS/DSP/UMC/malattie_infettive/Coronavirus/dati/COVID19_Dati_TI_UMC_per_github.xlsx,,
2021-12-17,,TI,,42190,95,16,,,1030,https://www4.ti.ch/fileadmin/DSS/DSP/UMC/malattie_infettive/Coronavirus/dati/COVID19_Dati_TI_UMC_per_github.xlsx,,
2021-12-20,,TI,,42857,104,19,,,1035,https://www4.ti.ch/fileadmin/DSS/DSP/UMC/malattie_infettive/Coronavirus/dati/COVID19_Dati_TI_UMC_per_github.xlsx,,
2021-12-21,,TI,,43170,109,17,,,1036,https://www4.ti.ch/fileadmin/DSS/DSP/UMC/malattie_infettive/Coronavirus/dati/COVID19_Dati_TI_UMC_per_github.xlsx,,
2021-12-22,,TI,,43662,106,15,,,1037,https://www4.ti.ch/fileadmin/DSS/DSP/UMC/malattie_infettive/Coronavirus/dati/COVID19_Dati_TI_UMC_per_github.xlsx,,
2021-12-23,,TI,,44254,99,14,,,1039,https://www4.ti.ch/fileadmin/DSS/DSP/UMC/malattie_infettive/Coronavirus/dati/COVID19_Dati_TI_UMC_per_github.xlsx,,
2021-12-24,,TI,,45001,103,14,,,1039,https://www4.ti.ch/fileadmin/DSS/DSP/UMC/malattie_infettive/Coronavirus/dati/COVID19_Dati_TI_UMC_per_github.xlsx,,
2021-12-27,,TI,,46617,107,12,,,1042,https://www4.ti.ch/fileadmin/DSS/DSP/UMC/malattie_infettive/Coronavirus/dati/COVID19_Dati_TI_UMC_per_github.xlsx,,
2021-12-28,,TI,,47621,110,14,,,1042,https://www4.ti.ch/fileadmin/DSS/DSP/UMC/malattie_infettive/Coronavirus/dati/COVID19_Dati_TI_UMC_per_github.xlsx,,
2021-12-29,,TI,,49134,123,16,,,1044,https://www4.ti.ch/fileadmin/DSS/DSP/UMC/malattie_infettive/Coronavirus/dati/COVID19_Dati_TI_UMC_per_github.xlsx,,
2021-12-30,,TI,,50776,135,17,,,1045,https://www4.ti.ch/fileadmin/DSS/DSP/UMC/malattie_infettive/Coronavirus/dati/COVID19_Dati_TI_UMC_per_github.xlsx,,
2021-12-31,,TI,,52410,131,16,,,1047,https://www4.ti.ch/fileadmin/DSS/DSP/UMC/malattie_infettive/Coronavirus/dati/COVID19_Dati_TI_UMC_per_github.xlsx,,
2022-01-01,,TI,,54151,130,16,,,1047,https://www4.ti.ch/fileadmin/DSS/DSP/UMC/malattie_infettive/Coronavirus/dati/COVID19_Dati_TI_UMC_per_github.xlsx,,
2022-01-02,,TI,,55189,138,16,,,1048,https://www4.ti.ch/fileadmin/DSS/DSP/UMC/malattie_infettive/Coronavirus/dati/COVID19_Dati_TI_UMC_per_github.xlsx,,
2022-01-03,,TI,,55987,152,16,,,1051,https://www4.ti.ch/fileadmin/DSS/DSP/UMC/malattie_infettive/Coronavirus/dati/COVID19_Dati_TI_UMC_per_github.xlsx,,
2022-01-04,,TI,,57341,160,17,,,1053,https://www4.ti.ch/fileadmin/DSS/DSP/UMC/malattie_infettive/Coronavirus/dati/COVID19_Dati_TI_UMC_per_github.xlsx,,
2022-01-05,,TI,,59362,158,12,,,1053,https://www4.ti.ch/fileadmin/DSS/DSP/UMC/malattie_infettive/Coronavirus/dati/COVID19_Dati_TI_UMC_per_github.xlsx,,
2022-01-06,,TI,,60994,149,13,,,1056,https://www4.ti.ch/fileadmin/DSS/DSP/UMC/malattie_infettive/Coronavirus/dati/COVID19_Dati_TI_UMC_per_github.xlsx,,
2022-01-07,,TI,,62522,153,14,,,1059,https://www4.ti.ch/fileadmin/DSS/DSP/UMC/malattie_infettive/Coronavirus/dati/COVID19_Dati_TI_UMC_per_github.xlsx,,
2022-01-08,,TI,,63770,156,15,,,1061,https://www4.ti.ch/fileadmin/DSS/DSP/UMC/malattie_infettive/Coronavirus/dati/COVID19_Dati_TI_UMC_per_github.xlsx,,
2022-01-09,,TI,,65205,166,14,,,1062,https://www4.ti.ch/fileadmin/DSS/DSP/UMC/malattie_infettive/Coronavirus/dati/COVID19_Dati_TI_UMC_per_github.xlsx,,
2022-01-10,,TI,,66346,178,15,,,1066,https://www4.ti.ch/fileadmin/DSS/DSP/UMC/malattie_infettive/Coronavirus/dati/COVID19_Dati_TI_UMC_per_github.xlsx,,
2022-01-11,,TI,,67895,178,16,,,1067,https://www4.ti.ch/fileadmin/DSS/DSP/UMC/malattie_infettive/Coronavirus/dati/COVID19_Dati_TI_UMC_per_github.xlsx,,
2022-01-12,,TI,,69443,168,14,,,1070,https://www4.ti.ch/fileadmin/DSS/DSP/UMC/malattie_infettive/Coronavirus/dati/COVID19_Dati_TI_UMC_per_github.xlsx,,
2022-01-13,,TI,,71180,179,14,,,1074,https://www4.ti.ch/fileadmin/DSS/DSP/UMC/malattie_infettive/Coronavirus/dati/COVID19_Dati_TI_UMC_per_github.xlsx,,
2022-01-14,,TI,,72664,173,14,,,1076,https://www4.ti.ch/fileadmin/DSS/DSP/UMC/malattie_infettive/Coronavirus/dati/COVID19_Dati_TI_UMC_per_github.xlsx,,
2022-01-15,,TI,,73976,167,15,,,1076,https://www4.ti.ch/fileadmin/DSS/DSP/UMC/malattie_infettive/Coronavirus/dati/COVID19_Dati_TI_UMC_per_github.xlsx,,
2022-01-16,,TI,,75197,166,19,,,1076,https://www4.ti.ch/fileadmin/DSS/DSP/UMC/malattie_infettive/Coronavirus/dati/COVID19_Dati_TI_UMC_per_github.xlsx,,
2022-01-17,,TI,,76419,176,17,,,1077,https://www4.ti.ch/fileadmin/DSS/DSP/UMC/malattie_infettive/Coronavirus/dati/COVID19_Dati_TI_UMC_per_github.xlsx,,
2022-01-18,,TI,,77423,168,17,,,1081,https://www4.ti.ch/fileadmin/DSS/DSP/UMC/malattie_infettive/Coronavirus/dati/COVID19_Dati_TI_UMC_per_github.xlsx,,
2022-01-19,,TI,,79124,166,19,,,1081,https://www4.ti.ch/fileadmin/DSS/DSP/UMC/malattie_infettive/Coronavirus/dati/COVID19_Dati_TI_UMC_per_github.xlsx,,
2022-01-20,,TI,,80597,153,17,,,1082,https://www4.ti.ch/fileadmin/DSS/DSP/UMC/malattie_infettive/Coronavirus/dati/COVID19_Dati_TI_UMC_per_github.xlsx,,
2022-01-21,,TI,,82018,158,15,,,1085,https://www4.ti.ch/fileadmin/DSS/DSP/UMC/malattie_infettive/Coronavirus/dati/COVID19_Dati_TI_UMC_per_github.xlsx,,
2022-01-22,,TI,,83366,158,16,,,1086,https://www4.ti.ch/fileadmin/DSS/DSP/UMC/malattie_infettive/Coronavirus/dati/COVID19_Dati_TI_UMC_per_github.xlsx,,
2022-01-23,,TI,,84540,163,17,,,1087,https://www4.ti.ch/fileadmin/DSS/DSP/UMC/malattie_infettive/Coronavirus/dati/COVID19_Dati_TI_UMC_per_github.xlsx,,
2022-01-24,,TI,,85568,177,15,,,1087,https://www4.ti.ch/fileadmin/DSS/DSP/UMC/malattie_infettive/Coronavirus/dati/COVID19_Dati_TI_UMC_per_github.xlsx,,
2022-01-25,,TI,,86677,173,14,,,1089,https://www4.ti.ch/fileadmin/DSS/DSP/UMC/malattie_infettive/Coronavirus/dati/COVID19_Dati_TI_UMC_per_github.xlsx,,
2022-01-26,,TI,,88246,170,12,,,1090,https://www4.ti.ch/fileadmin/DSS/DSP/UMC/malattie_infettive/Coronavirus/dati/COVID19_Dati_TI_UMC_per_github.xlsx,,
2022-01-27,,TI,,89630,166,14,,,1094,https://www4.ti.ch/fileadmin/DSS/DSP/UMC/malattie_infettive/Coronavirus/dati/COVID19_Dati_TI_UMC_per_github.xlsx,,
2022-01-28,,TI,,90892,166,15,,,1094,https://www4.ti.ch/fileadmin/DSS/DSP/UMC/malattie_infettive/Coronavirus/dati/COVID19_Dati_TI_UMC_per_github.xlsx,,
2022-01-29,,TI,,92158,173,17,,,1094,https://www4.ti.ch/fileadmin/DSS/DSP/UMC/malattie_infettive/Coronavirus/dati/COVID19_Dati_TI_UMC_per_github.xlsx,,
2022-01-30,,TI,,93253,166,15,,,1098,https://www4.ti.ch/fileadmin/DSS/DSP/UMC/malattie_infettive/Coronavirus/dati/COVID19_Dati_TI_UMC_per_github.xlsx,,
2022-01-31,,TI,,93752,175,14,,,1102,https://www4.ti.ch/fileadmin/DSS/DSP/UMC/malattie_infettive/Coronavirus/dati/COVID19_Dati_TI_UMC_per_github.xlsx,,
2022-02-01,,TI,,94519,183,14,,,1103,https://www4.ti.ch/fileadmin/DSS/DSP/UMC/malattie_infettive/Coronavirus/dati/COVID19_Dati_TI_UMC_per_github.xlsx,,
2022-02-02,,TI,,96017,183,15,,,1103,https://www4.ti.ch/fileadmin/DSS/DSP/UMC/malattie_infettive/Coronavirus/dati/COVID19_Dati_TI_UMC_per_github.xlsx,,
2022-02-03,,TI,,97025,186,14,,,1103,https://www4.ti.ch/fileadmin/DSS/DSP/UMC/malattie_infettive/Coronavirus/dati/COVID19_Dati_TI_UMC_per_github.xlsx,,
2022-02-04,,TI,,98018,165,14,,,1103,https://www4.ti.ch/fileadmin/DSS/DSP/UMC/malattie_infettive/Coronavirus/dati/COVID19_Dati_TI_UMC_per_github.xlsx,,
