date,time,abbreviation_canton_and_fl,ncumul_tested,ncumul_conf,ncumul_hosp,ncumul_ICU,ncumul_vent,ncumul_released,ncumul_deceased,source,current_quarantined_total
2020-03-11,,SH,,1,,,,,0,https://coviddashboard.sh.ch/,
2020-03-12,,SH,,1,,,,,0,https://coviddashboard.sh.ch/,
2020-03-13,,SH,,1,,,,,0,https://coviddashboard.sh.ch/,
2020-03-14,,SH,,1,,,,,0,https://coviddashboard.sh.ch/,
2020-03-15,,SH,,1,,,,,0,https://coviddashboard.sh.ch/,
2020-03-16,,SH,,2,,,,,0,https://coviddashboard.sh.ch/,
2020-03-17,,SH,,2,,,,,0,https://coviddashboard.sh.ch/,
2020-03-18,,SH,,8,,,,,0,https://coviddashboard.sh.ch/,
2020-03-19,,SH,,12,,,,,0,https://coviddashboard.sh.ch/,
2020-03-20,,SH,,17,,,,,0,https://coviddashboard.sh.ch/,
2020-03-21,,SH,,28,,,,,0,https://coviddashboard.sh.ch/,
2020-03-22,,SH,,30,,,,,0,https://coviddashboard.sh.ch/,
2020-03-23,,SH,,32,,,,,0,https://coviddashboard.sh.ch/,
2020-03-24,,SH,,34,,,,,0,https://coviddashboard.sh.ch/,
2020-03-25,,SH,,35,4,1,,,0,https://coviddashboard.sh.ch/,
2020-03-26,,SH,,36,7,1,,,0,https://coviddashboard.sh.ch/,
2020-03-27,,SH,,37,7,1,,,0,https://coviddashboard.sh.ch/,
2020-03-28,,SH,,40,5,1,,,0,https://coviddashboard.sh.ch/,
2020-03-29,,SH,,41,7,1,,,0,https://coviddashboard.sh.ch/,
2020-03-30,,SH,,42,11,3,,,0,https://coviddashboard.sh.ch/,
2020-03-31,,SH,,44,10,3,,,1,https://coviddashboard.sh.ch/,
2020-04-01,,SH,,44,8,3,,,1,https://coviddashboard.sh.ch/,
2020-04-02,,SH,,47,10,3,,,1,https://coviddashboard.sh.ch/,
2020-04-03,,SH,,47,6,3,,,1,https://coviddashboard.sh.ch/,
2020-04-04,,SH,,47,6,3,,,1,https://coviddashboard.sh.ch/,
2020-04-05,,SH,,49,6,3,,,1,https://coviddashboard.sh.ch/,
2020-04-06,,SH,,50,6,3,,,1,https://coviddashboard.sh.ch/,
2020-04-07,09:30,SH,,50,6,3,,,1,https://coviddashboard.sh.ch/,
2020-04-08,09:30,SH,,53,5,2,,,1,https://coviddashboard.sh.ch/,
2020-04-09,09:30,SH,,53,7,2,,,1,https://coviddashboard.sh.ch/,
2020-04-10,09:30,SH,,55,7,2,,,1,https://coviddashboard.sh.ch/,
2020-04-11,09:30,SH,,57,7,2,,,1,https://coviddashboard.sh.ch/,
2020-04-12,09:30,SH,,57,7,2,,,1,https://coviddashboard.sh.ch/,
2020-04-13,09:30,SH,,57,7,2,,,1,https://coviddashboard.sh.ch/,
2020-04-14,09:30,SH,,59,6,2,,,1,https://coviddashboard.sh.ch/,
2020-04-15,09:30,SH,,60,5,2,,,1,https://coviddashboard.sh.ch/,
2020-04-16,09:30,SH,,60,4,2,,,1,https://coviddashboard.sh.ch/,
2020-04-17,09:30,SH,,61,4,2,,,1,https://coviddashboard.sh.ch/,
2020-04-18,09:30,SH,,62,6,4,,,2,https://coviddashboard.sh.ch/,
2020-04-19,09:30,SH,,63,4,2,,,2,https://coviddashboard.sh.ch/,
2020-04-20,09:30,SH,,63,4,2,,,2,https://coviddashboard.sh.ch/,
2020-04-21,09:30,SH,,63,4,2,,,3,https://coviddashboard.sh.ch/,
2020-04-22,09:30,SH,,65,5,2,,,3,https://coviddashboard.sh.ch/,
2020-04-23,09:30,SH,,70,5,2,,,5,https://coviddashboard.sh.ch/,
2020-04-24,09:30,SH,,71,2,1,,,5,https://coviddashboard.sh.ch/,
2020-04-25,09:30,SH,,72,2,1,,,5,https://coviddashboard.sh.ch/,
2020-04-26,09:30,SH,,73,4,2,,,6,https://coviddashboard.sh.ch/,
2020-04-27,09:30,SH,,74,6,3,,,6,https://coviddashboard.sh.ch/,
2020-04-28,09:30,SH,,74,5,2,,,6,https://coviddashboard.sh.ch/,
2020-04-29,09:30,SH,,75,5,2,,,6,https://coviddashboard.sh.ch/,
2020-04-30,09:30,SH,,75,5,2,,,6,https://coviddashboard.sh.ch/,
2020-05-01,09:30,SH,,75,6,2,,,6,https://coviddashboard.sh.ch/,
2020-05-02,09:30,SH,,75,6,2,,,6,https://coviddashboard.sh.ch/,
2020-05-03,09:30,SH,,75,6,2,,,6,https://coviddashboard.sh.ch/,
2020-05-04,09:30,SH,,75,6,2,,,6,https://coviddashboard.sh.ch/,
2020-05-05,09:30,SH,,75,7,4,,,6,https://coviddashboard.sh.ch/,
2020-05-06,09:30,SH,,76,7,4,,,6,https://coviddashboard.sh.ch/,
2020-05-07,09:30,SH,,76,7,4,,,6,https://coviddashboard.sh.ch/,
2020-05-08,09:30,SH,,76,6,3,,,6,https://coviddashboard.sh.ch/,
2020-05-09,09:30,SH,,78,6,3,,,6,https://coviddashboard.sh.ch/,
2020-05-10,09:30,SH,,78,6,3,,,6,https://coviddashboard.sh.ch/,
2020-05-11,09:30,SH,,78,6,3,,,6,https://coviddashboard.sh.ch/,
2020-05-12,09:30,SH,,78,6,3,,,6,https://coviddashboard.sh.ch/,
2020-05-13,09:30,SH,,78,6,3,,,6,https://coviddashboard.sh.ch/,
2020-05-14,09:30,SH,,78,6,3,,,6,https://coviddashboard.sh.ch/,
2020-05-15,09:30,SH,,78,6,3,,,6,https://coviddashboard.sh.ch/,
2020-05-16,,SH,,78,,,,,6,https://coviddashboard.sh.ch/,
2020-05-17,,SH,,78,,,,,6,https://coviddashboard.sh.ch/,
2020-05-18,09:30,SH,,78,6,3,,,6,https://coviddashboard.sh.ch/,
2020-05-19,09:30,SH,,78,4,2,,,6,https://coviddashboard.sh.ch/,
2020-05-20,09:30,SH,,78,3,1,,,6,https://coviddashboard.sh.ch/,
2020-05-21,,SH,,78,,,,,6,https://coviddashboard.sh.ch/,
2020-05-22,09:30,SH,,78,3,1,,,6,https://coviddashboard.sh.ch/,
2020-05-23,,SH,,78,,,,,6,https://coviddashboard.sh.ch/,
2020-05-24,,SH,,78,,,,,6,https://coviddashboard.sh.ch/,
2020-05-25,09:30,SH,,79,4,1,,,6,https://coviddashboard.sh.ch/,
2020-05-26,09:30,SH,,79,5,2,,,6,https://coviddashboard.sh.ch/,
2020-05-27,09:30,SH,,79,5,2,,,6,https://coviddashboard.sh.ch/,
2020-05-28,09:30,SH,,79,5,2,,,6,https://coviddashboard.sh.ch/,
2020-05-29,09:30,SH,,79,5,2,,,6,https://coviddashboard.sh.ch/,
2020-05-30,,SH,,79,,,,,6,https://coviddashboard.sh.ch/,
2020-05-31,,SH,,79,,,,,6,https://coviddashboard.sh.ch/,
2020-06-01,,SH,,79,,,,,6,https://coviddashboard.sh.ch/,
2020-06-02,09:30,SH,,79,3,1,,,6,https://coviddashboard.sh.ch/,
2020-06-03,09:30,SH,,79,3,1,,,6,https://coviddashboard.sh.ch/,
2020-06-04,09:30,SH,,79,3,1,,,6,https://coviddashboard.sh.ch/,
2020-06-05,09:30,SH,,79,3,1,,,6,https://coviddashboard.sh.ch/,
2020-06-06,,SH,,80,,,,,6,https://coviddashboard.sh.ch/,
2020-06-07,,SH,,80,,,,,7,https://coviddashboard.sh.ch/,
2020-06-08,09:30,SH,,80,3,1,,,7,https://coviddashboard.sh.ch/,
2020-06-09,09:30,SH,,80,2,1,,,7,https://coviddashboard.sh.ch/,
2020-06-10,09:30,SH,,80,2,1,,,7,https://coviddashboard.sh.ch/,
2020-06-11,09:30,SH,,80,0,0,,,7,https://coviddashboard.sh.ch/,
2020-06-12,09:30,SH,,80,0,0,,,7,https://coviddashboard.sh.ch/,
2020-06-13,,SH,,82,,,,,7,https://coviddashboard.sh.ch/,
2020-06-14,,SH,,82,,,,,7,https://coviddashboard.sh.ch/,
2020-06-15,09:30,SH,,82,0,0,,,7,https://coviddashboard.sh.ch/,
2020-06-16,09:30,SH,,82,0,0,,,7,https://coviddashboard.sh.ch/,
2020-06-17,09:30,SH,,82,0,0,,,7,https://coviddashboard.sh.ch/,
2020-06-18,09:30,SH,,82,0,0,,,7,https://coviddashboard.sh.ch/,
2020-06-19,09:30,SH,,83,0,0,,,7,https://coviddashboard.sh.ch/,
2020-06-20,09:30,SH,,83,,,,,7,https://coviddashboard.sh.ch/,
2020-06-21,09:30,SH,,83,,,,,7,https://coviddashboard.sh.ch/,
2020-06-22,09:30,SH,,83,0,0,,,7,https://coviddashboard.sh.ch/,
2020-06-23,09:30,SH,,83,0,0,,,7,https://coviddashboard.sh.ch/,
2020-06-24,09:30,SH,,83,0,0,,,7,https://coviddashboard.sh.ch/,
2020-06-25,09:30,SH,,83,0,0,,,7,https://coviddashboard.sh.ch/,
2020-06-26,09:30,SH,,84,0,0,,,7,https://coviddashboard.sh.ch/,
2020-06-27,,SH,,84,,,,,7,https://coviddashboard.sh.ch/,
2020-06-28,,SH,,85,,,,,7,https://coviddashboard.sh.ch/,
2020-06-29,09:30,SH,,85,0,0,,,7,https://coviddashboard.sh.ch/,
2020-06-30,09:30,SH,,85,0,0,,,7,https://coviddashboard.sh.ch/,
2020-07-01,09:30,SH,,85,0,0,,,7,https://coviddashboard.sh.ch/,
2020-07-02,09:30,SH,,85,0,0,,,7,https://coviddashboard.sh.ch/,
2020-07-03,09:30,SH,,87,0,0,,,7,https://coviddashboard.sh.ch/,
2020-07-04,,SH,,87,,,,,7,https://coviddashboard.sh.ch/,
2020-07-05,,SH,,87,,,,,7,https://coviddashboard.sh.ch/,
2020-07-06,09:30,SH,,88,0,0,,,7,https://coviddashboard.sh.ch/,
2020-07-07,09:30,SH,,88,0,0,,,7,https://coviddashboard.sh.ch/,
2020-07-08,09:30,SH,,88,0,0,,,7,https://coviddashboard.sh.ch/,
2020-07-09,09:30,SH,,88,0,0,,,7,https://coviddashboard.sh.ch/,
2020-07-10,09:30,SH,,90,0,0,,,7,https://coviddashboard.sh.ch/,
2020-07-11,,SH,,91,,,,,7,https://coviddashboard.sh.ch/,
2020-07-12,,SH,,92,,,,,7,https://coviddashboard.sh.ch/,
2020-07-13,09:30,SH,,96,0,0,,,7,https://coviddashboard.sh.ch/,
2020-07-14,09:30,SH,,98,1,0,,,7,https://coviddashboard.sh.ch/,
2020-07-15,09:30,SH,,100,1,0,,,7,https://coviddashboard.sh.ch/,
2020-07-16,09:30,SH,,102,1,0,,,7,https://coviddashboard.sh.ch/,
2020-07-17,09:30,SH,,103,1,0,,,7,https://coviddashboard.sh.ch/,
2020-07-18,,SH,,103,,,,,7,https://coviddashboard.sh.ch/,
2020-07-19,,SH,,103,,,,,7,https://coviddashboard.sh.ch/,
2020-07-20,09:30,SH,,103,1,0,,,8,https://coviddashboard.sh.ch/,
2020-07-21,09:30,SH,,104,0,0,,,8,https://coviddashboard.sh.ch/,
2020-07-22,09:30,SH,,106,1,0,,,8,https://coviddashboard.sh.ch/,
2020-07-23,09:30,SH,,106,1,0,,,8,https://coviddashboard.sh.ch/,
2020-07-24,09:30,SH,,106,1,1,,,8,https://coviddashboard.sh.ch/,
2020-07-25,,SH,,107,,,,,8,https://coviddashboard.sh.ch/,
2020-07-26,,SH,,107,,,,,8,https://coviddashboard.sh.ch/,
2020-07-27,09:30,SH,,110,1,1,,,8,https://coviddashboard.sh.ch/,
2020-07-28,09:30,SH,,114,1,1,,,8,https://coviddashboard.sh.ch/,
2020-07-29,09:30,SH,,116,1,1,,,8,https://coviddashboard.sh.ch/,
2020-07-30,09:30,SH,,117,1,1,,,8,https://coviddashboard.sh.ch/,
2020-07-31,09:30,SH,,118,2,2,,,8,https://coviddashboard.sh.ch/,
2020-08-01,,SH,,121,,,,,8,https://coviddashboard.sh.ch/,
2020-08-02,,SH,,121,,,,,8,https://coviddashboard.sh.ch/,
2020-08-03,09:30,SH,,124,2,2,,,8,https://coviddashboard.sh.ch/,
2020-08-04,09:30,SH,,130,2,2,,,8,https://coviddashboard.sh.ch/,
2020-08-05,09:30,SH,,132,2,2,,,8,https://coviddashboard.sh.ch/,
2020-08-06,09:30,SH,,132,2,2,,,8,https://coviddashboard.sh.ch/,
2020-08-07,09:30,SH,,135,2,2,,,8,https://coviddashboard.sh.ch/,
2020-08-08,,SH,,136,,,,,8,https://coviddashboard.sh.ch/,
2020-08-09,,SH,,136,,,,,8,https://coviddashboard.sh.ch/,
2020-08-10,09:30,SH,,138,2,2,,,8,https://coviddashboard.sh.ch/,
2020-08-11,09:30,SH,,146,3,2,,,8,https://coviddashboard.sh.ch/,
2020-08-12,09:30,SH,,146,3,2,,,8,https://coviddashboard.sh.ch/,
2020-08-13,09:30,SH,,150,3,2,,,8,https://coviddashboard.sh.ch/,
2020-08-14,09:30,SH,,156,3,2,,,8,https://coviddashboard.sh.ch/,
2020-08-15,,SH,,156,,,,,8,https://coviddashboard.sh.ch/,
2020-08-16,,SH,,156,,,,,8,https://coviddashboard.sh.ch/,
2020-08-17,09:30,SH,,157,2,0,,,8,https://coviddashboard.sh.ch/,
2020-08-18,09:30,SH,,158,2,0,,,8,https://coviddashboard.sh.ch/,
2020-08-19,09:30,SH,,159,2,0,,,8,https://coviddashboard.sh.ch/,
2020-08-20,09:30,SH,,159,1,0,,,8,https://coviddashboard.sh.ch/,
2020-08-21,09:30,SH,,160,0,0,,,8,https://coviddashboard.sh.ch/,
2020-08-22,,SH,,160,,,,,8,https://coviddashboard.sh.ch/,
2020-08-23,,SH,,160,,,,,8,https://coviddashboard.sh.ch/,
2020-08-24,09:30,SH,,161,0,0,,,8,https://coviddashboard.sh.ch/,
2020-08-25,09:30,SH,,161,1,0,,,8,https://coviddashboard.sh.ch/,
2020-08-26,09:30,SH,,161,1,0,,,8,https://coviddashboard.sh.ch/,
2020-08-27,09:30,SH,,161,1,0,,,8,https://coviddashboard.sh.ch/,
2020-08-28,09:30,SH,,161,1,0,,,8,https://coviddashboard.sh.ch/,
2020-08-29,,SH,,161,,,,,8,https://coviddashboard.sh.ch/,
2020-08-30,,SH,,163,,,,,8,https://coviddashboard.sh.ch/,
2020-08-31,09:00,SH,,164,1,0,,,8,https://coviddashboard.sh.ch/,
2020-09-01,09:30,SH,,166,0,0,,,8,https://coviddashboard.sh.ch/,
2020-09-02,09:30,SH,,166,0,0,,,8,https://coviddashboard.sh.ch/,
2020-09-03,09:30,SH,,167,0,0,,,8,https://coviddashboard.sh.ch/,
2020-09-04,09:30,SH,,167,0,0,,,8,https://coviddashboard.sh.ch/,
2020-09-05,,SH,,168,,,,,8,https://coviddashboard.sh.ch/,
2020-09-06,,SH,,168,,,,,8,https://coviddashboard.sh.ch/,
2020-09-07,09:00,SH,,170,0,0,,,8,https://coviddashboard.sh.ch/,
2020-09-08,09:30,SH,,175,0,0,,,8,https://coviddashboard.sh.ch/,
2020-09-09,11:00,SH,,175,0,0,,,8,https://coviddashboard.sh.ch/,
2020-09-10,09:30,SH,,177,0,0,,,8,https://coviddashboard.sh.ch/,
2020-09-11,08:45,SH,,177,0,0,,,8,https://coviddashboard.sh.ch/,
2020-09-12,,SH,,177,,,,,8,https://coviddashboard.sh.ch/,
2020-09-13,,SH,,177,,,,,8,https://coviddashboard.sh.ch/,
2020-09-14,09:15,SH,,177,0,0,,,8,https://coviddashboard.sh.ch/,
2020-09-15,08:45,SH,,177,0,0,,,8,https://coviddashboard.sh.ch/,
2020-09-16,10:35,SH,,181,0,0,,,8,https://coviddashboard.sh.ch/,
2020-09-17,09:15,SH,,181,0,0,,,8,https://coviddashboard.sh.ch/,
2020-09-18,10:00,SH,,185,0,0,,,8,https://coviddashboard.sh.ch/,
2020-09-19,,SH,,185,,,,,8,https://coviddashboard.sh.ch/,
2020-09-20,,SH,,185,,,,,8,https://coviddashboard.sh.ch/,
2020-09-21,10:00,SH,,185,0,0,,,8,https://coviddashboard.sh.ch/,
2020-09-22,10:15,SH,,186,0,0,,,8,https://coviddashboard.sh.ch/,
2020-09-23,10:00,SH,,188,0,0,,,8,https://coviddashboard.sh.ch/,
2020-09-24,09:25,SH,,188,0,0,,,8,https://coviddashboard.sh.ch/,
2020-09-25,09:05,SH,,189,0,0,,,8,https://coviddashboard.sh.ch/,
2020-09-26,,SH,,189,,,,,8,https://coviddashboard.sh.ch/,
2020-09-27,,SH,,193,,,,,8,https://coviddashboard.sh.ch/,
2020-09-28,09:50,SH,,193,0,0,,,8,https://coviddashboard.sh.ch/,
2020-09-29,09:15,SH,,194,0,0,,,8,https://coviddashboard.sh.ch/,
2020-09-30,09:30,SH,,199,0,0,,,8,https://coviddashboard.sh.ch/,
2020-10-01,09:25,SH,,207,1,0,,,8,https://coviddashboard.sh.ch/,
2020-10-02,09:30,SH,,210,1,0,,,8,https://coviddashboard.sh.ch/,
2020-10-03,,SH,,212,,,,,8,https://coviddashboard.sh.ch/,
2020-10-04,,SH,,212,,,,,8,https://coviddashboard.sh.ch/,
2020-10-05,09:30,SH,,213,1,0,,,8,https://coviddashboard.sh.ch/,
2020-10-06,09:45,SH,,222,1,0,,,8,https://coviddashboard.sh.ch/,
2020-10-07,10:30,SH,,226,0,0,,,8,https://coviddashboard.sh.ch/,
2020-10-08,10:00,SH,,234,2,0,,,8,https://coviddashboard.sh.ch/,
2020-10-09,09:00,SH,,241,2,0,,,8,https://coviddashboard.sh.ch/,
2020-10-10,,SH,,243,,,,,8,https://coviddashboard.sh.ch/,
2020-10-11,,SH,,245,,,,,8,https://coviddashboard.sh.ch/,
2020-10-12,09:45,SH,,249,2,0,,,8,https://coviddashboard.sh.ch/,
2020-10-13,09:30,SH,,263,2,0,,,8,https://coviddashboard.sh.ch/,
2020-10-14,09:30,SH,,267,3,0,,,8,https://coviddashboard.sh.ch/,
2020-10-15,09:30,SH,,274,2,0,,,8,https://coviddashboard.sh.ch/,
2020-10-16,09:30,SH,,294,1,0,,,8,https://coviddashboard.sh.ch/,
2020-10-17,,SH,,302,,,,,8,https://coviddashboard.sh.ch/,
2020-10-18,,SH,,305,,,,,8,https://coviddashboard.sh.ch/,
2020-10-19,10:00,SH,,321,1,0,,,8,https://coviddashboard.sh.ch/,
2020-10-20,10:00,SH,,336,3,1,,,8,https://coviddashboard.sh.ch/,
2020-10-21,11:15,SH,,366,3,2,,,8,https://coviddashboard.sh.ch/,
2020-10-22,09:00,SH,,389,6,2,,,8,https://coviddashboard.sh.ch/,
2020-10-23,09:40,SH,,432,6,2,,,8,https://coviddashboard.sh.ch/,
2020-10-24,,SH,,480,,,,,8,https://coviddashboard.sh.ch/,
2020-10-25,,SH,,518,,,,,8,https://coviddashboard.sh.ch/,
2020-10-26,10:40,SH,,531,8,2,,,8,https://coviddashboard.sh.ch/,
2020-10-27,,SH,,566,,,,,8,https://coviddashboard.sh.ch/,
2020-10-28,09:30,SH,,602,11,3,,,8,https://coviddashboard.sh.ch/,
2020-10-29,09:30,SH,,640,12,3,,,8,https://coviddashboard.sh.ch/,
2020-10-30,09:30,SH,,679,15,3,,,8,https://coviddashboard.sh.ch/,
2020-10-31,,SH,,730,,,,,8,https://coviddashboard.sh.ch/,
2020-11-01,,SH,,757,,,,,8,https://coviddashboard.sh.ch/,
2020-11-02,10:30,SH,,774,16,3,,,9,https://coviddashboard.sh.ch/,
2020-11-03,10:40,SH,,828,12,4,,,10,https://coviddashboard.sh.ch/,
2020-11-04,09:15,SH,,872,18,3,,,11,https://coviddashboard.sh.ch/,
2020-11-05,09:30,SH,,913,20,3,,,13,https://coviddashboard.sh.ch/,
2020-11-06,09:30,SH,,962,17,2,,,14,https://coviddashboard.sh.ch/,
2020-11-07,,SH,,997,,,,,14,https://coviddashboard.sh.ch/,
2020-11-08,,SH,,1021,,,,,16,https://coviddashboard.sh.ch/,
2020-11-09,09:30,SH,,1045,16,2,,,17,https://coviddashboard.sh.ch/,
2020-11-10,09:30,SH,,1095,17,2,,,17,https://coviddashboard.sh.ch/,
2020-11-11,09:03,SH,,1135,20,2,,,18,https://coviddashboard.sh.ch/,
2020-11-12,09:00,SH,,1185,18,2,,,19,https://coviddashboard.sh.ch/,
2020-11-13,10:00,SH,,1233,15,2,,,19,https://coviddashboard.sh.ch/,
2020-11-14,,SH,,1257,,,,,21,https://coviddashboard.sh.ch/,
2020-11-15,,SH,,1277,,,,,21,https://coviddashboard.sh.ch/,
2020-11-16,09:45,SH,,1310,14,2,,,22,https://coviddashboard.sh.ch/,
2020-11-17,10:00,SH,,1367,13,2,,,23,https://coviddashboard.sh.ch/,
2020-11-18,09:00,SH,,1419,16,3,,,23,https://coviddashboard.sh.ch/,
2020-11-19,09:00,SH,,1470,16,3,,,24,https://coviddashboard.sh.ch/,
2020-11-20,10:00,SH,,1503,18,3,,,24,https://coviddashboard.sh.ch/,
2020-11-21,,SH,,1548,,,,,27,https://coviddashboard.sh.ch/,
2020-11-22,,SH,,1566,,,,,28,https://coviddashboard.sh.ch/,
2020-11-23,10:00,SH,,1588,22,3,,,29,https://coviddashboard.sh.ch/,
2020-11-24,09:15,SH,,1633,24,4,,,30,https://coviddashboard.sh.ch/,
2020-11-25,09:15,SH,,1690,19,3,,,31,https://coviddashboard.sh.ch/,
2020-11-26,09:15,SH,,1732,20,2,,,31,https://coviddashboard.sh.ch/,
2020-11-27,09:30,SH,,1778,20,2,,,33,https://coviddashboard.sh.ch/,
2020-11-28,,SH,,1818,,,,,33,https://coviddashboard.sh.ch/,
2020-11-29,,SH,,1846,,,,,33,https://coviddashboard.sh.ch/,
2020-11-30,10:00,SH,,1880,23,2,,,35,https://coviddashboard.sh.ch/,
2020-12-01,10:00,SH,,1933,27,2,,,36,https://coviddashboard.sh.ch/,
2020-12-02,09:30,SH,,1972,25,4,,,36,https://coviddashboard.sh.ch/,
2020-12-03,09:30,SH,,2023,25,4,,,37,https://coviddashboard.sh.ch/,
2020-12-04,09:30,SH,,2078,26,4,,,37,https://coviddashboard.sh.ch/,
2020-12-05,,SH,,2124,,,,,37,https://coviddashboard.sh.ch/,
2020-12-06,,SH,,2146,,,,,37,https://coviddashboard.sh.ch/,
2020-12-07,11:30,SH,,2173,30,3,,,39,https://coviddashboard.sh.ch/,
2020-12-08,09:30,SH,,2212,26,3,,,41,https://coviddashboard.sh.ch/,
2020-12-09,09:30,SH,,2257,27,3,,,41,https://coviddashboard.sh.ch/,
2020-12-10,10:15,SH,,2302,26,3,,,41,https://coviddashboard.sh.ch/,
2020-12-11,09:30,SH,,2348,21,3,,,42,https://coviddashboard.sh.ch/,
2020-12-12,,SH,,2388,,,,,42,https://coviddashboard.sh.ch/,
2020-12-13,,SH,,2418,,,,,43,https://coviddashboard.sh.ch/,
2020-12-14,09:30,SH,,2464,19,4,,,44,https://coviddashboard.sh.ch/,
2020-12-15,09:45,SH,,2512,21,4,,,44,https://coviddashboard.sh.ch/,
2020-12-16,09:30,SH,,2559,18,4,,,45,https://coviddashboard.sh.ch/,
2020-12-17,09:00,SH,,2603,17,4,,,45,https://coviddashboard.sh.ch/,
2020-12-18,09:15,SH,,2632,18,4,,,45,https://coviddashboard.sh.ch/,
2020-12-19,,SH,,2666,,,,,45,https://coviddashboard.sh.ch/,
2020-12-20,,SH,,2691,,,,,45,https://coviddashboard.sh.ch/,
2020-12-21,09:30,SH,,2722,20,3,,,45,https://coviddashboard.sh.ch/,
2020-12-22,09:00,SH,,2763,21,3,,,45,https://coviddashboard.sh.ch/,
2020-12-23,09:00,SH,,2807,17,3,,,46,https://coviddashboard.sh.ch/,
2020-12-24,09:00,SH,,2829,21,4,,,49,https://coviddashboard.sh.ch/,
2020-12-25,,SH,,2855,,,,,49,https://coviddashboard.sh.ch/,
2020-12-26,,SH,,2873,,,,,51,https://coviddashboard.sh.ch/,
2020-12-27,,SH,,2888,,,,,52,https://coviddashboard.sh.ch/,
2020-12-28,09:00,SH,,2927,22,2,,,52,https://coviddashboard.sh.ch/,
2020-12-29,09:30,SH,,2960,22,2,,,52,https://coviddashboard.sh.ch/,
2020-12-30,09:30,SH,,2982,19,1,,,52,https://coviddashboard.sh.ch/,
2020-12-31,09:30,SH,,3003,18,1,,,54,https://coviddashboard.sh.ch/,
2021-01-01,,SH,,3015,,,,,54,https://coviddashboard.sh.ch/,
2021-01-02,,SH,,3031,,,,,54,https://coviddashboard.sh.ch/,
2021-01-03,,SH,,3046,,,,,55,https://coviddashboard.sh.ch/,
2021-01-04,10:30,SH,,3075,14,2,,,55,https://coviddashboard.sh.ch/,
2021-01-05,09:00,SH,,3106,17,2,,,55,https://coviddashboard.sh.ch/,
2021-01-06,09:00,SH,,3136,18,4,,,55,https://coviddashboard.sh.ch/,
2021-01-07,10:15,SH,,3155,15,6,,,55,https://coviddashboard.sh.ch/,
2021-01-08,09:20,SH,,3174,14,4,,,55,https://coviddashboard.sh.ch/,
2021-01-09,,SH,,3191,,,,,56,https://coviddashboard.sh.ch/,
2021-01-10,,SH,,3197,,,,,56,https://coviddashboard.sh.ch/,
2021-01-11,09:45,SH,,3220,15,4,,,57,https://coviddashboard.sh.ch/,
2021-01-12,09:45,SH,,3252,14,4,,,57,https://coviddashboard.sh.ch/,
2021-01-13,09:45,SH,,3266,12,4,,,57,https://coviddashboard.sh.ch/,
2021-01-14,09:00,SH,,3294,12,4,,,57,https://coviddashboard.sh.ch/,
2021-01-15,09:30,SH,,3309,12,4,,,57,https://coviddashboard.sh.ch/,
2021-01-16,,SH,,3325,,,,,58,https://coviddashboard.sh.ch/,
2021-01-17,,SH,,3333,,,,,59,https://coviddashboard.sh.ch/,
2021-01-18,10:00,SH,,3344,14,4,,,60,https://coviddashboard.sh.ch/,
2021-01-19,09:15,SH,,3362,13,3,,,60,https://coviddashboard.sh.ch/,
2021-01-20,09:15,SH,,3375,13,2,,,60,https://coviddashboard.sh.ch/,
2021-01-21,09:15,SH,,3381,13,2,,,60,https://coviddashboard.sh.ch/,
2021-01-22,09:15,SH,,3396,15,2,,,63,https://coviddashboard.sh.ch/,
2021-01-23,,SH,,3409,,,,,63,https://coviddashboard.sh.ch/,
2021-01-24,,SH,,3417,,,,,63,https://coviddashboard.sh.ch/,
2021-01-25,10:00,SH,,3424,10,2,,,63,https://coviddashboard.sh.ch/,
2021-01-26,09:15,SH,,3431,6,0,,,63,https://coviddashboard.sh.ch/,
2021-01-27,10:00,SH,,3443,6,0,,,63,https://coviddashboard.sh.ch/,
2021-01-28,09:30,SH,,3456,6,0,,,63,https://coviddashboard.sh.ch/,
2021-01-29,09:00,SH,,3468,5,0,,,63,https://coviddashboard.sh.ch/,
2021-01-30,,SH,,3475,,,,,63,https://coviddashboard.sh.ch/,
2021-01-31,,SH,,3478,,,,,63,https://coviddashboard.sh.ch/,
2021-02-01,09:45,SH,,3485,4,0,,,65,https://coviddashboard.sh.ch/,
2021-02-02,09:00,SH,,3496,4,0,,,65,https://coviddashboard.sh.ch/,
2021-02-03,09:30,SH,,3504,5,0,,,65,https://coviddashboard.sh.ch/,
2021-02-04,09:30,SH,,3505,3,0,,,65,https://coviddashboard.sh.ch/,
2021-02-05,09:30,SH,,3507,3,0,,,65,https://coviddashboard.sh.ch/,
2021-02-06,,SH,,3509,,,,,65,https://coviddashboard.sh.ch/,
2021-02-07,,SH,,3512,,,,,65,https://coviddashboard.sh.ch/,
2021-02-08,09:30,SH,,3518,3,0,,,65,https://coviddashboard.sh.ch/,
2021-02-09,09:00,SH,,3520,3,0,,,65,https://coviddashboard.sh.ch/,
2021-02-10,09:00,SH,,3522,1,0,,,65,https://coviddashboard.sh.ch/,
2021-02-11,09:00,SH,,3525,2,0,,,66,https://coviddashboard.sh.ch/,
2021-02-12,09:00,SH,,3525,3,0,,,66,https://coviddashboard.sh.ch/,
2021-02-13,,SH,,3533,,,,,66,https://coviddashboard.sh.ch/,
2021-02-14,,SH,,3539,,,,,66,https://coviddashboard.sh.ch/,
2021-02-15,09:45,SH,,3543,4,1,,,66,https://coviddashboard.sh.ch/,
2021-02-16,09:00,SH,,3556,4,1,,,66,https://coviddashboard.sh.ch/,
2021-02-17,09:00,SH,,3560,5,1,,,66,https://coviddashboard.sh.ch/,
2021-02-18,09:00,SH,,3573,3,0,,,66,https://coviddashboard.sh.ch/,
2021-02-19,09:00,SH,,3579,4,1,,,66,https://coviddashboard.sh.ch/,
2021-02-20,,SH,,3583,,,,,66,https://coviddashboard.sh.ch/,
2021-02-21,,SH,,3587,,,,,66,https://coviddashboard.sh.ch/,
2021-02-22,09:45,SH,,3591,3,0,,,66,https://coviddashboard.sh.ch/,
2021-02-23,09:15,SH,,3600,3,0,,,66,https://coviddashboard.sh.ch/,
2021-02-24,09:00,SH,,3603,4,0,,,66,https://coviddashboard.sh.ch/,
2021-02-25,09:00,SH,,3612,3,0,,,66,https://coviddashboard.sh.ch/,
2021-02-26,09:45,SH,,3618,4,0,,,66,https://coviddashboard.sh.ch/,
2021-02-27,,SH,,3621,,,,,67,https://coviddashboard.sh.ch/,
2021-02-28,,SH,,3623,,,,,67,https://coviddashboard.sh.ch/,
2021-03-01,09:30,SH,,3626,4,0,,,67,https://coviddashboard.sh.ch/,
2021-03-02,09:00,SH,,3628,5,0,,,68,https://coviddashboard.sh.ch/,
2021-03-03,09:00,SH,,3638,7,0,,,68,https://coviddashboard.sh.ch/,
2021-03-04,09:00,SH,,3646,7,0,,,68,https://coviddashboard.sh.ch/,
2021-03-05,09:00,SH,,3652,9,0,,,68,https://coviddashboard.sh.ch/,
2021-03-06,,SH,,3659,,,,,68,https://coviddashboard.sh.ch/,
2021-03-07,,SH,,3664,,,,,69,https://coviddashboard.sh.ch/,
2021-03-08,09:15,SH,,3672,8,0,,,70,https://coviddashboard.sh.ch/,
2021-03-09,09:30,SH,,3681,8,1,,,71,https://coviddashboard.sh.ch/,
2021-03-10,09:00,SH,,3692,6,0,,,72,https://coviddashboard.sh.ch/,
2021-03-11,09:00,SH,,3701,6,1,,,72,https://coviddashboard.sh.ch/,
2021-03-12,08:00,SH,,3712,6,1,,,72,https://coviddashboard.sh.ch/,
2021-03-13,,SH,,3715,,,,,72,https://coviddashboard.sh.ch/,
2021-03-14,,SH,,3720,,,,,73,https://coviddashboard.sh.ch/,
2021-03-15,09:30,SH,,3727,7,2,,,73,https://coviddashboard.sh.ch/,
2021-03-16,09:00,SH,,3736,8,2,,,73,https://coviddashboard.sh.ch/,
2021-03-17,09:00,SH,,3742,8,1,,,73,https://coviddashboard.sh.ch/,
2021-03-18,09:00,SH,,3752,10,1,,,73,https://coviddashboard.sh.ch/,
2021-03-19,09:00,SH,,3761,10,1,,,73,https://coviddashboard.sh.ch/,
2021-03-20,,SH,,3771,,,,,73,https://coviddashboard.sh.ch/,
2021-03-21,,SH,,3777,,,,,73,https://coviddashboard.sh.ch/,
2021-03-22,09:30,SH,,3788,6,1,,,73,https://coviddashboard.sh.ch/,
2021-03-23,09:00,SH,,3795,5,1,,,73,https://coviddashboard.sh.ch/,
2021-03-24,09:00,SH,,3809,6,1,,,73,https://coviddashboard.sh.ch/,
2021-03-25,09:00,SH,,3819,7,1,,,73,https://coviddashboard.sh.ch/,
2021-03-26,09:00,SH,,3836,6,1,,,73,https://coviddashboard.sh.ch/,
2021-03-27,,SH,,3850,,,,,73,https://coviddashboard.sh.ch/,
2021-03-28,,SH,,3861,,,,,73,https://coviddashboard.sh.ch/,
2021-03-29,09:45,SH,,3883,8,1,,,73,https://coviddashboard.sh.ch/,
2021-03-30,09:00,SH,,3899,9,1,,,74,https://coviddashboard.sh.ch/,
2021-03-31,09:00,SH,,3921,5,1,,,74,https://coviddashboard.sh.ch/,
2021-04-01,09:00,SH,,3927,8,1,,,74,https://coviddashboard.sh.ch/,
2021-04-02,,SH,,3940,,,,,74,https://coviddashboard.sh.ch/,
2021-04-03,,SH,,3949,,,,,74,https://coviddashboard.sh.ch/,
2021-04-04,,SH,,3962,,,,,75,https://coviddashboard.sh.ch/,
2021-04-05,,SH,,3983,,,,,75,https://coviddashboard.sh.ch/,
2021-04-06,09:15,SH,,4001,8,1,,,75,https://coviddashboard.sh.ch/,
2021-04-07,09:00,SH,,4023,10,2,,,75,https://coviddashboard.sh.ch/,
2021-04-08,09:30,SH,,4033,12,4,,,75,https://coviddashboard.sh.ch/,
2021-04-09,09:30,SH,,4056,12,4,,,75,https://coviddashboard.sh.ch/,
2021-04-10,,SH,,4062,,,,,75,https://coviddashboard.sh.ch/,
2021-04-11,,SH,,4082,,,,,75,https://coviddashboard.sh.ch/,
2021-04-12,09:45,SH,,4094,14,3,,,75,https://coviddashboard.sh.ch/,
2021-04-13,09:00,SH,,4120,15,3,,,75,https://coviddashboard.sh.ch/,
2021-04-14,09:00,SH,,4126,11,3,,,75,https://coviddashboard.sh.ch/,
2021-04-15,09:00,SH,,4151,10,4,,,75,https://coviddashboard.sh.ch/,
2021-04-16,09:30,SH,,4168,10,4,,,75,https://coviddashboard.sh.ch/,
2021-04-17,,SH,,4175,,,,,75,https://coviddashboard.sh.ch/,
2021-04-18,,SH,,4190,,,,,75,https://coviddashboard.sh.ch/,
2021-04-19,09:30,SH,,4204,13,3,,,75,https://coviddashboard.sh.ch/,
2021-04-20,09:00,SH,,4223,14,3,,,75,https://coviddashboard.sh.ch/,
2021-04-21,09:00,SH,,4233,14,3,,,75,https://coviddashboard.sh.ch/,
2021-04-22,09:00,SH,,4249,16,3,,,75,https://coviddashboard.sh.ch/,
2021-04-23,09:00,SH,,4270,14,3,,,75,https://coviddashboard.sh.ch/,
2021-04-24,,SH,,4275,,,,,75,https://coviddashboard.sh.ch/,
2021-04-25,,SH,,4282,,,,,75,https://coviddashboard.sh.ch/,
2021-04-26,09:30,SH,,4292,10,4,,,75,https://coviddashboard.sh.ch/,
2021-04-27,09:00,SH,,4313,7,3,,,76,https://coviddashboard.sh.ch/,
2021-04-28,09:00,SH,,4335,7,3,,,76,https://coviddashboard.sh.ch/,
2021-04-29,09:00,SH,,4343,8,3,,,76,https://coviddashboard.sh.ch/,
2021-04-30,09:00,SH,,4348,7,3,,,76,https://coviddashboard.sh.ch/,
2021-05-01,,SH,,4351,,,,,76,https://coviddashboard.sh.ch/,
2021-05-02,,SH,,4363,,,,,76,https://coviddashboard.sh.ch/,
2021-05-03,09:00,SH,,4374,9,3,,,76,https://coviddashboard.sh.ch/,
2021-05-04,09:30,SH,,4393,9,3,,,76,https://coviddashboard.sh.ch/,
2021-05-05,09:00,SH,,4404,9,3,,,76,https://coviddashboard.sh.ch/,
2021-05-06,09:00,SH,,4411,9,3,,,76,https://coviddashboard.sh.ch/,
2021-05-07,09:00,SH,,4429,9,4,,,76,https://coviddashboard.sh.ch/,
2021-05-08,,SH,,4440,,,,,76,https://coviddashboard.sh.ch/,
2021-05-09,,SH,,4449,,,,,76,https://coviddashboard.sh.ch/,
2021-05-10,09:15,SH,,4457,11,4,,,76,https://coviddashboard.sh.ch/,
2021-05-11,09:00,SH,,4464,12,4,,,76,https://coviddashboard.sh.ch/,
2021-05-12,09:15,SH,,4476,10,4,,,76,https://coviddashboard.sh.ch/,
2021-05-13,,SH,,4488,,,,,76,https://coviddashboard.sh.ch/,
2021-05-14,09:00,SH,,4502,9,4,,,76,https://coviddashboard.sh.ch/,
2021-05-15,,SH,,4509,,,,,76,https://coviddashboard.sh.ch/,
2021-05-16,,SH,,4512,,,,,76,https://coviddashboard.sh.ch/,
2021-05-17,09:00,SH,,4531,8,4,,,76,https://coviddashboard.sh.ch/,
2021-05-18,09:00,SH,,4544,9,4,,,76,https://coviddashboard.sh.ch/,
2021-05-19,09:00,SH,,4559,9,4,,,76,https://coviddashboard.sh.ch/,
2021-05-20,09:00,SH,,4572,9,4,,,76,https://coviddashboard.sh.ch/,
2021-05-21,09:00,SH,,4583,9,4,,,76,https://coviddashboard.sh.ch/,
2021-05-22,,SH,,4595,,,,,76,https://coviddashboard.sh.ch/,
2021-05-23,,SH,,4599,,,,,77,https://coviddashboard.sh.ch/,
2021-05-24,,SH,,4612,,,,,77,https://coviddashboard.sh.ch/,
2021-05-25,09:30,SH,,4631,7,4,,,77,https://coviddashboard.sh.ch/,
2021-05-26,09:00,SH,,4658,7,4,,,77,https://coviddashboard.sh.ch/,
2021-05-27,09:00,SH,,4673,6,4,,,77,https://coviddashboard.sh.ch/,
2021-05-28,09:00,SH,,4692,5,4,,,77,https://coviddashboard.sh.ch/,
2021-05-29,,SH,,4697,,,,,77,https://coviddashboard.sh.ch/,
2021-05-30,,SH,,4712,,,,,77,https://coviddashboard.sh.ch/,
2021-05-31,09:00,SH,,4719,7,4,,,77,https://coviddashboard.sh.ch/,
2021-06-01,09:00,SH,,4723,6,3,,,77,https://coviddashboard.sh.ch/,
2021-06-02,09:00,SH,,4728,5,3,,,77,https://coviddashboard.sh.ch/,
2021-06-03,09:00,SH,,4738,4,3,,,77,https://coviddashboard.sh.ch/,
2021-06-04,09:00,SH,,4745,4,3,,,77,https://coviddashboard.sh.ch/,
2021-06-05,,SH,,4746,,,,,77,https://coviddashboard.sh.ch/,
2021-06-06,,SH,,4748,,,,,78,https://coviddashboard.sh.ch/,
2021-06-07,09:00,SH,,4753,3,2,,,78,https://coviddashboard.sh.ch/,
2021-06-08,09:00,SH,,4761,2,1,,,78,https://coviddashboard.sh.ch/,
2021-06-09,09:00,SH,,4763,2,1,,,78,https://coviddashboard.sh.ch/,
2021-06-10,09:00,SH,,4771,2,2,,,78,https://coviddashboard.sh.ch/,
2021-06-11,09:00,SH,,4772,2,2,,,78,https://coviddashboard.sh.ch/,
2021-06-12,,SH,,4775,,,,,78,https://coviddashboard.sh.ch/,
2021-06-13,,SH,,4775,,,,,78,https://coviddashboard.sh.ch/,
2021-06-14,09:00,SH,,4779,3,1,,,78,https://coviddashboard.sh.ch/,
2021-06-15,09:00,SH,,4787,3,1,,,78,https://coviddashboard.sh.ch/,
2021-06-16,09:00,SH,,4787,3,1,,,78,https://coviddashboard.sh.ch/,
2021-06-17,09:00,SH,,4789,1,1,,,78,https://coviddashboard.sh.ch/,
2021-06-18,09:00,SH,,4791,1,1,,,78,https://coviddashboard.sh.ch/,
2021-06-19,,SH,,4793,,,,,78,https://coviddashboard.sh.ch/,
2021-06-20,,SH,,4793,,,,,78,https://coviddashboard.sh.ch/,
2021-06-21,09:00,SH,,4794,1,1,,,78,https://coviddashboard.sh.ch/,
2021-06-22,09:00,SH,,4795,1,1,,,78,https://coviddashboard.sh.ch/,
2021-06-23,09:00,SH,,4799,1,1,,,78,https://coviddashboard.sh.ch/,
2021-06-24,09:00,SH,,4800,1,1,,,78,https://coviddashboard.sh.ch/,
2021-06-25,09:00,SH,,4801,1,1,,,78,https://coviddashboard.sh.ch/,
2021-06-26,,SH,,4802,,,,,78,https://coviddashboard.sh.ch/,
2021-06-27,,SH,,4804,,,,,78,https://coviddashboard.sh.ch/,
2021-06-28,09:00,SH,,4806,1,1,,,78,https://coviddashboard.sh.ch/,
2021-06-29,09:00,SH,,4807,1,1,,,78,https://coviddashboard.sh.ch/,
2021-06-30,09:00,SH,,4808,1,1,,,78,https://coviddashboard.sh.ch/,
2021-07-01,09:00,SH,,4813,1,1,,,78,https://coviddashboard.sh.ch/,
2021-07-02,09:00,SH,,4817,0,0,,,78,https://coviddashboard.sh.ch/,
2021-07-03,,SH,,4817,,,,,78,https://coviddashboard.sh.ch/,
2021-07-04,,SH,,4817,,,,,78,https://coviddashboard.sh.ch/,
2021-07-05,09:00,SH,,4819,0,0,,,78,https://coviddashboard.sh.ch/,
2021-07-06,09:00,SH,,4820,0,0,,,78,https://coviddashboard.sh.ch/,
2021-07-07,09:00,SH,,4823,0,0,,,78,https://coviddashboard.sh.ch/,
2021-07-08,09:00,SH,,4828,0,0,,,78,https://coviddashboard.sh.ch/,
2021-07-09,09:00,SH,,4830,0,0,,,78,https://coviddashboard.sh.ch/,
2021-07-10,,SH,,4830,,,,,78,https://coviddashboard.sh.ch/,
2021-07-11,,SH,,4830,,,,,78,https://coviddashboard.sh.ch/,
2021-07-12,09:00,SH,,4831,0,0,,,78,https://coviddashboard.sh.ch/,
2021-07-13,09:00,SH,,4832,0,0,,,78,https://coviddashboard.sh.ch/,
2021-07-14,09:00,SH,,4834,0,0,,,78,https://coviddashboard.sh.ch/,
2021-07-15,09:00,SH,,4835,1,0,,,78,https://coviddashboard.sh.ch/,
2021-07-16,09:00,SH,,4840,1,0,,,78,https://coviddashboard.sh.ch/,
2021-07-17,,SH,,4842,,,,,78,https://coviddashboard.sh.ch/,
2021-07-18,,SH,,4845,,,,,78,https://coviddashboard.sh.ch/,
2021-07-19,09:00,SH,,4850,1,0,,,78,https://coviddashboard.sh.ch/,
2021-07-20,09:00,SH,,4855,1,0,,,78,https://coviddashboard.sh.ch/,
2021-07-21,,SH,,4855,0,0,,,78,https://coviddashboard.sh.ch/,
2021-07-22,,SH,,4861,0,0,,,78,https://coviddashboard.sh.ch/,
2021-07-23,,SH,,4864,1,0,,,78,https://coviddashboard.sh.ch/,
2021-07-24,,SH,,4869,,,,,78,https://coviddashboard.sh.ch/,
2021-07-25,,SH,,4871,1,0,,,78,https://coviddashboard.sh.ch/,
2021-07-26,,SH,,4875,1,0,,,78,https://coviddashboard.sh.ch/,
2021-07-27,,SH,,4886,1,0,,,78,https://coviddashboard.sh.ch/,
2021-07-28,,SH,,4891,1,0,,,78,https://coviddashboard.sh.ch/,
2021-07-29,,SH,,4895,2,1,,,78,https://coviddashboard.sh.ch/,
2021-07-30,,SH,,4897,2,1,,,78,https://coviddashboard.sh.ch/,
2021-07-31,,SH,,4900,2,1,,,78,https://coviddashboard.sh.ch/,
2021-08-01,,SH,,4910,2,1,,,78,https://coviddashboard.sh.ch/,
2021-08-02,,SH,,4916,2,1,,,78,https://coviddashboard.sh.ch/,
2021-08-03,,SH,,4928,2,1,,,78,https://coviddashboard.sh.ch/,
2021-08-04,,SH,,4934,4,1,,,78,https://coviddashboard.sh.ch/,
2021-08-05,,SH,,4943,4,1,,,78,https://coviddashboard.sh.ch/,
2021-08-06,,SH,,4956,,,,,78,https://coviddashboard.sh.ch/,
2021-08-07,,SH,,4969,,,,,78,https://coviddashboard.sh.ch/,
2021-08-08,,SH,,4977,4,2,,,78,https://coviddashboard.sh.ch/,
2021-08-09,,SH,,4984,4,2,,,78,https://coviddashboard.sh.ch/,
2021-08-10,,SH,,5002,3,0,,,78,https://coviddashboard.sh.ch/,
2021-08-11,,SH,,5022,3,0,,,78,https://coviddashboard.sh.ch/,
2021-08-12,,SH,,5051,2,0,,,78,https://coviddashboard.sh.ch/,
2021-08-13,,SH,,5067,,,,,78,https://coviddashboard.sh.ch/,
2021-08-14,,SH,,5082,,,,,78,https://coviddashboard.sh.ch/,
2021-08-15,,SH,,5109,9,3,,,78,https://coviddashboard.sh.ch/,
2021-08-16,,SH,,5152,10,2,,,78,https://coviddashboard.sh.ch/,
2021-08-17,,SH,,5206,11,4,,,78,https://coviddashboard.sh.ch/,
2021-08-18,,SH,,5238,10,4,,,78,https://coviddashboard.sh.ch/,
2021-08-19,,SH,,5266,14,4,,,78,https://coviddashboard.sh.ch/,
2021-08-20,,SH,,5293,,,,,78,https://coviddashboard.sh.ch/,
2021-08-21,,SH,,5326,,,,,78,https://coviddashboard.sh.ch/,
2021-08-22,,SH,,5335,17,5,,,78,https://coviddashboard.sh.ch/,
2021-08-23,,SH,,5354,16,4,,,78,https://coviddashboard.sh.ch/,
2021-08-24,,SH,,5393,14,4,,,78,https://coviddashboard.sh.ch/,
2021-08-25,,SH,,5429,11,4,,,78,https://coviddashboard.sh.ch/,
2021-08-26,,SH,,5458,10,5,,,78,https://coviddashboard.sh.ch/,
2021-08-27,,SH,,5498,,,,,78,https://coviddashboard.sh.ch/,
2021-08-28,,SH,,5531,,,,,78,https://coviddashboard.sh.ch/,
2021-08-29,,SH,,5565,10,4,,,79,https://coviddashboard.sh.ch/,
2021-08-30,,SH,,5579,8,4,,,79,https://coviddashboard.sh.ch/,
2021-08-31,,SH,,5601,9,4,,,79,https://coviddashboard.sh.ch/,
2021-09-01,,SH,,5639,9,4,,,79,https://coviddashboard.sh.ch/,
2021-09-02,,SH,,5666,8,4,,,79,https://coviddashboard.sh.ch/,
2021-09-03,,SH,,5719,,,,,79,https://coviddashboard.sh.ch/,
2021-09-04,,SH,,5753,,,,,79,https://coviddashboard.sh.ch/,
2021-09-05,,SH,,5783,6,4,,,79,https://coviddashboard.sh.ch/,
2021-09-06,,SH,,5801,6,4,,,79,https://coviddashboard.sh.ch/,
2021-09-07,,SH,,5842,5,3,,,79,https://coviddashboard.sh.ch/,
2021-09-08,,SH,,5863,5,3,,,80,https://coviddashboard.sh.ch/,
2021-09-09,,SH,,5883,6,2,,,80,https://coviddashboard.sh.ch/,
2021-09-10,,SH,,5913,,,,,80,https://coviddashboard.sh.ch/,
2021-09-11,,SH,,5938,,,,,80,https://coviddashboard.sh.ch/,
2021-09-12,,SH,,5951,8,2,,,80,https://coviddashboard.sh.ch/,
2021-09-13,,SH,,5963,9,2,,,80,https://coviddashboard.sh.ch/,
2021-09-14,,SH,,5982,7,2,,,80,https://coviddashboard.sh.ch/,
2021-09-15,,SH,,6004,6,3,,,80,https://coviddashboard.sh.ch/,
2021-09-16,,SH,,6020,6,4,,,80,https://coviddashboard.sh.ch/,
2021-09-17,,SH,,6033,,,,,80,https://coviddashboard.sh.ch/,
2021-09-18,,SH,,6046,,,,,80,https://coviddashboard.sh.ch/,
2021-09-19,,SH,,6054,4,3,,,80,https://coviddashboard.sh.ch/,
2021-09-20,,SH,,6064,5,2,,,80,https://coviddashboard.sh.ch/,
2021-09-21,,SH,,6073,3,1,,,80,https://coviddashboard.sh.ch/,
2021-09-22,,SH,,6090,2,0,,,80,https://coviddashboard.sh.ch/,
2021-09-23,,SH,,6109,1,0,,,80,https://coviddashboard.sh.ch/,
2021-09-24,,SH,,6118,,,,,80,https://coviddashboard.sh.ch/,
2021-09-25,,SH,,6125,,,,,80,https://coviddashboard.sh.ch/,
2021-09-26,,SH,,6128,4,0,,,80,https://coviddashboard.sh.ch/,
2021-09-27,,SH,,6135,5,0,,,80,https://coviddashboard.sh.ch/,
2021-09-28,,SH,,6145,3,0,,,80,https://coviddashboard.sh.ch/,
2021-09-29,,SH,,6151,2,0,,,80,https://coviddashboard.sh.ch/,
2021-09-30,,SH,,6165,3,1,,,80,https://coviddashboard.sh.ch/,
2021-10-01,,SH,,6175,,,,,80,https://coviddashboard.sh.ch/,
2021-10-02,,SH,,6181,,,,,80,https://coviddashboard.sh.ch/,
2021-10-03,,SH,,6186,3,1,,,80,https://coviddashboard.sh.ch/,
2021-10-04,,SH,,6195,3,1,,,80,https://coviddashboard.sh.ch/,
2021-10-05,,SH,,6201,4,1,,,80,https://coviddashboard.sh.ch/,
2021-10-06,,SH,,6211,4,1,,,80,https://coviddashboard.sh.ch/,
2021-10-07,,SH,,6217,5,1,,,80,https://coviddashboard.sh.ch/,
2021-10-08,,SH,,6224,,,,,80,https://coviddashboard.sh.ch/,
2021-10-09,,SH,,6224,,,,,80,https://coviddashboard.sh.ch/,
2021-10-10,,SH,,6233,2,1,,,80,https://coviddashboard.sh.ch/,
2021-10-11,,SH,,6237,1,1,,,80,https://coviddashboard.sh.ch/,
2021-10-12,,SH,,6245,0,0,,,80,https://coviddashboard.sh.ch/,
2021-10-13,,SH,,6251,0,0,,,80,https://coviddashboard.sh.ch/,
2021-10-14,,SH,,6259,1,0,,,80,https://coviddashboard.sh.ch/,
2021-10-15,,SH,,6268,,,,,80,https://coviddashboard.sh.ch/,
2021-10-16,,SH,,6270,,,,,80,https://coviddashboard.sh.ch/,
2021-10-17,,SH,,6282,2,0,,,80,https://coviddashboard.sh.ch/,
2021-10-18,,SH,,6287,5,1,,,80,https://coviddashboard.sh.ch/,
2021-10-19,,SH,,6296,7,1,,,80,https://coviddashboard.sh.ch/,
2021-10-20,,SH,,6304,7,1,,,80,https://coviddashboard.sh.ch/,
2021-10-21,,SH,,6312,9,1,,,80,https://coviddashboard.sh.ch/,
2021-10-22,,SH,,6325,,,,,80,https://coviddashboard.sh.ch/,
2021-10-23,,SH,,6337,,,,,80,https://coviddashboard.sh.ch/,
2021-10-24,,SH,,6345,10,0,,,81,https://coviddashboard.sh.ch/,
2021-10-25,,SH,,6360,9,1,,,81,https://coviddashboard.sh.ch/,
2021-10-26,,SH,,6374,9,1,,,81,https://coviddashboard.sh.ch/,
2021-10-27,,SH,,6386,10,1,,,82,https://coviddashboard.sh.ch/,
2021-10-28,,SH,,6412,9,1,,,83,https://coviddashboard.sh.ch/,
2021-10-29,,SH,,6432,,,,,83,https://coviddashboard.sh.ch/,
2021-10-30,,SH,,6448,,,,,83,https://coviddashboard.sh.ch/,
2021-10-31,,SH,,6470,7,2,,,83,https://coviddashboard.sh.ch/,
2021-11-01,,SH,,6479,8,2,,,86,https://coviddashboard.sh.ch/,
2021-11-02,,SH,,6488,6,2,,,86,https://coviddashboard.sh.ch/,
2021-11-03,,SH,,6521,5,2,,,86,https://coviddashboard.sh.ch/,
2021-11-04,,SH,,6550,5,2,,,86,https://coviddashboard.sh.ch/,
2021-11-05,,SH,,6584,,,,,86,https://coviddashboard.sh.ch/,
2021-11-06,,SH,,6610,,,,,86,https://coviddashboard.sh.ch/,
2021-11-07,,SH,,6642,7,4,,,86,https://coviddashboard.sh.ch/,
2021-11-08,,SH,,6658,5,4,,,88,https://coviddashboard.sh.ch/,
2021-11-09,,SH,,6710,7,4,,,88,https://coviddashboard.sh.ch/,
2021-11-10,,SH,,6760,6,4,,,88,https://coviddashboard.sh.ch/,
2021-11-11,,SH,,6815,7,4,,,89,https://coviddashboard.sh.ch/,
2021-11-12,,SH,,6870,,,,,91,https://coviddashboard.sh.ch/,
2021-11-13,,SH,,6904,,,,,91,https://coviddashboard.sh.ch/,
2021-11-14,,SH,,6928,7,3,,,91,https://coviddashboard.sh.ch/,
2021-11-15,,SH,,6974,9,3,,,91,https://coviddashboard.sh.ch/,
2021-11-16,,SH,,7036,9,3,,,91,https://coviddashboard.sh.ch/,
2021-11-17,,SH,,7128,10,3,,,91,https://coviddashboard.sh.ch/,
2021-11-18,,SH,,7202,8,3,,,92,https://coviddashboard.sh.ch/,
2021-11-19,,SH,,7289,,,,,92,https://coviddashboard.sh.ch/,
2021-11-20,,SH,,7341,,,,,92,https://coviddashboard.sh.ch/,
2021-11-21,,SH,,7381,9,3,,,92,https://coviddashboard.sh.ch/,
2021-11-22,,SH,,7428,10,3,,,92,https://coviddashboard.sh.ch/,
2021-11-23,,SH,,7508,9,3,,,92,https://coviddashboard.sh.ch/,
2021-11-24,,SH,,7594,8,3,,,92,https://coviddashboard.sh.ch/,
2021-11-25,,SH,,7671,10,4,,,93,https://coviddashboard.sh.ch/,
2021-11-26,,SH,,7775,,,,,93,https://coviddashboard.sh.ch/,
2021-11-27,,SH,,7846,,,,,93,https://coviddashboard.sh.ch/,
2021-11-28,,SH,,7895,10,3,,,94,https://coviddashboard.sh.ch/,
2021-11-29,,SH,,7964,12,4,,,96,https://coviddashboard.sh.ch/,
2021-11-30,,SH,,8051,11,4,,,96,https://coviddashboard.sh.ch/,
2021-12-01,,SH,,8155,14,4,,,96,https://coviddashboard.sh.ch/,
2021-12-02,,SH,,8244,15,3,,,96,https://coviddashboard.sh.ch/,
2021-12-03,,SH,,8333,,,,,96,https://coviddashboard.sh.ch/,
2021-12-04,,SH,,8446,,,,,96,https://coviddashboard.sh.ch/,
2021-12-05,,SH,,8509,21,3,,,96,https://coviddashboard.sh.ch/,
2021-12-06,,SH,,8596,19,4,,,96,https://coviddashboard.sh.ch/,
2021-12-07,,SH,,8708,19,4,,,96,https://coviddashboard.sh.ch/,
2021-12-08,,SH,,8822,17,4,,,96,https://coviddashboard.sh.ch/,
2021-12-09,,SH,,8908,16,4,,,96,https://coviddashboard.sh.ch/,
2021-12-10,,SH,,9013,,,,,96,https://coviddashboard.sh.ch/,
2021-12-11,,SH,,9075,,,,,96,https://coviddashboard.sh.ch/,
2021-12-12,,SH,,9124,16,4,,,97,https://coviddashboard.sh.ch/,
2021-12-13,,SH,,9174,16,4,,,100,https://coviddashboard.sh.ch/,
2021-12-14,,SH,,9273,19,4,,,100,https://coviddashboard.sh.ch/,
2021-12-15,,SH,,9387,19,4,,,100,https://coviddashboard.sh.ch/,
2021-12-16,,SH,,9464,22,3,,,100,https://coviddashboard.sh.ch/,
2021-12-17,,SH,,9558,,,,,100,https://coviddashboard.sh.ch/,
2021-12-18,,SH,,9628,,,,,100,https://coviddashboard.sh.ch/,
2021-12-19,,SH,,9687,18,3,,,100,https://coviddashboard.sh.ch/,
2021-12-20,,SH,,9759,17,3,,,101,https://coviddashboard.sh.ch/,
2021-12-21,,SH,,9878,22,3,,,101,https://coviddashboard.sh.ch/,
2021-12-22,,SH,,9987,23,4,,,101,https://coviddashboard.sh.ch/,
2021-12-23,,SH,,10077,21,4,,,101,https://coviddashboard.sh.ch/,
2021-12-24,,SH,,10182,,,,,101,https://coviddashboard.sh.ch/,
2021-12-25,,SH,,10238,,,,,101,https://coviddashboard.sh.ch/,
2021-12-26,,SH,,10301,25,4,,,101,https://coviddashboard.sh.ch/,
2021-12-27,,SH,,10398,24,4,,,101,https://coviddashboard.sh.ch/,
2021-12-28,,SH,,10520,21,4,,,101,https://coviddashboard.sh.ch/,
2021-12-29,,SH,,10639,22,4,,,101,https://coviddashboard.sh.ch/,
2021-12-30,,SH,,10764,16,3,,,102,https://coviddashboard.sh.ch/,
2021-12-31,,SH,,10915,,,,,102,https://coviddashboard.sh.ch/,
2022-01-01,,SH,,10996,14,2,,,102,https://coviddashboard.sh.ch/,
2022-01-02,,SH,,11097,16,2,,,102,https://coviddashboard.sh.ch/,
2022-01-03,,SH,,11216,15,3,,,102,https://coviddashboard.sh.ch/,
2022-01-04,,SH,,11384,14,3,,,102,https://coviddashboard.sh.ch/,
2022-01-05,,SH,,11589,13,2,,,102,https://coviddashboard.sh.ch/,
2022-01-06,,SH,,11805,13,2,,,102,https://coviddashboard.sh.ch/,
2022-01-07,,SH,,12018,,,,,102,https://coviddashboard.sh.ch/,
2022-01-08,,SH,,12188,,,,,102,https://coviddashboard.sh.ch/,
2022-01-09,,SH,,12306,11,1,,,102,https://coviddashboard.sh.ch/,
2022-01-10,,SH,,12392,11,1,,,103,https://coviddashboard.sh.ch/,
2022-01-11,,SH,,12648,6,1,,,103,https://coviddashboard.sh.ch/,
2022-01-12,,SH,,12852,9,1,,,103,https://coviddashboard.sh.ch/,
2022-01-13,,SH,,13085,8,1,,,104,https://coviddashboard.sh.ch/,
2022-01-14,,SH,,13291,,,,,105,https://coviddashboard.sh.ch/,
2022-01-15,,SH,,13493,,,,,105,https://coviddashboard.sh.ch/,
2022-01-16,,SH,,13627,12,2,,,105,https://coviddashboard.sh.ch/,
2022-01-17,,SH,,13781,12,2,,,105,https://coviddashboard.sh.ch/,
2022-01-18,,SH,,13973,10,1,,,105,https://coviddashboard.sh.ch/,
2022-01-19,,SH,,14245,11,1,,,105,https://coviddashboard.sh.ch/,
2022-01-20,,SH,,14499,10,1,,,105,https://coviddashboard.sh.ch/,
2022-01-21,,SH,,14796,,,,,105,https://coviddashboard.sh.ch/,
2022-01-22,,SH,,14984,,,,,105,https://coviddashboard.sh.ch/,
2022-01-23,,SH,,15117,12,1,,,105,https://coviddashboard.sh.ch/,
2022-01-24,,SH,,15297,13,1,,,105,https://coviddashboard.sh.ch/,
2022-01-25,,SH,,15580,11,1,,,105,https://coviddashboard.sh.ch/,
2022-01-26,,SH,,15786,8,1,,,105,https://coviddashboard.sh.ch/,
2022-01-27,,SH,,16080,12,1,,,105,https://coviddashboard.sh.ch/,
2022-01-28,,SH,,16333,,,,,105,https://coviddashboard.sh.ch/,
2022-01-29,,SH,,16541,,,,,105,https://coviddashboard.sh.ch/,
2022-01-30,,SH,,16735,13,1,,,105,https://coviddashboard.sh.ch/,
2022-01-31,,SH,,16930,16,2,,,105,https://coviddashboard.sh.ch/,
2022-02-01,,SH,,17177,14,2,,,105,https://coviddashboard.sh.ch/,
2022-02-02,,SH,,17360,14,2,,,105,https://coviddashboard.sh.ch/,
2022-02-03,,SH,,17593,16,2,,,105,https://coviddashboard.sh.ch/,
2022-02-04,,SH,,17796,,,,,105,https://coviddashboard.sh.ch/,
2022-02-05,,SH,,18001,,,,,105,https://coviddashboard.sh.ch/,
2022-02-06,,SH,,18124,19,2,,,105,https://coviddashboard.sh.ch/,
2022-02-07,,SH,,18321,15,2,,,105,https://coviddashboard.sh.ch/,
2022-02-08,,SH,,18573,14,2,,,105,https://coviddashboard.sh.ch/,
2022-02-09,,SH,,18757,13,2,,,105,https://coviddashboard.sh.ch/,
2022-02-10,,SH,,18911,12,3,,,106,https://coviddashboard.sh.ch/,
2022-02-11,,SH,,19092,,,,,106,https://coviddashboard.sh.ch/,
2022-02-12,,SH,,19260,,,,,106,https://coviddashboard.sh.ch/,
2022-02-13,,SH,,19369,17,2,,,106,https://coviddashboard.sh.ch/,
2022-02-14,,SH,,19507,16,2,,,106,https://coviddashboard.sh.ch/,
2022-02-15,,SH,,19694,17,2,,,106,https://coviddashboard.sh.ch/,
2022-02-16,,SH,,19878,14,2,,,106,https://coviddashboard.sh.ch/,
2022-02-17,,SH,,20051,14,2,,,106,https://coviddashboard.sh.ch/,
2022-02-18,,SH,,20184,,,,,106,https://coviddashboard.sh.ch/,
2022-02-19,,SH,,20333,,,,,106,https://coviddashboard.sh.ch/,
2022-02-20,,SH,,20487,15,2,,,107,https://coviddashboard.sh.ch/,
2022-02-21,,SH,,20648,12,1,,,107,https://coviddashboard.sh.ch/,
2022-02-22,,SH,,20880,12,1,,,108,https://coviddashboard.sh.ch/,
2022-02-23,,SH,,21144,8,1,,,109,https://coviddashboard.sh.ch/,
2022-02-24,,SH,,21431,7,1,,,109,https://coviddashboard.sh.ch/,
2022-02-25,,SH,,21749,,,,,109,https://coviddashboard.sh.ch/,
2022-02-26,,SH,,21971,,,,,109,https://coviddashboard.sh.ch/,
2022-02-27,,SH,,22195,11,3,,,109,https://coviddashboard.sh.ch/,
