date,time,abbreviation_canton_and_fl,ncumul_tested,ncumul_conf,ncumul_hosp,ncumul_ICU,ncumul_vent,ncumul_released,ncumul_deceased,source
2020-02-27,,LU,,1,,,,,,https://www.lustat.ch/files_ftp/daten/covid/web/w142_200t_kt0003_zz_d_0000.xlsx
2020-02-29,,LU,,2,,,,,,https://www.lustat.ch/files_ftp/daten/covid/web/w142_200t_kt0003_zz_d_0000.xlsx
2020-03-01,,LU,,3,,,,,,https://www.lustat.ch/files_ftp/daten/covid/web/w142_200t_kt0003_zz_d_0000.xlsx
2020-03-02,,LU,,4,,,,,,https://www.lustat.ch/files_ftp/daten/covid/web/w142_200t_kt0003_zz_d_0000.xlsx
2020-03-04,18:00,LU,,5,,,,,,https://www.lustat.ch/files_ftp/daten/covid/web/w142_200t_kt0003_zz_d_0000.xlsx
2020-03-05,,LU,,6,,,,,,https://www.lustat.ch/files_ftp/daten/covid/web/w142_200t_kt0003_zz_d_0000.xlsx
2020-03-06,,LU,,7,,,,,,https://www.lustat.ch/files_ftp/daten/covid/web/w142_200t_kt0003_zz_d_0000.xlsx
2020-03-07,,LU,,8,,,,,,https://www.lustat.ch/files_ftp/daten/covid/web/w142_200t_kt0003_zz_d_0000.xlsx
2020-03-09,,LU,,10,,,,,,https://www.lustat.ch/files_ftp/daten/covid/web/w142_200t_kt0003_zz_d_0000.xlsx
2020-03-10,,LU,,11,,,,,,https://www.lustat.ch/files_ftp/daten/covid/web/w142_200t_kt0003_zz_d_0000.xlsx
2020-03-11,,LU,,12,,,,,,https://www.lustat.ch/files_ftp/daten/covid/web/w142_200t_kt0003_zz_d_0000.xlsx
2020-03-12,,LU,,16,,,,,,https://www.lustat.ch/files_ftp/daten/covid/web/w142_200t_kt0003_zz_d_0000.xlsx
2020-03-13,,LU,,21,,,,,,https://www.lustat.ch/files_ftp/daten/covid/web/w142_200t_kt0003_zz_d_0000.xlsx
2020-03-14,,LU,,23,,,,,,https://www.lustat.ch/files_ftp/daten/covid/web/w142_200t_kt0003_zz_d_0000.xlsx
2020-03-15,,LU,,29,,,,,,https://www.lustat.ch/files_ftp/daten/covid/web/w142_200t_kt0003_zz_d_0000.xlsx
2020-03-16,,LU,,37,,,,,,https://www.lustat.ch/files_ftp/daten/covid/web/w142_200t_kt0003_zz_d_0000.xlsx
2020-03-17,,LU,,50,,,,,,https://www.lustat.ch/files_ftp/daten/covid/web/w142_200t_kt0003_zz_d_0000.xlsx
2020-03-18,16:00,LU,,65,,,,,,https://www.lustat.ch/files_ftp/daten/covid/web/w142_200t_kt0003_zz_d_0000.xlsx
2020-03-19,,LU,,79,,,,,,https://www.lustat.ch/files_ftp/daten/covid/web/w142_200t_kt0003_zz_d_0000.xlsx
2020-03-20,09:40,LU,,99,,,,,,https://www.lustat.ch/files_ftp/daten/covid/web/w142_200t_kt0003_zz_d_0000.xlsx
2020-03-21,11:00,LU,,122,,,,,1,https://www.lustat.ch/files_ftp/daten/covid/web/w142_200t_kt0003_zz_d_0000.xlsx
2020-03-22,11:00,LU,,141,,,,,1,https://www.lustat.ch/files_ftp/daten/covid/web/w142_200t_kt0003_zz_d_0000.xlsx
2020-03-23,11:00,LU,,183,,,,,1,https://www.lustat.ch/files_ftp/daten/covid/web/w142_200t_kt0003_zz_d_0000.xlsx
2020-03-24,11:00,LU,,216,,,,,2,https://www.lustat.ch/files_ftp/daten/covid/web/w142_200t_kt0003_zz_d_0000.xlsx
2020-03-25,11:00,LU,,238,,,,,3,https://www.lustat.ch/files_ftp/daten/covid/web/w142_200t_kt0003_zz_d_0000.xlsx
2020-03-26,11:00,LU,,257,,,,,3,https://www.lustat.ch/files_ftp/daten/covid/web/w142_200t_kt0003_zz_d_0000.xlsx
2020-03-27,11:00,LU,,321,,,,,3,https://www.lustat.ch/files_ftp/daten/covid/web/w142_200t_kt0003_zz_d_0000.xlsx
2020-03-28,11:00,LU,,338,,,,,5,https://www.lustat.ch/files_ftp/daten/covid/web/w142_200t_kt0003_zz_d_0000.xlsx
2020-03-29,11:00,LU,,351,,,,,6,https://www.lustat.ch/files_ftp/daten/covid/web/w142_200t_kt0003_zz_d_0000.xlsx
2020-03-30,11:00,LU,,373,,,,,7,https://www.lustat.ch/files_ftp/daten/covid/web/w142_200t_kt0003_zz_d_0000.xlsx
2020-03-31,11:00,LU,,385,,,,,7,https://www.lustat.ch/files_ftp/daten/covid/web/w142_200t_kt0003_zz_d_0000.xlsx
2020-04-01,11:00,LU,,410,57,12,,,7,https://www.lustat.ch/files_ftp/daten/covid/web/w142_200t_kt0003_zz_d_0000.xlsx
2020-04-02,11:00,LU,,432,66,11,,,7,https://www.lustat.ch/files_ftp/daten/covid/web/w142_200t_kt0003_zz_d_0000.xlsx
2020-04-03,11:00,LU,,452,49,12,,,7,https://www.lustat.ch/files_ftp/daten/covid/web/w142_200t_kt0003_zz_d_0000.xlsx
2020-04-04,11:00,LU,,472,49,12,,,9,https://www.lustat.ch/files_ftp/daten/covid/web/w142_200t_kt0003_zz_d_0000.xlsx
2020-04-05,11:00,LU,,481,27,12,7,,9,https://www.lustat.ch/files_ftp/daten/covid/web/w142_200t_kt0003_zz_d_0000.xlsx
2020-04-06,11:00,LU,,496,28,6,6,,9,https://www.lustat.ch/files_ftp/daten/covid/web/w142_200t_kt0003_zz_d_0000.xlsx
2020-04-07,11:00,LU,,504,27,6,6,,9,https://www.lustat.ch/files_ftp/daten/covid/web/w142_200t_kt0003_zz_d_0000.xlsx
2020-04-08,11:00,LU,,515,28,,6,,9,https://www.lustat.ch/files_ftp/daten/covid/web/w142_200t_kt0003_zz_d_0000.xlsx
2020-04-09,13:00,LU,,527,23,6,6,,9,https://www.lustat.ch/files_ftp/daten/covid/web/w142_200t_kt0003_zz_d_0000.xlsx
2020-04-10,13:00,LU,,551,22,6,6,,11,https://www.lustat.ch/files_ftp/daten/covid/web/w142_200t_kt0003_zz_d_0000.xlsx
2020-04-11,11:00,LU,,560,21,,5,,12,https://www.lustat.ch/files_ftp/daten/covid/web/w142_200t_kt0003_zz_d_0000.xlsx
2020-04-12,11:00,LU,,563,20,5,5,,12,https://www.lustat.ch/files_ftp/daten/covid/web/w142_200t_kt0003_zz_d_0000.xlsx
2020-04-13,11:00,LU,,569,23,5,5,,13,https://www.lustat.ch/files_ftp/daten/covid/web/w142_200t_kt0003_zz_d_0000.xlsx
2020-04-14,11:00,LU,,577,25,4,4,,14,https://www.lustat.ch/files_ftp/daten/covid/web/w142_200t_kt0003_zz_d_0000.xlsx
2020-04-15,11:00,LU,,583,26,4,4,,14,https://www.lustat.ch/files_ftp/daten/covid/web/w142_200t_kt0003_zz_d_0000.xlsx
2020-04-16,12:30,LU,,588,23,3,3,,15,https://www.lustat.ch/files_ftp/daten/covid/web/w142_200t_kt0003_zz_d_0000.xlsx
2020-04-17,11:00,LU,,600,23,3,4,,16,https://www.lustat.ch/files_ftp/daten/covid/web/w142_200t_kt0003_zz_d_0000.xlsx
2020-04-18,12:30,LU,,610,21,4,4,,16,https://www.lustat.ch/files_ftp/daten/covid/web/w142_200t_kt0003_zz_d_0000.xlsx
2020-04-19,11:00,LU,,617,21,4,4,,16,https://www.lustat.ch/files_ftp/daten/covid/web/w142_200t_kt0003_zz_d_0000.xlsx
2020-04-20,11:00,LU,,621,19,5,5,,16,https://www.lustat.ch/files_ftp/daten/covid/web/w142_200t_kt0003_zz_d_0000.xlsx
2020-04-21,12:00,LU,,629,20,5,6,,16,https://www.lustat.ch/files_ftp/daten/covid/web/w142_200t_kt0003_zz_d_0000.xlsx
2020-04-22,11:00,LU,,637,19,,5,,16,https://www.lustat.ch/files_ftp/daten/covid/web/w142_200t_kt0003_zz_d_0000.xlsx
2020-04-23,11:00,LU,,641,18,7,5,,17,https://www.lustat.ch/files_ftp/daten/covid/web/w142_200t_kt0003_zz_d_0000.xlsx
2020-04-24,11:00,LU,,646,22,,7,,17,https://www.lustat.ch/files_ftp/daten/covid/web/w142_200t_kt0003_zz_d_0000.xlsx
2020-04-25,12:00,LU,,654,20,8,8,,17,https://www.lustat.ch/files_ftp/daten/covid/web/w142_200t_kt0003_zz_d_0000.xlsx
2020-04-26,12:00,LU,,655,21,7,7,,18,https://www.lustat.ch/files_ftp/daten/covid/web/w142_200t_kt0003_zz_d_0000.xlsx
2020-04-27,12:00,LU,,660,21,7,7,,18,https://www.lustat.ch/files_ftp/daten/covid/web/w142_200t_kt0003_zz_d_0000.xlsx
2020-04-28,,LU,,665,17,7,7,,18,https://www.lustat.ch/files_ftp/daten/covid/web/w142_200t_kt0003_zz_d_0000.xlsx
2020-04-29,,LU,,673,16,8,8,,18,https://www.lustat.ch/files_ftp/daten/covid/web/w142_200t_kt0003_zz_d_0000.xlsx
2020-04-30,,LU,,684,16,8,8,,18,https://www.lustat.ch/files_ftp/daten/covid/web/w142_200t_kt0003_zz_d_0000.xlsx
2020-05-01,,LU,,688,17,8,8,,19,https://www.lustat.ch/files_ftp/daten/covid/web/w142_200t_kt0003_zz_d_0000.xlsx
2020-05-02,,LU,,689,19,8,7,,19,https://www.lustat.ch/files_ftp/daten/covid/web/w142_200t_kt0003_zz_d_0000.xlsx
2020-05-03,,LU,,,19,7,7,,20,https://www.lustat.ch/files_ftp/daten/covid/web/w142_200t_kt0003_zz_d_0000.xlsx
2020-05-04,,LU,,691,15,6,6,,20,https://www.lustat.ch/files_ftp/daten/covid/web/w142_200t_kt0003_zz_d_0000.xlsx
2020-05-05,,LU,,,16,6,6,,20,https://www.lustat.ch/files_ftp/daten/covid/web/w142_200t_kt0003_zz_d_0000.xlsx
2020-05-06,,LU,,,16,6,6,,20,https://www.lustat.ch/files_ftp/daten/covid/web/w142_200t_kt0003_zz_d_0000.xlsx
2020-05-07,,LU,,694,16,6,6,,20,https://www.lustat.ch/files_ftp/daten/covid/web/w142_200t_kt0003_zz_d_0000.xlsx
2020-05-08,,LU,,695,14,6,6,,20,https://www.lustat.ch/files_ftp/daten/covid/web/w142_200t_kt0003_zz_d_0000.xlsx
2020-05-09,,LU,,,14,,6,,20,https://www.lustat.ch/files_ftp/daten/covid/web/w142_200t_kt0003_zz_d_0000.xlsx
2020-05-10,,LU,,,14,,6,,20,https://www.lustat.ch/files_ftp/daten/covid/web/w142_200t_kt0003_zz_d_0000.xlsx
2020-05-11,,LU,,696,12,5,5,,20,https://www.lustat.ch/files_ftp/daten/covid/web/w142_200t_kt0003_zz_d_0000.xlsx
2020-05-12,,LU,,697,12,5,4,,20,https://www.lustat.ch/files_ftp/daten/covid/web/w142_200t_kt0003_zz_d_0000.xlsx
2020-05-13,,LU,,,12,4,4,,20,https://www.lustat.ch/files_ftp/daten/covid/web/w142_200t_kt0003_zz_d_0000.xlsx
2020-05-14,,LU,,699,11,4,4,,20,https://www.lustat.ch/files_ftp/daten/covid/web/w142_200t_kt0003_zz_d_0000.xlsx
2020-05-15,,LU,,703,11,4,4,,20,https://www.lustat.ch/files_ftp/daten/covid/web/w142_200t_kt0003_zz_d_0000.xlsx
2020-05-16,,LU,,706,11,,4,,20,https://www.lustat.ch/files_ftp/daten/covid/web/w142_200t_kt0003_zz_d_0000.xlsx
2020-05-17,,LU,,707,11,,4,,20,https://www.lustat.ch/files_ftp/daten/covid/web/w142_200t_kt0003_zz_d_0000.xlsx
2020-05-18,,LU,,709,10,4,4,,20,https://www.lustat.ch/files_ftp/daten/covid/web/w142_200t_kt0003_zz_d_0000.xlsx
2020-05-19,,LU,,713,9,4,4,,20,https://www.lustat.ch/files_ftp/daten/covid/web/w142_200t_kt0003_zz_d_0000.xlsx
2020-05-20,,LU,,716,7,3,3,,20,https://www.lustat.ch/files_ftp/daten/covid/web/w142_200t_kt0003_zz_d_0000.xlsx
2020-05-22,,LU,,,8,,3,,20,https://www.lustat.ch/files_ftp/daten/covid/web/w142_200t_kt0003_zz_d_0000.xlsx
2020-05-25,,LU,,717,7,4,4,,20,https://www.lustat.ch/files_ftp/daten/covid/web/w142_200t_kt0003_zz_d_0000.xlsx
2020-05-27,,LU,,,8,4,4,,20,https://www.lustat.ch/files_ftp/daten/covid/web/w142_200t_kt0003_zz_d_0000.xlsx
2020-05-28,,LU,,718,,,,,20,https://www.lustat.ch/files_ftp/daten/covid/web/w142_200t_kt0003_zz_d_0000.xlsx
2020-05-29,,LU,,,8,5,5,,20,https://www.lustat.ch/files_ftp/daten/covid/web/w142_200t_kt0003_zz_d_0000.xlsx
2020-06-03,,LU,,,8,5,5,,20,https://www.lustat.ch/files_ftp/daten/covid/web/w142_200t_kt0003_zz_d_0000.xlsx
2020-06-04,,LU,,,8,,5,,20,https://www.lustat.ch/files_ftp/daten/covid/web/w142_200t_kt0003_zz_d_0000.xlsx
2020-06-05,,LU,,,8,,5,,20,https://www.lustat.ch/files_ftp/daten/covid/web/w142_200t_kt0003_zz_d_0000.xlsx
2020-06-06,,LU,,719,,,,,20,https://www.lustat.ch/files_ftp/daten/covid/web/w142_200t_kt0003_zz_d_0000.xlsx
2020-06-08,,LU,,,6,3,3,,20,https://www.lustat.ch/files_ftp/daten/covid/web/w142_200t_kt0003_zz_d_0000.xlsx
2020-06-09,,LU,,,6,,3,,20,https://www.lustat.ch/files_ftp/daten/covid/web/w142_200t_kt0003_zz_d_0000.xlsx
2020-06-10,,LU,,,5,2,2,,20,https://www.lustat.ch/files_ftp/daten/covid/web/w142_200t_kt0003_zz_d_0000.xlsx
2020-06-12,,LU,,,5,,2,,20,https://www.lustat.ch/files_ftp/daten/covid/web/w142_200t_kt0003_zz_d_0000.xlsx
2020-06-13,,LU,,720,,,,,20,https://www.lustat.ch/files_ftp/daten/covid/web/w142_200t_kt0003_zz_d_0000.xlsx
2020-06-14,,LU,,721,8,2,,,20,https://www.lustat.ch/files_ftp/daten/covid/web/w142_200t_kt0003_zz_d_0000.xlsx
2020-06-15,,LU,,,4,,2,,20,https://www.lustat.ch/files_ftp/daten/covid/web/w142_200t_kt0003_zz_d_0000.xlsx
2020-06-16,,LU,,723,6,,2,,20,https://www.lustat.ch/files_ftp/daten/covid/web/w142_200t_kt0003_zz_d_0000.xlsx
2020-06-17,,LU,,,7,2,2,,20,https://www.lustat.ch/files_ftp/daten/covid/web/w142_200t_kt0003_zz_d_0000.xlsx
2020-06-18,,LU,,724,7,2,2,,20,https://www.lustat.ch/files_ftp/daten/covid/web/w142_200t_kt0003_zz_d_0000.xlsx
2020-06-19,,LU,,,6,2,2,,20,https://www.lustat.ch/files_ftp/daten/covid/web/w142_200t_kt0003_zz_d_0000.xlsx
2020-06-20,,LU,,727,,,,,20,https://www.lustat.ch/files_ftp/daten/covid/web/w142_200t_kt0003_zz_d_0000.xlsx
2020-06-21,,LU,,728,,,,,20,https://www.lustat.ch/files_ftp/daten/covid/web/w142_200t_kt0003_zz_d_0000.xlsx
2020-06-22,,LU,,,6,2,2,,20,https://www.lustat.ch/files_ftp/daten/covid/web/w142_200t_kt0003_zz_d_0000.xlsx
2020-06-23,,LU,,729,6,,2,,20,https://www.lustat.ch/files_ftp/daten/covid/web/w142_200t_kt0003_zz_d_0000.xlsx
2020-06-24,,LU,,730,6,1,1,,20,https://www.lustat.ch/files_ftp/daten/covid/web/w142_200t_kt0003_zz_d_0000.xlsx
2020-06-25,,LU,,732,6,1,1,,20,https://www.lustat.ch/files_ftp/daten/covid/web/w142_200t_kt0003_zz_d_0000.xlsx
2020-06-26,,LU,,,6,,1,,20,https://www.lustat.ch/files_ftp/daten/covid/web/w142_200t_kt0003_zz_d_0000.xlsx
2020-06-27,,LU,,735,,,,,20,https://www.lustat.ch/files_ftp/daten/covid/web/w142_200t_kt0003_zz_d_0000.xlsx
2020-06-28,,LU,,736,,,,,20,https://www.lustat.ch/files_ftp/daten/covid/web/w142_200t_kt0003_zz_d_0000.xlsx
2020-06-29,,LU,,741,6,1,1,,20,https://www.lustat.ch/files_ftp/daten/covid/web/w142_200t_kt0003_zz_d_0000.xlsx
2020-06-30,,LU,,745,6,,1,,20,https://www.lustat.ch/files_ftp/daten/covid/web/w142_200t_kt0003_zz_d_0000.xlsx
2020-07-01,,LU,,,5,2,2,,20,https://www.lustat.ch/files_ftp/daten/covid/web/w142_200t_kt0003_zz_d_0000.xlsx
2020-07-02,,LU,,,5,2,2,,20,https://www.lustat.ch/files_ftp/daten/covid/web/w142_200t_kt0003_zz_d_0000.xlsx
2020-07-03,,LU,,752,5,2,2,,20,https://www.lustat.ch/files_ftp/daten/covid/web/w142_200t_kt0003_zz_d_0000.xlsx
2020-07-04,,LU,,753,,,,,20,https://www.lustat.ch/files_ftp/daten/covid/web/w142_200t_kt0003_zz_d_0000.xlsx
2020-07-06,,LU,,754,6,2,2,,20,https://www.lustat.ch/files_ftp/daten/covid/web/w142_200t_kt0003_zz_d_0000.xlsx
2020-07-07,,LU,,757,6,,2,,20,https://www.lustat.ch/files_ftp/daten/covid/web/w142_200t_kt0003_zz_d_0000.xlsx
2020-07-08,,LU,,759,4,2,2,,20,https://www.lustat.ch/files_ftp/daten/covid/web/w142_200t_kt0003_zz_d_0000.xlsx
2020-07-09,,LU,,763,4,,2,,20,https://www.lustat.ch/files_ftp/daten/covid/web/w142_200t_kt0003_zz_d_0000.xlsx
2020-07-10,,LU,,768,4,2,2,,20,https://www.lustat.ch/files_ftp/daten/covid/web/w142_200t_kt0003_zz_d_0000.xlsx
2020-07-11,,LU,,770,,,,,20,https://www.lustat.ch/files_ftp/daten/covid/web/w142_200t_kt0003_zz_d_0000.xlsx
2020-07-12,,LU,,775,,,,,20,https://www.lustat.ch/files_ftp/daten/covid/web/w142_200t_kt0003_zz_d_0000.xlsx
2020-07-13,,LU,,778,3,2,2,,20,https://www.lustat.ch/files_ftp/daten/covid/web/w142_200t_kt0003_zz_d_0000.xlsx
2020-07-14,,LU,,784,4,3,3,,20,https://www.lustat.ch/files_ftp/daten/covid/web/w142_200t_kt0003_zz_d_0000.xlsx
2020-07-15,,LU,,789,5,4,4,,20,https://www.lustat.ch/files_ftp/daten/covid/web/w142_200t_kt0003_zz_d_0000.xlsx
2020-07-16,,LU,,792,6,4,4,,20,https://www.lustat.ch/files_ftp/daten/covid/web/w142_200t_kt0003_zz_d_0000.xlsx
2020-07-17,,LU,,796,7,4,4,,20,https://www.lustat.ch/files_ftp/daten/covid/web/w142_200t_kt0003_zz_d_0000.xlsx
2020-07-18,,LU,,797,7,4,,,20,https://www.lustat.ch/files_ftp/daten/covid/web/w142_200t_kt0003_zz_d_0000.xlsx
2020-07-19,,LU,,,7,,4,,20,https://www.lustat.ch/files_ftp/daten/covid/web/w142_200t_kt0003_zz_d_0000.xlsx
2020-07-20,,LU,,,7,4,4,,20,https://www.lustat.ch/files_ftp/daten/covid/web/w142_200t_kt0003_zz_d_0000.xlsx
2020-07-21,,LU,,803,7,4,4,,20,https://www.lustat.ch/files_ftp/daten/covid/web/w142_200t_kt0003_zz_d_0000.xlsx
2020-07-22,,LU,,811,7,3,3,,20,https://www.lustat.ch/files_ftp/daten/covid/web/w142_200t_kt0003_zz_d_0000.xlsx
2020-07-23,,LU,,815,5,3,3,,20,https://www.lustat.ch/files_ftp/daten/covid/web/w142_200t_kt0003_zz_d_0000.xlsx
2020-07-24,,LU,,819,6,3,3,,20,https://www.lustat.ch/files_ftp/daten/covid/web/w142_200t_kt0003_zz_d_0000.xlsx
2020-07-25,,LU,,821,,,,,20,https://www.lustat.ch/files_ftp/daten/covid/web/w142_200t_kt0003_zz_d_0000.xlsx
2020-07-26,,LU,,,6,3,3,,20,https://www.lustat.ch/files_ftp/daten/covid/web/w142_200t_kt0003_zz_d_0000.xlsx
2020-07-27,,LU,,823,6,3,3,,20,https://www.lustat.ch/files_ftp/daten/covid/web/w142_200t_kt0003_zz_d_0000.xlsx
2020-07-28,,LU,,831,6,4,4,,20,https://www.lustat.ch/files_ftp/daten/covid/web/w142_200t_kt0003_zz_d_0000.xlsx
2020-07-29,,LU,,838,8,3,3,,20,https://www.lustat.ch/files_ftp/daten/covid/web/w142_200t_kt0003_zz_d_0000.xlsx
2020-07-30,,LU,,850,9,5,5,,20,https://www.lustat.ch/files_ftp/daten/covid/web/w142_200t_kt0003_zz_d_0000.xlsx
2020-07-31,,LU,,857,12,5,5,,20,https://www.lustat.ch/files_ftp/daten/covid/web/w142_200t_kt0003_zz_d_0000.xlsx
2020-08-01,,LU,,859,13,8,,,20,https://www.lustat.ch/files_ftp/daten/covid/web/w142_200t_kt0003_zz_d_0000.xlsx
2020-08-02,,LU,,863,,,,,20,https://www.lustat.ch/files_ftp/daten/covid/web/w142_200t_kt0003_zz_d_0000.xlsx
2020-08-03,,LU,,869,13,8,8,,20,https://www.lustat.ch/files_ftp/daten/covid/web/w142_200t_kt0003_zz_d_0000.xlsx
2020-08-04,,LU,,875,14,5,5,,20,https://www.lustat.ch/files_ftp/daten/covid/web/w142_200t_kt0003_zz_d_0000.xlsx
2020-08-05,,LU,,889,14,5,5,,21,https://www.lustat.ch/files_ftp/daten/covid/web/w142_200t_kt0003_zz_d_0000.xlsx
2020-08-06,,LU,,895,13,5,5,,21,https://www.lustat.ch/files_ftp/daten/covid/web/w142_200t_kt0003_zz_d_0000.xlsx
2020-08-07,,LU,,903,12,4,4,,21,https://www.lustat.ch/files_ftp/daten/covid/web/w142_200t_kt0003_zz_d_0000.xlsx
2020-08-08,,LU,,905,11,3,,,21,https://www.lustat.ch/files_ftp/daten/covid/web/w142_200t_kt0003_zz_d_0000.xlsx
2020-08-09,,LU,,906,,,,,21,https://www.lustat.ch/files_ftp/daten/covid/web/w142_200t_kt0003_zz_d_0000.xlsx
2020-08-10,,LU,,910,10,3,3,,21,https://www.lustat.ch/files_ftp/daten/covid/web/w142_200t_kt0003_zz_d_0000.xlsx
2020-08-11,,LU,,921,8,3,3,,21,https://www.lustat.ch/files_ftp/daten/covid/web/w142_200t_kt0003_zz_d_0000.xlsx
2020-08-12,,LU,,933,9,4,4,,21,https://www.lustat.ch/files_ftp/daten/covid/web/w142_200t_kt0003_zz_d_0000.xlsx
2020-08-13,,LU,,948,10,4,4,,21,https://www.lustat.ch/files_ftp/daten/covid/web/w142_200t_kt0003_zz_d_0000.xlsx
2020-08-14,,LU,,958,10,4,4,,21,https://www.lustat.ch/files_ftp/daten/covid/web/w142_200t_kt0003_zz_d_0000.xlsx
2020-08-15,,LU,,964,,,,,21,https://www.lustat.ch/files_ftp/daten/covid/web/w142_200t_kt0003_zz_d_0000.xlsx
2020-08-16,,LU,,965,,,,,21,https://www.lustat.ch/files_ftp/daten/covid/web/w142_200t_kt0003_zz_d_0000.xlsx
2020-08-17,,LU,,966,8,4,4,,21,https://www.lustat.ch/files_ftp/daten/covid/web/w142_200t_kt0003_zz_d_0000.xlsx
2020-08-18,,LU,,971,8,4,4,,21,https://www.lustat.ch/files_ftp/daten/covid/web/w142_200t_kt0003_zz_d_0000.xlsx
2020-08-19,,LU,,977,8,4,4,,21,https://www.lustat.ch/files_ftp/daten/covid/web/w142_200t_kt0003_zz_d_0000.xlsx
2020-08-20,,LU,,981,7,4,4,,21,https://www.lustat.ch/files_ftp/daten/covid/web/w142_200t_kt0003_zz_d_0000.xlsx
2020-08-21,,LU,,985,8,3,3,,21,https://www.lustat.ch/files_ftp/daten/covid/web/w142_200t_kt0003_zz_d_0000.xlsx
2020-08-22,,LU,,991,,,,,21,https://www.lustat.ch/files_ftp/daten/covid/web/w142_200t_kt0003_zz_d_0000.xlsx
2020-08-23,,LU,,993,,,,,21,https://www.lustat.ch/files_ftp/daten/covid/web/w142_200t_kt0003_zz_d_0000.xlsx
2020-08-24,,LU,,995,8,3,3,,21,https://www.lustat.ch/files_ftp/daten/covid/web/w142_200t_kt0003_zz_d_0000.xlsx
2020-08-25,,LU,,1001,9,3,3,,21,https://www.lustat.ch/files_ftp/daten/covid/web/w142_200t_kt0003_zz_d_0000.xlsx
2020-08-26,,LU,,1013,9,3,3,,21,https://www.lustat.ch/files_ftp/daten/covid/web/w142_200t_kt0003_zz_d_0000.xlsx
2020-08-27,,LU,,1018,10,3,3,,21,https://www.lustat.ch/files_ftp/daten/covid/web/w142_200t_kt0003_zz_d_0000.xlsx
2020-08-28,,LU,,1032,10,3,3,,21,https://www.lustat.ch/files_ftp/daten/covid/web/w142_200t_kt0003_zz_d_0000.xlsx
2020-08-29,,LU,,1039,,,,,21,https://www.lustat.ch/files_ftp/daten/covid/web/w142_200t_kt0003_zz_d_0000.xlsx
2020-08-30,,LU,,1040,,,,,21,https://www.lustat.ch/files_ftp/daten/covid/web/w142_200t_kt0003_zz_d_0000.xlsx
2020-08-31,,LU,,1045,10,4,4,,21,https://www.lustat.ch/files_ftp/daten/covid/web/w142_200t_kt0003_zz_d_0000.xlsx
2020-09-01,,LU,,1048,10,3,3,,21,https://www.lustat.ch/files_ftp/daten/covid/web/w142_200t_kt0003_zz_d_0000.xlsx
2020-09-02,,LU,,1056,8,1,1,,21,https://www.lustat.ch/files_ftp/daten/covid/web/w142_200t_kt0003_zz_d_0000.xlsx
2020-09-03,,LU,,1061,7,1,1,,21,https://www.lustat.ch/files_ftp/daten/covid/web/w142_200t_kt0003_zz_d_0000.xlsx
2020-09-04,,LU,,1065,8,1,1,,21,https://www.lustat.ch/files_ftp/daten/covid/web/w142_200t_kt0003_zz_d_0000.xlsx
2020-09-05,,LU,,1069,,,,,21,https://www.lustat.ch/files_ftp/daten/covid/web/w142_200t_kt0003_zz_d_0000.xlsx
2020-09-06,,LU,,1072,,,,,21,https://www.lustat.ch/files_ftp/daten/covid/web/w142_200t_kt0003_zz_d_0000.xlsx
2020-09-07,,LU,,1073,8,2,2,,21,https://www.lustat.ch/files_ftp/daten/covid/web/w142_200t_kt0003_zz_d_0000.xlsx
2020-09-08,,LU,,1078,6,1,1,,21,https://www.lustat.ch/files_ftp/daten/covid/web/w142_200t_kt0003_zz_d_0000.xlsx
2020-09-09,,LU,,1083,6,1,1,,21,https://www.lustat.ch/files_ftp/daten/covid/web/w142_200t_kt0003_zz_d_0000.xlsx
2020-09-10,,LU,,1094,6,1,1,,21,https://www.lustat.ch/files_ftp/daten/covid/web/w142_200t_kt0003_zz_d_0000.xlsx
2020-09-11,,LU,,1098,6,1,1,,22,https://www.lustat.ch/files_ftp/daten/covid/web/w142_200t_kt0003_zz_d_0000.xlsx
2020-09-12,,LU,,1102,,,,,23,https://www.lustat.ch/files_ftp/daten/covid/web/w142_200t_kt0003_zz_d_0000.xlsx
2020-09-13,,LU,,1104,,,,,23,https://www.lustat.ch/files_ftp/daten/covid/web/w142_200t_kt0003_zz_d_0000.xlsx
2020-09-14,,LU,,1111,7,0,0,,23,https://www.lustat.ch/files_ftp/daten/covid/web/w142_200t_kt0003_zz_d_0000.xlsx
2020-09-15,,LU,,1119,5,0,0,,23,https://www.lustat.ch/files_ftp/daten/covid/web/w142_200t_kt0003_zz_d_0000.xlsx
2020-09-16,,LU,,1125,6,0,0,,23,https://www.lustat.ch/files_ftp/daten/covid/web/w142_200t_kt0003_zz_d_0000.xlsx
2020-09-17,,LU,,1138,6,0,0,,23,https://www.lustat.ch/files_ftp/daten/covid/web/w142_200t_kt0003_zz_d_0000.xlsx
2020-09-18,,LU,,1148,6,0,0,,23,https://www.lustat.ch/files_ftp/daten/covid/web/w142_200t_kt0003_zz_d_0000.xlsx
2020-09-19,,LU,,1156,,,,,23,https://www.lustat.ch/files_ftp/daten/covid/web/w142_200t_kt0003_zz_d_0000.xlsx
2020-09-20,,LU,,1161,,,,,23,https://www.lustat.ch/files_ftp/daten/covid/web/w142_200t_kt0003_zz_d_0000.xlsx
2020-09-21,,LU,,1167,6,0,0,,23,https://www.lustat.ch/files_ftp/daten/covid/web/w142_200t_kt0003_zz_d_0000.xlsx
2020-09-22,,LU,,1172,7,0,0,,23,https://www.lustat.ch/files_ftp/daten/covid/web/w142_200t_kt0003_zz_d_0000.xlsx
2020-09-23,,LU,,1177,7,0,0,,23,https://www.lustat.ch/files_ftp/daten/covid/web/w142_200t_kt0003_zz_d_0000.xlsx
2020-09-24,,LU,,1180,8,1,1,,23,https://www.lustat.ch/files_ftp/daten/covid/web/w142_200t_kt0003_zz_d_0000.xlsx
2020-09-25,,LU,,1185,8,1,1,,23,https://www.lustat.ch/files_ftp/daten/covid/web/w142_200t_kt0003_zz_d_0000.xlsx
2020-09-26,,LU,,1195,,,,,24,https://www.lustat.ch/files_ftp/daten/covid/web/w142_200t_kt0003_zz_d_0000.xlsx
2020-09-28,,LU,,1201,8,0,0,,24,https://www.lustat.ch/files_ftp/daten/covid/web/w142_200t_kt0003_zz_d_0000.xlsx
2020-09-29,,LU,,1205,6,0,0,,24,https://www.lustat.ch/files_ftp/daten/covid/web/w142_200t_kt0003_zz_d_0000.xlsx
2020-09-30,,LU,,1219,5,0,0,,24,https://www.lustat.ch/files_ftp/daten/covid/web/w142_200t_kt0003_zz_d_0000.xlsx
2020-10-01,,LU,,1228,6,1,1,,24,https://www.lustat.ch/files_ftp/daten/covid/web/w142_200t_kt0003_zz_d_0000.xlsx
2020-10-02,,LU,,1238,,,,,24,https://www.lustat.ch/files_ftp/daten/covid/web/w142_200t_kt0003_zz_d_0000.xlsx
2020-10-03,,LU,,1248,,,,,24,https://www.lustat.ch/files_ftp/daten/covid/web/w142_200t_kt0003_zz_d_0000.xlsx
2020-10-04,,LU,,1253,,,,,24,https://www.lustat.ch/files_ftp/daten/covid/web/w142_200t_kt0003_zz_d_0000.xlsx
2020-10-05,,LU,,1265,6,1,1,,24,https://www.lustat.ch/files_ftp/daten/covid/web/w142_200t_kt0003_zz_d_0000.xlsx
2020-10-06,,LU,,1284,6,1,1,,24,https://www.lustat.ch/files_ftp/daten/covid/web/w142_200t_kt0003_zz_d_0000.xlsx
2020-10-07,,LU,,1320,5,1,1,,24,https://www.lustat.ch/files_ftp/daten/covid/web/w142_200t_kt0003_zz_d_0000.xlsx
2020-10-08,,LU,,1364,6,2,2,,24,https://www.lustat.ch/files_ftp/daten/covid/web/w142_200t_kt0003_zz_d_0000.xlsx
2020-10-09,,LU,,1423,7,2,2,,24,https://www.lustat.ch/files_ftp/daten/covid/web/w142_200t_kt0003_zz_d_0000.xlsx
2020-10-10,,LU,,1476,,,,,24,https://www.lustat.ch/files_ftp/daten/covid/web/w142_200t_kt0003_zz_d_0000.xlsx
2020-10-11,,LU,,1498,,,,,24,https://www.lustat.ch/files_ftp/daten/covid/web/w142_200t_kt0003_zz_d_0000.xlsx
2020-10-12,,LU,,1549,12,2,2,,24,https://www.lustat.ch/files_ftp/daten/covid/web/w142_200t_kt0003_zz_d_0000.xlsx
2020-10-13,,LU,,1628,11,0,0,,24,https://www.lustat.ch/files_ftp/daten/covid/web/w142_200t_kt0003_zz_d_0000.xlsx
2020-10-14,,LU,,1722,13,0,0,,24,https://www.lustat.ch/files_ftp/daten/covid/web/w142_200t_kt0003_zz_d_0000.xlsx
2020-10-15,,LU,,1852,15,1,1,,24,https://www.lustat.ch/files_ftp/daten/covid/web/w142_200t_kt0003_zz_d_0000.xlsx
2020-10-16,,LU,,1967,13,1,1,,24,https://www.lustat.ch/files_ftp/daten/covid/web/w142_200t_kt0003_zz_d_0000.xlsx
2020-10-17,,LU,,2042,,,,,24,https://www.lustat.ch/files_ftp/daten/covid/web/w142_200t_kt0003_zz_d_0000.xlsx
2020-10-18,,LU,,2107,,,,,24,https://www.lustat.ch/files_ftp/daten/covid/web/w142_200t_kt0003_zz_d_0000.xlsx
2020-10-19,,LU,,2254,22,2,2,,25,https://www.lustat.ch/files_ftp/daten/covid/web/w142_200t_kt0003_zz_d_0000.xlsx
2020-10-20,,LU,,2420,25,3,3,,26,https://www.lustat.ch/files_ftp/daten/covid/web/w142_200t_kt0003_zz_d_0000.xlsx
2020-10-21,,LU,,2601,26,4,4,,26,https://www.lustat.ch/files_ftp/daten/covid/web/w142_200t_kt0003_zz_d_0000.xlsx
2020-10-22,,LU,,2793,31,4,4,,27,https://www.lustat.ch/files_ftp/daten/covid/web/w142_200t_kt0003_zz_d_0000.xlsx
2020-10-23,,LU,,3049,37,5,5,,28,https://www.lustat.ch/files_ftp/daten/covid/web/w142_200t_kt0003_zz_d_0000.xlsx
2020-10-24,,LU,,3241,,,,,29,https://www.lustat.ch/files_ftp/daten/covid/web/w142_200t_kt0003_zz_d_0000.xlsx
2020-10-25,,LU,,3329,,,,,29,https://www.lustat.ch/files_ftp/daten/covid/web/w142_200t_kt0003_zz_d_0000.xlsx
2020-10-26,,LU,,3571,52,7,7,,29,https://www.lustat.ch/files_ftp/daten/covid/web/w142_200t_kt0003_zz_d_0000.xlsx
2020-10-27,,LU,,3811,59,7,7,,31,https://www.lustat.ch/files_ftp/daten/covid/web/w142_200t_kt0003_zz_d_0000.xlsx
2020-10-28,,LU,,4121,65,7,7,,33,https://www.lustat.ch/files_ftp/daten/covid/web/w142_200t_kt0003_zz_d_0000.xlsx
2020-10-29,,LU,,4473,61,,10,,34,https://www.lustat.ch/files_ftp/daten/covid/web/w142_200t_kt0003_zz_d_0000.xlsx
2020-10-30,,LU,,4797,69,11,11,,35,https://www.lustat.ch/files_ftp/daten/covid/web/w142_200t_kt0003_zz_d_0000.xlsx
2020-10-31,,LU,,5066,,,,,37,https://www.lustat.ch/files_ftp/daten/covid/web/w142_200t_kt0003_zz_d_0000.xlsx
2020-11-01,,LU,,5205,,,,,39,https://www.lustat.ch/files_ftp/daten/covid/web/w142_200t_kt0003_zz_d_0000.xlsx
2020-11-02,,LU,,5363,97,13,10,,40,https://www.lustat.ch/files_ftp/daten/covid/web/w142_200t_kt0003_zz_d_0000.xlsx
2020-11-03,,LU,,5680,100,13,13,,43,https://www.lustat.ch/files_ftp/daten/covid/web/w142_200t_kt0003_zz_d_0000.xlsx
2020-11-04,,LU,,6006,94,15,15,,45,https://www.lustat.ch/files_ftp/daten/covid/web/w142_200t_kt0003_zz_d_0000.xlsx
2020-11-05,,LU,,6281,99,15,15,,47,https://www.lustat.ch/files_ftp/daten/covid/web/w142_200t_kt0003_zz_d_0000.xlsx
2020-11-06,,LU,,6503,102,,15,,47,https://www.lustat.ch/files_ftp/daten/covid/web/w142_200t_kt0003_zz_d_0000.xlsx
2020-11-07,,LU,,6694,,,,,49,https://www.lustat.ch/files_ftp/daten/covid/web/w142_200t_kt0003_zz_d_0000.xlsx
2020-11-08,,LU,,6796,98,14,,,52,https://www.lustat.ch/files_ftp/daten/covid/web/w142_200t_kt0003_zz_d_0000.xlsx
2020-11-09,,LU,,6957,92,15,15,,52,https://www.lustat.ch/files_ftp/daten/covid/web/w142_200t_kt0003_zz_d_0000.xlsx
2020-11-10,,LU,,7195,91,,13,,52,https://www.lustat.ch/files_ftp/daten/covid/web/w142_200t_kt0003_zz_d_0000.xlsx
2020-11-11,,LU,,7413,93,,15,,53,https://www.lustat.ch/files_ftp/daten/covid/web/w142_200t_kt0003_zz_d_0000.xlsx
2020-11-12,,LU,,7633,86,,16,,58,https://www.lustat.ch/files_ftp/daten/covid/web/w142_200t_kt0003_zz_d_0000.xlsx
2020-11-13,,LU,,7868,67,,14,,59,https://www.lustat.ch/files_ftp/daten/covid/web/w142_200t_kt0003_zz_d_0000.xlsx
2020-11-14,,LU,,8037,,,,,61,https://www.lustat.ch/files_ftp/daten/covid/web/w142_200t_kt0003_zz_d_0000.xlsx
2020-11-15,,LU,,8110,,,,,63,https://www.lustat.ch/files_ftp/daten/covid/web/w142_200t_kt0003_zz_d_0000.xlsx
2020-11-16,,LU,,8293,69,,17,,65,https://www.lustat.ch/files_ftp/daten/covid/web/w142_200t_kt0003_zz_d_0000.xlsx
2020-11-17,,LU,,8517,82,,16,,68,https://www.lustat.ch/files_ftp/daten/covid/web/w142_200t_kt0003_zz_d_0000.xlsx
2020-11-18,,LU,,8688,81,,16,,69,https://www.lustat.ch/files_ftp/daten/covid/web/w142_200t_kt0003_zz_d_0000.xlsx
2020-11-19,,LU,,8879,88,,16,,72,https://www.lustat.ch/files_ftp/daten/covid/web/w142_200t_kt0003_zz_d_0000.xlsx
2020-11-20,,LU,,9124,95,,17,,75,https://www.lustat.ch/files_ftp/daten/covid/web/w142_200t_kt0003_zz_d_0000.xlsx
2020-11-21,,LU,,9222,,,,,77,https://www.lustat.ch/files_ftp/daten/covid/web/w142_200t_kt0003_zz_d_0000.xlsx
2020-11-22,,LU,,9270,,,,,79,https://www.lustat.ch/files_ftp/daten/covid/web/w142_200t_kt0003_zz_d_0000.xlsx
2020-11-23,,LU,,9445,107,,12,,81,https://www.lustat.ch/files_ftp/daten/covid/web/w142_200t_kt0003_zz_d_0000.xlsx
2020-11-24,,LU,,9644,104,,13,,84,https://www.lustat.ch/files_ftp/daten/covid/web/w142_200t_kt0003_zz_d_0000.xlsx
2020-11-25,,LU,,9832,106,,14,,86,https://www.lustat.ch/files_ftp/daten/covid/web/w142_200t_kt0003_zz_d_0000.xlsx
2020-11-26,,LU,,10001,104,,13,,92,https://www.lustat.ch/files_ftp/daten/covid/web/w142_200t_kt0003_zz_d_0000.xlsx
2020-11-27,,LU,,10189,105,,12,,94,https://www.lustat.ch/files_ftp/daten/covid/web/w142_200t_kt0003_zz_d_0000.xlsx
2020-11-28,,LU,,10337,,,,,97,https://www.lustat.ch/files_ftp/daten/covid/web/w142_200t_kt0003_zz_d_0000.xlsx
2020-11-29,,LU,,10396,,,,,101,https://www.lustat.ch/files_ftp/daten/covid/web/w142_200t_kt0003_zz_d_0000.xlsx
2020-11-30,,LU,,10570,108,,12,,109,https://www.lustat.ch/files_ftp/daten/covid/web/w142_200t_kt0003_zz_d_0000.xlsx
2020-12-01,,LU,,10766,96,,16,,110,https://www.lustat.ch/files_ftp/daten/covid/web/w142_200t_kt0003_zz_d_0000.xlsx
2020-12-02,,LU,,10943,87,,14,,114,https://www.lustat.ch/files_ftp/daten/covid/web/w142_200t_kt0003_zz_d_0000.xlsx
2020-12-03,,LU,,11152,86,,12,,115,https://www.lustat.ch/files_ftp/daten/covid/web/w142_200t_kt0003_zz_d_0000.xlsx
2020-12-04,,LU,,11381,87,,13,,119,https://www.lustat.ch/files_ftp/daten/covid/web/w142_200t_kt0003_zz_d_0000.xlsx
2020-12-05,,LU,,11524,,,,,127,https://www.lustat.ch/files_ftp/daten/covid/web/w142_200t_kt0003_zz_d_0000.xlsx
2020-12-06,,LU,,11582,,,,,129,https://www.lustat.ch/files_ftp/daten/covid/web/w142_200t_kt0003_zz_d_0000.xlsx
2020-12-07,,LU,,11798,97,,15,,137,https://www.lustat.ch/files_ftp/daten/covid/web/w142_200t_kt0003_zz_d_0000.xlsx
2020-12-08,,LU,,12017,,,,,140,https://www.lustat.ch/files_ftp/daten/covid/web/w142_200t_kt0003_zz_d_0000.xlsx
2020-12-09,,LU,,12210,84,,13,,141,https://www.lustat.ch/files_ftp/daten/covid/web/w142_200t_kt0003_zz_d_0000.xlsx
2020-12-10,,LU,,12450,87,,14,,144,https://www.lustat.ch/files_ftp/daten/covid/web/w142_200t_kt0003_zz_d_0000.xlsx
2020-12-11,,LU,,12783,87,,14,,148,https://www.lustat.ch/files_ftp/daten/covid/web/w142_200t_kt0003_zz_d_0000.xlsx
2020-12-12,,LU,,13069,,,,,151,https://www.lustat.ch/files_ftp/daten/covid/web/w142_200t_kt0003_zz_d_0000.xlsx
2020-12-13,,LU,,13159,,,,,157,https://www.lustat.ch/files_ftp/daten/covid/web/w142_200t_kt0003_zz_d_0000.xlsx
2020-12-14,,LU,,13344,92,,15,,162,https://www.lustat.ch/files_ftp/daten/covid/web/w142_200t_kt0003_zz_d_0000.xlsx
2020-12-15,,LU,,13645,93,,19,,165,https://www.lustat.ch/files_ftp/daten/covid/web/w142_200t_kt0003_zz_d_0000.xlsx
2020-12-16,,LU,,13950,100,,17,,170,https://www.lustat.ch/files_ftp/daten/covid/web/w142_200t_kt0003_zz_d_0000.xlsx
2020-12-17,,LU,,14162,101,,17,,173,https://www.lustat.ch/files_ftp/daten/covid/web/w142_200t_kt0003_zz_d_0000.xlsx
2020-12-18,,LU,,14433,91,,12,,181,https://www.lustat.ch/files_ftp/daten/covid/web/w142_200t_kt0003_zz_d_0000.xlsx
2020-12-19,,LU,,14630,,,,,188,https://www.lustat.ch/files_ftp/daten/covid/web/w142_200t_kt0003_zz_d_0000.xlsx
2020-12-20,,LU,,14738,,,,,195,https://www.lustat.ch/files_ftp/daten/covid/web/w142_200t_kt0003_zz_d_0000.xlsx
2020-12-21,,LU,,14884,108,,10,,199,https://www.lustat.ch/files_ftp/daten/covid/web/w142_200t_kt0003_zz_d_0000.xlsx
2020-12-22,,LU,,15125,107,,9,,207,https://www.lustat.ch/files_ftp/daten/covid/web/w142_200t_kt0003_zz_d_0000.xlsx
2020-12-23,,LU,,15404,99,,13,,212,https://www.lustat.ch/files_ftp/daten/covid/web/w142_200t_kt0003_zz_d_0000.xlsx
2020-12-24,,LU,,15659,99,,11,,217,https://www.lustat.ch/files_ftp/daten/covid/web/w142_200t_kt0003_zz_d_0000.xlsx
2020-12-25,,LU,,15807,,,,,219,https://www.lustat.ch/files_ftp/daten/covid/web/w142_200t_kt0003_zz_d_0000.xlsx
2020-12-26,,LU,,15924,,,,,222,https://www.lustat.ch/files_ftp/daten/covid/web/w142_200t_kt0003_zz_d_0000.xlsx
2020-12-27,,LU,,16035,,,,,225,https://www.lustat.ch/files_ftp/daten/covid/web/w142_200t_kt0003_zz_d_0000.xlsx
2020-12-28,,LU,,16211,110,,18,,226,https://www.lustat.ch/files_ftp/daten/covid/web/w142_200t_kt0003_zz_d_0000.xlsx
2020-12-29,,LU,,16468,129,,18,,228,https://www.lustat.ch/files_ftp/daten/covid/web/w142_200t_kt0003_zz_d_0000.xlsx
2020-12-30,,LU,,16741,119,,15,,231,https://www.lustat.ch/files_ftp/daten/covid/web/w142_200t_kt0003_zz_d_0000.xlsx
2020-12-31,,LU,,16952,,,,,232,https://www.lustat.ch/files_ftp/daten/covid/web/w142_200t_kt0003_zz_d_0000.xlsx
2021-01-01,,LU,,17057,,,,,233,https://www.lustat.ch/files_ftp/daten/covid/web/w142_200t_kt0003_zz_d_0000.xlsx
2021-01-02,,LU,,17190,,,,,237,https://www.lustat.ch/files_ftp/daten/covid/web/w142_200t_kt0003_zz_d_0000.xlsx
2021-01-03,,LU,,17336,,,,,238,https://www.lustat.ch/files_ftp/daten/covid/web/w142_200t_kt0003_zz_d_0000.xlsx
2021-01-04,,LU,,17513,126,,21,,239,https://www.lustat.ch/files_ftp/daten/covid/web/w142_200t_kt0003_zz_d_0000.xlsx
2021-01-05,,LU,,17743,118,,16,,241,https://www.lustat.ch/files_ftp/daten/covid/web/w142_200t_kt0003_zz_d_0000.xlsx
2021-01-06,,LU,,18025,114,,15,,243,https://www.lustat.ch/files_ftp/daten/covid/web/w142_200t_kt0003_zz_d_0000.xlsx
2021-01-07,,LU,,18218,110,,17,,245,https://www.lustat.ch/files_ftp/daten/covid/web/w142_200t_kt0003_zz_d_0000.xlsx
2021-01-08,,LU,,18401,109,,15,,,https://www.lustat.ch/files_ftp/daten/covid/web/w142_200t_kt0003_zz_d_0000.xlsx
2021-01-09,,LU,,18513,,,,,247,https://www.lustat.ch/files_ftp/daten/covid/web/w142_200t_kt0003_zz_d_0000.xlsx
2021-01-10,,LU,,18595,,,,,250,https://www.lustat.ch/files_ftp/daten/covid/web/w142_200t_kt0003_zz_d_0000.xlsx
2021-01-11,,LU,,18763,109,,14,,251,https://www.lustat.ch/files_ftp/daten/covid/web/w142_200t_kt0003_zz_d_0000.xlsx
2021-01-12,,LU,,18953,110,,15,,253,https://www.lustat.ch/files_ftp/daten/covid/web/w142_200t_kt0003_zz_d_0000.xlsx
2021-01-13,,LU,,19098,117,,19,,255,https://www.lustat.ch/files_ftp/daten/covid/web/w142_200t_kt0003_zz_d_0000.xlsx
2021-01-14,,LU,,19205,109,,19,,258,https://www.lustat.ch/files_ftp/daten/covid/web/w142_200t_kt0003_zz_d_0000.xlsx
2021-01-15,,LU,,19354,102,,19,,262,https://www.lustat.ch/files_ftp/daten/covid/web/w142_200t_kt0003_zz_d_0000.xlsx
2021-01-16,,LU,,19452,,,,,,https://www.lustat.ch/files_ftp/daten/covid/web/w142_200t_kt0003_zz_d_0000.xlsx
2021-01-17,,LU,,19504,,,,,263,https://www.lustat.ch/files_ftp/daten/covid/web/w142_200t_kt0003_zz_d_0000.xlsx
2021-01-18,,LU,,19612,94,,17,,,https://www.lustat.ch/files_ftp/daten/covid/web/w142_200t_kt0003_zz_d_0000.xlsx
2021-01-19,,LU,,19755,94,,13,,266,https://www.lustat.ch/files_ftp/daten/covid/web/w142_200t_kt0003_zz_d_0000.xlsx
2021-01-20,,LU,,19851,88,,12,,268,https://www.lustat.ch/files_ftp/daten/covid/web/w142_200t_kt0003_zz_d_0000.xlsx
2021-01-21,,LU,,19962,82,,14,,273,https://www.lustat.ch/files_ftp/daten/covid/web/w142_200t_kt0003_zz_d_0000.xlsx
2021-01-22,,LU,,20069,83,,12,,275,https://www.lustat.ch/files_ftp/daten/covid/web/w142_200t_kt0003_zz_d_0000.xlsx
2021-01-23,,LU,,20145,,,,,278,https://www.lustat.ch/files_ftp/daten/covid/web/w142_200t_kt0003_zz_d_0000.xlsx
2021-01-24,,LU,,20171,,,,,282,https://www.lustat.ch/files_ftp/daten/covid/web/w142_200t_kt0003_zz_d_0000.xlsx
2021-01-25,,LU,,20253,89,,17,,,https://www.lustat.ch/files_ftp/daten/covid/web/w142_200t_kt0003_zz_d_0000.xlsx
2021-01-26,,LU,,20354,77,,17,,283,https://www.lustat.ch/files_ftp/daten/covid/web/w142_200t_kt0003_zz_d_0000.xlsx
2021-01-27,,LU,,20417,84,,16,,,https://www.lustat.ch/files_ftp/daten/covid/web/w142_200t_kt0003_zz_d_0000.xlsx
2021-01-28,,LU,,20489,70,,16,,,https://www.lustat.ch/files_ftp/daten/covid/web/w142_200t_kt0003_zz_d_0000.xlsx
2021-01-29,,LU,,20562,71,,14,,286,https://www.lustat.ch/files_ftp/daten/covid/web/w142_200t_kt0003_zz_d_0000.xlsx
2021-01-30,,LU,,20593,,,,,,https://www.lustat.ch/files_ftp/daten/covid/web/w142_200t_kt0003_zz_d_0000.xlsx
2021-01-31,,LU,,20620,,,,,287,https://www.lustat.ch/files_ftp/daten/covid/web/w142_200t_kt0003_zz_d_0000.xlsx
2021-02-01,,LU,,20710,70,,12,,288,https://www.lustat.ch/files_ftp/daten/covid/web/w142_200t_kt0003_zz_d_0000.xlsx
2021-02-02,,LU,,20761,62,,9,,,https://www.lustat.ch/files_ftp/daten/covid/web/w142_200t_kt0003_zz_d_0000.xlsx
2021-02-03,,LU,,20859,63,,12,,290,https://www.lustat.ch/files_ftp/daten/covid/web/w142_200t_kt0003_zz_d_0000.xlsx
2021-02-04,,LU,,20893,55,,9,,,https://www.lustat.ch/files_ftp/daten/covid/web/w142_200t_kt0003_zz_d_0000.xlsx
2021-02-05,,LU,,20987,59,,8,,,https://www.lustat.ch/files_ftp/daten/covid/web/w142_200t_kt0003_zz_d_0000.xlsx
2021-02-06,,LU,,21019,,,,,,https://www.lustat.ch/files_ftp/daten/covid/web/w142_200t_kt0003_zz_d_0000.xlsx
2021-02-07,,LU,,21028,,,,,291,https://www.lustat.ch/files_ftp/daten/covid/web/w142_200t_kt0003_zz_d_0000.xlsx
2021-02-08,,LU,,21097,62,,9,,294,https://www.lustat.ch/files_ftp/daten/covid/web/w142_200t_kt0003_zz_d_0000.xlsx
2021-02-09,,LU,,21152,63,,9,,,https://www.lustat.ch/files_ftp/daten/covid/web/w142_200t_kt0003_zz_d_0000.xlsx
2021-02-10,,LU,,21211,56,,10,,296,https://www.lustat.ch/files_ftp/daten/covid/web/w142_200t_kt0003_zz_d_0000.xlsx
2021-02-11,,LU,,21243,49,,9,,,https://www.lustat.ch/files_ftp/daten/covid/web/w142_200t_kt0003_zz_d_0000.xlsx
2021-02-12,,LU,,21284,44,,10,,,https://www.lustat.ch/files_ftp/daten/covid/web/w142_200t_kt0003_zz_d_0000.xlsx
2021-02-13,,LU,,21314,,,,,297,https://www.lustat.ch/files_ftp/daten/covid/web/w142_200t_kt0003_zz_d_0000.xlsx
2021-02-14,,LU,,21329,,,,,,https://www.lustat.ch/files_ftp/daten/covid/web/w142_200t_kt0003_zz_d_0000.xlsx
2021-02-15,,LU,,21356,34,,14,,,https://www.lustat.ch/files_ftp/daten/covid/web/w142_200t_kt0003_zz_d_0000.xlsx
2021-02-16,,LU,,21408,34,,13,,298,https://www.lustat.ch/files_ftp/daten/covid/web/w142_200t_kt0003_zz_d_0000.xlsx
2021-02-17,,LU,,21451,33,,11,,,https://www.lustat.ch/files_ftp/daten/covid/web/w142_200t_kt0003_zz_d_0000.xlsx
2021-02-18,,LU,,21477,31,,11,,,https://www.lustat.ch/files_ftp/daten/covid/web/w142_200t_kt0003_zz_d_0000.xlsx
2021-02-19,,LU,,21511,34,,10,,299,https://www.lustat.ch/files_ftp/daten/covid/web/w142_200t_kt0003_zz_d_0000.xlsx
2021-02-20,,LU,,21533,,,,,,https://www.lustat.ch/files_ftp/daten/covid/web/w142_200t_kt0003_zz_d_0000.xlsx
2021-02-21,,LU,,21539,,,,,,https://www.lustat.ch/files_ftp/daten/covid/web/w142_200t_kt0003_zz_d_0000.xlsx
2021-02-22,,LU,,21584,36,,8,,,https://www.lustat.ch/files_ftp/daten/covid/web/w142_200t_kt0003_zz_d_0000.xlsx
2021-02-23,,LU,,21629,32,,9,,,https://www.lustat.ch/files_ftp/daten/covid/web/w142_200t_kt0003_zz_d_0000.xlsx
2021-02-24,,LU,,21674,30,,7,,,https://www.lustat.ch/files_ftp/daten/covid/web/w142_200t_kt0003_zz_d_0000.xlsx
2021-02-25,,LU,,21711,29,,8,,,https://www.lustat.ch/files_ftp/daten/covid/web/w142_200t_kt0003_zz_d_0000.xlsx
2021-02-26,,LU,,21743,28,,6,,,https://www.lustat.ch/files_ftp/daten/covid/web/w142_200t_kt0003_zz_d_0000.xlsx
2021-02-27,,LU,,21772,,,,,,https://www.lustat.ch/files_ftp/daten/covid/web/w142_200t_kt0003_zz_d_0000.xlsx
2021-02-28,,LU,,21783,,,,,,https://www.lustat.ch/files_ftp/daten/covid/web/w142_200t_kt0003_zz_d_0000.xlsx
2021-03-01,,LU,,21822,31,,4,,,https://www.lustat.ch/files_ftp/daten/covid/web/w142_200t_kt0003_zz_d_0000.xlsx
2021-03-02,,LU,,21868,29,,5,,,https://www.lustat.ch/files_ftp/daten/covid/web/w142_200t_kt0003_zz_d_0000.xlsx
2021-03-03,,LU,,21923,33,,5,,,https://www.lustat.ch/files_ftp/daten/covid/web/w142_200t_kt0003_zz_d_0000.xlsx
2021-03-04,,LU,,21982,37,,5,,,https://www.lustat.ch/files_ftp/daten/covid/web/w142_200t_kt0003_zz_d_0000.xlsx
2021-03-05,,LU,,22030,33,,6,,,https://www.lustat.ch/files_ftp/daten/covid/web/w142_200t_kt0003_zz_d_0000.xlsx
2021-03-06,,LU,,22078,,,,,,https://www.lustat.ch/files_ftp/daten/covid/web/w142_200t_kt0003_zz_d_0000.xlsx
2021-03-07,,LU,,22107,,,,,,https://www.lustat.ch/files_ftp/daten/covid/web/w142_200t_kt0003_zz_d_0000.xlsx
2021-03-08,,LU,,22178,37,,6,,,https://www.lustat.ch/files_ftp/daten/covid/web/w142_200t_kt0003_zz_d_0000.xlsx
2021-03-09,,LU,,22269,32,,7,,,https://www.lustat.ch/files_ftp/daten/covid/web/w142_200t_kt0003_zz_d_0000.xlsx
2021-03-10,,LU,,22339,35,,6,,300,https://www.lustat.ch/files_ftp/daten/covid/web/w142_200t_kt0003_zz_d_0000.xlsx
2021-03-11,,LU,,22414,38,,6,,,https://www.lustat.ch/files_ftp/daten/covid/web/w142_200t_kt0003_zz_d_0000.xlsx
2021-03-12,,LU,,22474,38,,7,,,https://www.lustat.ch/files_ftp/daten/covid/web/w142_200t_kt0003_zz_d_0000.xlsx
2021-03-13,,LU,,22544,,,,,,https://www.lustat.ch/files_ftp/daten/covid/web/w142_200t_kt0003_zz_d_0000.xlsx
2021-03-14,,LU,,22571,,,,,,https://www.lustat.ch/files_ftp/daten/covid/web/w142_200t_kt0003_zz_d_0000.xlsx
2021-03-15,,LU,,22623,44,,7,,,https://www.lustat.ch/files_ftp/daten/covid/web/w142_200t_kt0003_zz_d_0000.xlsx
2021-03-16,,LU,,22716,45,,8,,,https://www.lustat.ch/files_ftp/daten/covid/web/w142_200t_kt0003_zz_d_0000.xlsx
2021-03-17,,LU,,22788,50,,11,,,https://www.lustat.ch/files_ftp/daten/covid/web/w142_200t_kt0003_zz_d_0000.xlsx
2021-03-18,,LU,,22857,49,,12,,,https://www.lustat.ch/files_ftp/daten/covid/web/w142_200t_kt0003_zz_d_0000.xlsx
2021-03-19,,LU,,22919,46,,9,,301,https://www.lustat.ch/files_ftp/daten/covid/web/w142_200t_kt0003_zz_d_0000.xlsx
2021-03-20,,LU,,22976,,,,,,https://www.lustat.ch/files_ftp/daten/covid/web/w142_200t_kt0003_zz_d_0000.xlsx
2021-03-21,,LU,,23008,,,,,,https://www.lustat.ch/files_ftp/daten/covid/web/w142_200t_kt0003_zz_d_0000.xlsx
2021-03-22,,LU,,23075,43,,7,,,https://www.lustat.ch/files_ftp/daten/covid/web/w142_200t_kt0003_zz_d_0000.xlsx
2021-03-23,,LU,,23146,41,,11,,302,https://www.lustat.ch/files_ftp/daten/covid/web/w142_200t_kt0003_zz_d_0000.xlsx
2021-03-24,,LU,,23227,37,,9,,,https://www.lustat.ch/files_ftp/daten/covid/web/w142_200t_kt0003_zz_d_0000.xlsx
2021-03-25,,LU,,23315,39,,10,,303,https://www.lustat.ch/files_ftp/daten/covid/web/w142_200t_kt0003_zz_d_0000.xlsx
2021-03-26,,LU,,23423,36,,9,,,https://www.lustat.ch/files_ftp/daten/covid/web/w142_200t_kt0003_zz_d_0000.xlsx
2021-03-27,,LU,,23484,,,,,304,https://www.lustat.ch/files_ftp/daten/covid/web/w142_200t_kt0003_zz_d_0000.xlsx
2021-03-28,,LU,,23519,,,,,,https://www.lustat.ch/files_ftp/daten/covid/web/w142_200t_kt0003_zz_d_0000.xlsx
2021-03-29,,LU,,23607,43,,10,,,https://www.lustat.ch/files_ftp/daten/covid/web/w142_200t_kt0003_zz_d_0000.xlsx
2021-03-30,,LU,,23696,44,,10,,,https://www.lustat.ch/files_ftp/daten/covid/web/w142_200t_kt0003_zz_d_0000.xlsx
2021-03-31,,LU,,23802,47,,10,,,https://www.lustat.ch/files_ftp/daten/covid/web/w142_200t_kt0003_zz_d_0000.xlsx
2021-04-01,,LU,,23918,46,,11,,306,https://www.lustat.ch/files_ftp/daten/covid/web/w142_200t_kt0003_zz_d_0000.xlsx
2021-04-02,,LU,,23965,,,,,,https://www.lustat.ch/files_ftp/daten/covid/web/w142_200t_kt0003_zz_d_0000.xlsx
2021-04-03,,LU,,24018,,,,,308,https://www.lustat.ch/files_ftp/daten/covid/web/w142_200t_kt0003_zz_d_0000.xlsx
2021-04-04,,LU,,24073,,,,,309,https://www.lustat.ch/files_ftp/daten/covid/web/w142_200t_kt0003_zz_d_0000.xlsx
2021-04-05,,LU,,24125,,,,,310,https://www.lustat.ch/files_ftp/daten/covid/web/w142_200t_kt0003_zz_d_0000.xlsx
2021-04-06,,LU,,24256,43,,9,,311,https://www.lustat.ch/files_ftp/daten/covid/web/w142_200t_kt0003_zz_d_0000.xlsx
2021-04-07,,LU,,24341,44,,10,,,https://www.lustat.ch/files_ftp/daten/covid/web/w142_200t_kt0003_zz_d_0000.xlsx
2021-04-08,,LU,,24483,45,,9,,,https://www.lustat.ch/files_ftp/daten/covid/web/w142_200t_kt0003_zz_d_0000.xlsx
2021-04-09,,LU,,24608,44,,9,,,https://www.lustat.ch/files_ftp/daten/covid/web/w142_200t_kt0003_zz_d_0000.xlsx
2021-04-10,,LU,,24695,,,,,313,https://www.lustat.ch/files_ftp/daten/covid/web/w142_200t_kt0003_zz_d_0000.xlsx
2021-04-11,,LU,,24759,,,,,,https://www.lustat.ch/files_ftp/daten/covid/web/w142_200t_kt0003_zz_d_0000.xlsx
2021-04-12,,LU,,24867,47,,9,,,https://www.lustat.ch/files_ftp/daten/covid/web/w142_200t_kt0003_zz_d_0000.xlsx
2021-04-13,,LU,,24994,47,,10,,,https://www.lustat.ch/files_ftp/daten/covid/web/w142_200t_kt0003_zz_d_0000.xlsx
2021-04-14,,LU,,25077,49,,8,,,https://www.lustat.ch/files_ftp/daten/covid/web/w142_200t_kt0003_zz_d_0000.xlsx
2021-04-15,,LU,,25177,43,,10,,,https://www.lustat.ch/files_ftp/daten/covid/web/w142_200t_kt0003_zz_d_0000.xlsx
2021-04-16,,LU,,25278,42,,11,,,https://www.lustat.ch/files_ftp/daten/covid/web/w142_200t_kt0003_zz_d_0000.xlsx
2021-04-17,,LU,,25353,,,,,314,https://www.lustat.ch/files_ftp/daten/covid/web/w142_200t_kt0003_zz_d_0000.xlsx
2021-04-18,,LU,,25417,,,,,,https://www.lustat.ch/files_ftp/daten/covid/web/w142_200t_kt0003_zz_d_0000.xlsx
2021-04-19,,LU,,25521,49,,13,,315,https://www.lustat.ch/files_ftp/daten/covid/web/w142_200t_kt0003_zz_d_0000.xlsx
2021-04-20,,LU,,25605,43,,13,,,https://www.lustat.ch/files_ftp/daten/covid/web/w142_200t_kt0003_zz_d_0000.xlsx
2021-04-21,,LU,,25705,46,,13,,,https://www.lustat.ch/files_ftp/daten/covid/web/w142_200t_kt0003_zz_d_0000.xlsx
2021-04-22,,LU,,25804,43,,14,,,https://www.lustat.ch/files_ftp/daten/covid/web/w142_200t_kt0003_zz_d_0000.xlsx
2021-04-23,,LU,,25913,46,,14,,316,https://www.lustat.ch/files_ftp/daten/covid/web/w142_200t_kt0003_zz_d_0000.xlsx
2021-04-24,,LU,,26013,,,,,,https://www.lustat.ch/files_ftp/daten/covid/web/w142_200t_kt0003_zz_d_0000.xlsx
2021-04-25,,LU,,26059,,,,,,https://www.lustat.ch/files_ftp/daten/covid/web/w142_200t_kt0003_zz_d_0000.xlsx
2021-04-26,,LU,,26163,56,,13,,318,https://www.lustat.ch/files_ftp/daten/covid/web/w142_200t_kt0003_zz_d_0000.xlsx
2021-04-27,,LU,,26270,50,,13,,,https://www.lustat.ch/files_ftp/daten/covid/web/w142_200t_kt0003_zz_d_0000.xlsx
2021-04-28,,LU,,26364,51,,11,,,https://www.lustat.ch/files_ftp/daten/covid/web/w142_200t_kt0003_zz_d_0000.xlsx
2021-04-29,,LU,,26464,52,,13,,,https://www.lustat.ch/files_ftp/daten/covid/web/w142_200t_kt0003_zz_d_0000.xlsx
2021-04-30,,LU,,26573,55,,15,,,https://www.lustat.ch/files_ftp/daten/covid/web/w142_200t_kt0003_zz_d_0000.xlsx
2021-05-01,,LU,,26632,,,,,319,https://www.lustat.ch/files_ftp/daten/covid/web/w142_200t_kt0003_zz_d_0000.xlsx
2021-05-02,,LU,,26700,,,,,322,https://www.lustat.ch/files_ftp/daten/covid/web/w142_200t_kt0003_zz_d_0000.xlsx
2021-05-03,,LU,,26811,50,,8,,,https://www.lustat.ch/files_ftp/daten/covid/web/w142_200t_kt0003_zz_d_0000.xlsx
2021-05-04,,LU,,26895,56,,10,,,https://www.lustat.ch/files_ftp/daten/covid/web/w142_200t_kt0003_zz_d_0000.xlsx
2021-05-05,,LU,,26999,53,,10,,323,https://www.lustat.ch/files_ftp/daten/covid/web/w142_200t_kt0003_zz_d_0000.xlsx
2021-05-06,,LU,,27096,55,,15,,324,https://www.lustat.ch/files_ftp/daten/covid/web/w142_200t_kt0003_zz_d_0000.xlsx
2021-05-07,,LU,,27202,54,,15,,325,https://www.lustat.ch/files_ftp/daten/covid/web/w142_200t_kt0003_zz_d_0000.xlsx
2021-05-08,,LU,,27259,,,,,326,https://www.lustat.ch/files_ftp/daten/covid/web/w142_200t_kt0003_zz_d_0000.xlsx
2021-05-09,,LU,,27307,,,,,327,https://www.lustat.ch/files_ftp/daten/covid/web/w142_200t_kt0003_zz_d_0000.xlsx
2021-05-10,,LU,,27404,58,,15,,,https://www.lustat.ch/files_ftp/daten/covid/web/w142_200t_kt0003_zz_d_0000.xlsx
2021-05-11,,LU,,27487,53,,13,,,https://www.lustat.ch/files_ftp/daten/covid/web/w142_200t_kt0003_zz_d_0000.xlsx
2021-05-12,,LU,,27576,54,,15,,,https://www.lustat.ch/files_ftp/daten/covid/web/w142_200t_kt0003_zz_d_0000.xlsx
2021-05-13,,LU,,27609,,,,,,https://www.lustat.ch/files_ftp/daten/covid/web/w142_200t_kt0003_zz_d_0000.xlsx
2021-05-14,,LU,,27664,50,,14,,,https://www.lustat.ch/files_ftp/daten/covid/web/w142_200t_kt0003_zz_d_0000.xlsx
2021-05-15,,LU,,27711,,,,,,https://www.lustat.ch/files_ftp/daten/covid/web/w142_200t_kt0003_zz_d_0000.xlsx
2021-05-16,,LU,,27743,,,,,328,https://www.lustat.ch/files_ftp/daten/covid/web/w142_200t_kt0003_zz_d_0000.xlsx
2021-05-17,,LU,,27804,47,,15,,,https://www.lustat.ch/files_ftp/daten/covid/web/w142_200t_kt0003_zz_d_0000.xlsx
2021-05-18,,LU,,27886,46,,15,,,https://www.lustat.ch/files_ftp/daten/covid/web/w142_200t_kt0003_zz_d_0000.xlsx
2021-05-19,,LU,,27960,48,,14,,329,https://www.lustat.ch/files_ftp/daten/covid/web/w142_200t_kt0003_zz_d_0000.xlsx
2021-05-20,,LU,,28045,42,,12,,,https://www.lustat.ch/files_ftp/daten/covid/web/w142_200t_kt0003_zz_d_0000.xlsx
2021-05-21,,LU,,28108,42,,12,,330,https://www.lustat.ch/files_ftp/daten/covid/web/w142_200t_kt0003_zz_d_0000.xlsx
2021-05-22,,LU,,28148,,,,,,https://www.lustat.ch/files_ftp/daten/covid/web/w142_200t_kt0003_zz_d_0000.xlsx
2021-05-23,,LU,,28185,,,,,,https://www.lustat.ch/files_ftp/daten/covid/web/w142_200t_kt0003_zz_d_0000.xlsx
2021-05-24,,LU,,28211,,,,,,https://www.lustat.ch/files_ftp/daten/covid/web/w142_200t_kt0003_zz_d_0000.xlsx
2021-05-25,,LU,,28265,41,,10,,331,https://www.lustat.ch/files_ftp/daten/covid/web/w142_200t_kt0003_zz_d_0000.xlsx
2021-05-26,,LU,,28309,41,,9,,332,https://www.lustat.ch/files_ftp/daten/covid/web/w142_200t_kt0003_zz_d_0000.xlsx
2021-05-27,,LU,,28368,38,,9,,,https://www.lustat.ch/files_ftp/daten/covid/web/w142_200t_kt0003_zz_d_0000.xlsx
2021-05-28,,LU,,28413,42,,9,,,https://www.lustat.ch/files_ftp/daten/covid/web/w142_200t_kt0003_zz_d_0000.xlsx
2021-05-29,,LU,,28450,,,,,333,https://www.lustat.ch/files_ftp/daten/covid/web/w142_200t_kt0003_zz_d_0000.xlsx
2021-05-30,,LU,,28477,,,,,,https://www.lustat.ch/files_ftp/daten/covid/web/w142_200t_kt0003_zz_d_0000.xlsx
2021-05-31,,LU,,28515,43,,8,,,https://www.lustat.ch/files_ftp/daten/covid/web/w142_200t_kt0003_zz_d_0000.xlsx
2021-06-01,,LU,,28565,41,,7,,,https://www.lustat.ch/files_ftp/daten/covid/web/w142_200t_kt0003_zz_d_0000.xlsx
2021-06-02,,LU,,28606,39,,8,,,https://www.lustat.ch/files_ftp/daten/covid/web/w142_200t_kt0003_zz_d_0000.xlsx
2021-06-03,,LU,,28625,,,,,,https://www.lustat.ch/files_ftp/daten/covid/web/w142_200t_kt0003_zz_d_0000.xlsx
2021-06-04,,LU,,28653,36,,8,,,https://www.lustat.ch/files_ftp/daten/covid/web/w142_200t_kt0003_zz_d_0000.xlsx
2021-06-05,,LU,,28683,,,,,,https://www.lustat.ch/files_ftp/daten/covid/web/w142_200t_kt0003_zz_d_0000.xlsx
2021-06-06,,LU,,28706,,,,,,https://www.lustat.ch/files_ftp/daten/covid/web/w142_200t_kt0003_zz_d_0000.xlsx
2021-06-07,,LU,,28728,28,,5,,,https://www.lustat.ch/files_ftp/daten/covid/web/w142_200t_kt0003_zz_d_0000.xlsx
2021-06-08,,LU,,28754,29,,5,,,https://www.lustat.ch/files_ftp/daten/covid/web/w142_200t_kt0003_zz_d_0000.xlsx
2021-06-09,,LU,,28775,22,,5,,,https://www.lustat.ch/files_ftp/daten/covid/web/w142_200t_kt0003_zz_d_0000.xlsx
2021-06-10,,LU,,28798,22,,5,,,https://www.lustat.ch/files_ftp/daten/covid/web/w142_200t_kt0003_zz_d_0000.xlsx
2021-06-11,,LU,,28812,22,,5,,,https://www.lustat.ch/files_ftp/daten/covid/web/w142_200t_kt0003_zz_d_0000.xlsx
2021-06-12,,LU,,28831,,,,,,https://www.lustat.ch/files_ftp/daten/covid/web/w142_200t_kt0003_zz_d_0000.xlsx
2021-06-13,,LU,,28835,,,,,,https://www.lustat.ch/files_ftp/daten/covid/web/w142_200t_kt0003_zz_d_0000.xlsx
2021-06-14,,LU,,28843,21,,5,,,https://www.lustat.ch/files_ftp/daten/covid/web/w142_200t_kt0003_zz_d_0000.xlsx
2021-06-15,,LU,,28854,17,,6,,,https://www.lustat.ch/files_ftp/daten/covid/web/w142_200t_kt0003_zz_d_0000.xlsx
2021-06-16,,LU,,28862,17,,5,,,https://www.lustat.ch/files_ftp/daten/covid/web/w142_200t_kt0003_zz_d_0000.xlsx
2021-06-17,,LU,,28865,15,,5,,,https://www.lustat.ch/files_ftp/daten/covid/web/w142_200t_kt0003_zz_d_0000.xlsx
2021-06-18,,LU,,28869,14,,4,,,https://www.lustat.ch/files_ftp/daten/covid/web/w142_200t_kt0003_zz_d_0000.xlsx
2021-06-19,,LU,,28871,,,,,,https://www.lustat.ch/files_ftp/daten/covid/web/w142_200t_kt0003_zz_d_0000.xlsx
2021-06-20,,LU,,28874,,,,,,https://www.lustat.ch/files_ftp/daten/covid/web/w142_200t_kt0003_zz_d_0000.xlsx
2021-06-21,,LU,,28880,15,,5,,,https://www.lustat.ch/files_ftp/daten/covid/web/w142_200t_kt0003_zz_d_0000.xlsx
2021-06-22,,LU,,28883,15,,2,,,https://www.lustat.ch/files_ftp/daten/covid/web/w142_200t_kt0003_zz_d_0000.xlsx
2021-06-23,,LU,,28890,13,,2,,,https://www.lustat.ch/files_ftp/daten/covid/web/w142_200t_kt0003_zz_d_0000.xlsx
2021-06-24,,LU,,28892,12,,2,,,https://www.lustat.ch/files_ftp/daten/covid/web/w142_200t_kt0003_zz_d_0000.xlsx
2021-06-25,,LU,,28897,12,,2,,,https://www.lustat.ch/files_ftp/daten/covid/web/w142_200t_kt0003_zz_d_0000.xlsx
2021-06-26,,LU,,28899,,,,,,https://www.lustat.ch/files_ftp/daten/covid/web/w142_200t_kt0003_zz_d_0000.xlsx
2021-06-27,,LU,,28904,,,,,,https://www.lustat.ch/files_ftp/daten/covid/web/w142_200t_kt0003_zz_d_0000.xlsx
2021-06-28,,LU,,28914,9,,,,,https://www.lustat.ch/files_ftp/daten/covid/web/w142_200t_kt0003_zz_d_0000.xlsx
2021-06-29,,LU,,28925,7,,,,334,https://www.lustat.ch/files_ftp/daten/covid/web/w142_200t_kt0003_zz_d_0000.xlsx
2021-06-30,,LU,,28935,7,,,,,https://www.lustat.ch/files_ftp/daten/covid/web/w142_200t_kt0003_zz_d_0000.xlsx
2021-07-01,,LU,,28938,6,,,,,https://www.lustat.ch/files_ftp/daten/covid/web/w142_200t_kt0003_zz_d_0000.xlsx
2021-07-02,,LU,,28948,6,,,,,https://www.lustat.ch/files_ftp/daten/covid/web/w142_200t_kt0003_zz_d_0000.xlsx
2021-07-03,,LU,,28957,,,,,,https://www.lustat.ch/files_ftp/daten/covid/web/w142_200t_kt0003_zz_d_0000.xlsx
2021-07-04,,LU,,28962,,,,,,https://www.lustat.ch/files_ftp/daten/covid/web/w142_200t_kt0003_zz_d_0000.xlsx
2021-07-05,,LU,,28980,3,,,,,https://www.lustat.ch/files_ftp/daten/covid/web/w142_200t_kt0003_zz_d_0000.xlsx
2021-07-06,,LU,,28992,5,,,,,https://www.lustat.ch/files_ftp/daten/covid/web/w142_200t_kt0003_zz_d_0000.xlsx
2021-07-07,,LU,,29006,5,,,,,https://www.lustat.ch/files_ftp/daten/covid/web/w142_200t_kt0003_zz_d_0000.xlsx
2021-07-08,,LU,,29022,6,,,,,https://www.lustat.ch/files_ftp/daten/covid/web/w142_200t_kt0003_zz_d_0000.xlsx
2021-07-09,,LU,,29041,6,,,,,https://www.lustat.ch/files_ftp/daten/covid/web/w142_200t_kt0003_zz_d_0000.xlsx
2021-07-10,,LU,,29052,,,,,,https://www.lustat.ch/files_ftp/daten/covid/web/w142_200t_kt0003_zz_d_0000.xlsx
2021-07-11,,LU,,29059,,,,,,https://www.lustat.ch/files_ftp/daten/covid/web/w142_200t_kt0003_zz_d_0000.xlsx
2021-07-12,,LU,,29074,5,,,,,https://www.lustat.ch/files_ftp/daten/covid/web/w142_200t_kt0003_zz_d_0000.xlsx
2021-07-13,,LU,,29107,11,,,,,https://www.lustat.ch/files_ftp/daten/covid/web/w142_200t_kt0003_zz_d_0000.xlsx
2021-07-14,,LU,,29125,9,,,,,https://www.lustat.ch/files_ftp/daten/covid/web/w142_200t_kt0003_zz_d_0000.xlsx
2021-07-15,,LU,,29158,9,,1,,,https://www.lustat.ch/files_ftp/daten/covid/web/w142_200t_kt0003_zz_d_0000.xlsx
2021-07-16,,LU,,29199,8,,1,,,https://www.lustat.ch/files_ftp/daten/covid/web/w142_200t_kt0003_zz_d_0000.xlsx
2021-07-17,,LU,,29227,,,,,,https://www.lustat.ch/files_ftp/daten/covid/web/w142_200t_kt0003_zz_d_0000.xlsx
2021-07-18,,LU,,29254,,,,,,https://www.lustat.ch/files_ftp/daten/covid/web/w142_200t_kt0003_zz_d_0000.xlsx
2021-07-19,,LU,,29299,10,,2,,,https://www.lustat.ch/files_ftp/daten/covid/web/w142_200t_kt0003_zz_d_0000.xlsx
2021-07-20,,LU,,29347,10,,2,,,https://www.lustat.ch/files_ftp/daten/covid/web/w142_200t_kt0003_zz_d_0000.xlsx
2021-07-21,,LU,,29396,9,,1,,,https://www.lustat.ch/files_ftp/daten/covid/web/w142_200t_kt0003_zz_d_0000.xlsx
2021-07-22,,LU,,29443,8,,,,,https://www.lustat.ch/files_ftp/daten/covid/web/w142_200t_kt0003_zz_d_0000.xlsx
2021-07-23,,LU,,29493,9,,,,,https://www.lustat.ch/files_ftp/daten/covid/web/w142_200t_kt0003_zz_d_0000.xlsx
2021-07-24,,LU,,29518,,,,,335,https://www.lustat.ch/files_ftp/daten/covid/web/w142_200t_kt0003_zz_d_0000.xlsx
2021-07-25,,LU,,29536,,,,,,https://www.lustat.ch/files_ftp/daten/covid/web/w142_200t_kt0003_zz_d_0000.xlsx
2021-07-26,,LU,,29576,15,,1,,,https://www.lustat.ch/files_ftp/daten/covid/web/w142_200t_kt0003_zz_d_0000.xlsx
2021-07-27,,LU,,29610,17,,2,,336,https://www.lustat.ch/files_ftp/daten/covid/web/w142_200t_kt0003_zz_d_0000.xlsx
2021-07-28,,LU,,29640,16,,1,,,https://www.lustat.ch/files_ftp/daten/covid/web/w142_200t_kt0003_zz_d_0000.xlsx
2021-07-29,,LU,,29667,14,,1,,,https://www.lustat.ch/files_ftp/daten/covid/web/w142_200t_kt0003_zz_d_0000.xlsx
2021-07-30,,LU,,29701,11,,1,,,https://www.lustat.ch/files_ftp/daten/covid/web/w142_200t_kt0003_zz_d_0000.xlsx
2021-07-31,,LU,,29736,,,,,,https://www.lustat.ch/files_ftp/daten/covid/web/w142_200t_kt0003_zz_d_0000.xlsx
2021-08-01,,LU,,29751,,,,,,https://www.lustat.ch/files_ftp/daten/covid/web/w142_200t_kt0003_zz_d_0000.xlsx
2021-08-02,,LU,,29825,15,,1,,,https://www.lustat.ch/files_ftp/daten/covid/web/w142_200t_kt0003_zz_d_0000.xlsx
2021-08-03,,LU,,29864,17,,2,,,https://www.lustat.ch/files_ftp/daten/covid/web/w142_200t_kt0003_zz_d_0000.xlsx
2021-08-04,,LU,,29919,21,,2,,,https://www.lustat.ch/files_ftp/daten/covid/web/w142_200t_kt0003_zz_d_0000.xlsx
2021-08-05,,LU,,29957,21,,3,,,https://www.lustat.ch/files_ftp/daten/covid/web/w142_200t_kt0003_zz_d_0000.xlsx
2021-08-06,,LU,,30008,24,,3,,,https://www.lustat.ch/files_ftp/daten/covid/web/w142_200t_kt0003_zz_d_0000.xlsx
2021-08-07,,LU,,30054,,,,,,https://www.lustat.ch/files_ftp/daten/covid/web/w142_200t_kt0003_zz_d_0000.xlsx
2021-08-08,,LU,,30078,,,,,,https://www.lustat.ch/files_ftp/daten/covid/web/w142_200t_kt0003_zz_d_0000.xlsx
2021-08-09,,LU,,30147,24,,2,,,https://www.lustat.ch/files_ftp/daten/covid/web/w142_200t_kt0003_zz_d_0000.xlsx
2021-08-10,,LU,,30230,21,,2,,337,https://www.lustat.ch/files_ftp/daten/covid/web/w142_200t_kt0003_zz_d_0000.xlsx
2021-08-11,,LU,,30322,23,,2,,338,https://www.lustat.ch/files_ftp/daten/covid/web/w142_200t_kt0003_zz_d_0000.xlsx
2021-08-12,,LU,,30423,22,,2,,,https://www.lustat.ch/files_ftp/daten/covid/web/w142_200t_kt0003_zz_d_0000.xlsx
2021-08-13,,LU,,30506,22,,2,,,https://www.lustat.ch/files_ftp/daten/covid/web/w142_200t_kt0003_zz_d_0000.xlsx
2021-08-14,,LU,,30597,,,,,339,https://www.lustat.ch/files_ftp/daten/covid/web/w142_200t_kt0003_zz_d_0000.xlsx
2021-08-15,,LU,,30680,,,,,,https://www.lustat.ch/files_ftp/daten/covid/web/w142_200t_kt0003_zz_d_0000.xlsx
2021-08-16,,LU,,30793,34,,3,,,https://www.lustat.ch/files_ftp/daten/covid/web/w142_200t_kt0003_zz_d_0000.xlsx
2021-08-17,,LU,,30979,34,,5,,,https://www.lustat.ch/files_ftp/daten/covid/web/w142_200t_kt0003_zz_d_0000.xlsx
2021-08-18,,LU,,31088,33,,5,,,https://www.lustat.ch/files_ftp/daten/covid/web/w142_200t_kt0003_zz_d_0000.xlsx
2021-08-19,,LU,,31190,36,,5,,,https://www.lustat.ch/files_ftp/daten/covid/web/w142_200t_kt0003_zz_d_0000.xlsx
2021-08-20,,LU,,31311,41,,4,,,https://www.lustat.ch/files_ftp/daten/covid/web/w142_200t_kt0003_zz_d_0000.xlsx
2021-08-21,,LU,,31413,,,,,,https://www.lustat.ch/files_ftp/daten/covid/web/w142_200t_kt0003_zz_d_0000.xlsx
2021-08-22,,LU,,31525,,,,,,https://www.lustat.ch/files_ftp/daten/covid/web/w142_200t_kt0003_zz_d_0000.xlsx
2021-08-23,,LU,,31676,41,,6,,,https://www.lustat.ch/files_ftp/daten/covid/web/w142_200t_kt0003_zz_d_0000.xlsx
2021-08-24,,LU,,31833,42,,6,,,https://www.lustat.ch/files_ftp/daten/covid/web/w142_200t_kt0003_zz_d_0000.xlsx
2021-08-25,,LU,,31956,41,,8,,,https://www.lustat.ch/files_ftp/daten/covid/web/w142_200t_kt0003_zz_d_0000.xlsx
2021-08-26,,LU,,32066,45,,8,,340,https://www.lustat.ch/files_ftp/daten/covid/web/w142_200t_kt0003_zz_d_0000.xlsx
2021-08-27,,LU,,32241,41,,7,,,https://www.lustat.ch/files_ftp/daten/covid/web/w142_200t_kt0003_zz_d_0000.xlsx
2021-08-28,,LU,,32346,,,,,,https://www.lustat.ch/files_ftp/daten/covid/web/w142_200t_kt0003_zz_d_0000.xlsx
2021-08-29,,LU,,32400,,,,,341,https://www.lustat.ch/files_ftp/daten/covid/web/w142_200t_kt0003_zz_d_0000.xlsx
2021-08-30,,LU,,32525,48,,8,,,https://www.lustat.ch/files_ftp/daten/covid/web/w142_200t_kt0003_zz_d_0000.xlsx
2021-08-31,,LU,,32705,52,,8,,,https://www.lustat.ch/files_ftp/daten/covid/web/w142_200t_kt0003_zz_d_0000.xlsx
2021-09-01,,LU,,32830,53,,9,,,https://www.lustat.ch/files_ftp/daten/covid/web/w142_200t_kt0003_zz_d_0000.xlsx
2021-09-02,,LU,,32997,45,,8,,,https://www.lustat.ch/files_ftp/daten/covid/web/w142_200t_kt0003_zz_d_0000.xlsx
2021-09-03,,LU,,33162,40,,8,,,https://www.lustat.ch/files_ftp/daten/covid/web/w142_200t_kt0003_zz_d_0000.xlsx
2021-09-04,,LU,,33320,,,,,,https://www.lustat.ch/files_ftp/daten/covid/web/w142_200t_kt0003_zz_d_0000.xlsx
2021-09-05,,LU,,33424,,,,,342,https://www.lustat.ch/files_ftp/daten/covid/web/w142_200t_kt0003_zz_d_0000.xlsx
2021-09-06,,LU,,33611,41,,9,,,https://www.lustat.ch/files_ftp/daten/covid/web/w142_200t_kt0003_zz_d_0000.xlsx
2021-09-07,,LU,,33782,41,,10,,,https://www.lustat.ch/files_ftp/daten/covid/web/w142_200t_kt0003_zz_d_0000.xlsx
2021-09-08,,LU,,33986,43,,10,,343,https://www.lustat.ch/files_ftp/daten/covid/web/w142_200t_kt0003_zz_d_0000.xlsx
2021-09-09,,LU,,34155,38,,9,,344,https://www.lustat.ch/files_ftp/daten/covid/web/w142_200t_kt0003_zz_d_0000.xlsx
2021-09-10,,LU,,34323,38,,8,,,https://www.lustat.ch/files_ftp/daten/covid/web/w142_200t_kt0003_zz_d_0000.xlsx
2021-09-11,,LU,,34453,,,,,,https://www.lustat.ch/files_ftp/daten/covid/web/w142_200t_kt0003_zz_d_0000.xlsx
2021-09-12,,LU,,34557,,,,,345,https://www.lustat.ch/files_ftp/daten/covid/web/w142_200t_kt0003_zz_d_0000.xlsx
2021-09-13,,LU,,34664,40,,8,,,https://www.lustat.ch/files_ftp/daten/covid/web/w142_200t_kt0003_zz_d_0000.xlsx
2021-09-14,,LU,,34814,39,,9,,,https://www.lustat.ch/files_ftp/daten/covid/web/w142_200t_kt0003_zz_d_0000.xlsx
2021-09-15,,LU,,34940,38,,9,,,https://www.lustat.ch/files_ftp/daten/covid/web/w142_200t_kt0003_zz_d_0000.xlsx
2021-09-16,,LU,,35079,35,,8,,,https://www.lustat.ch/files_ftp/daten/covid/web/w142_200t_kt0003_zz_d_0000.xlsx
2021-09-17,,LU,,35194,35,,8,,346,https://www.lustat.ch/files_ftp/daten/covid/web/w142_200t_kt0003_zz_d_0000.xlsx
2021-09-18,,LU,,35331,,,,,,https://www.lustat.ch/files_ftp/daten/covid/web/w142_200t_kt0003_zz_d_0000.xlsx
2021-09-19,,LU,,35421,,,,,,https://www.lustat.ch/files_ftp/daten/covid/web/w142_200t_kt0003_zz_d_0000.xlsx
2021-09-20,,LU,,35487,37,,8,,347,https://www.lustat.ch/files_ftp/daten/covid/web/w142_200t_kt0003_zz_d_0000.xlsx
2021-09-21,,LU,,35625,40,,8,,,https://www.lustat.ch/files_ftp/daten/covid/web/w142_200t_kt0003_zz_d_0000.xlsx
2021-09-22,,LU,,35753,39,,10,,348,https://www.lustat.ch/files_ftp/daten/covid/web/w142_200t_kt0003_zz_d_0000.xlsx
2021-09-23,,LU,,35889,36,,11,,,https://www.lustat.ch/files_ftp/daten/covid/web/w142_200t_kt0003_zz_d_0000.xlsx
2021-09-24,,LU,,36007,34,,11,,,https://www.lustat.ch/files_ftp/daten/covid/web/w142_200t_kt0003_zz_d_0000.xlsx
2021-09-25,,LU,,36101,,,,,,https://www.lustat.ch/files_ftp/daten/covid/web/w142_200t_kt0003_zz_d_0000.xlsx
2021-09-26,,LU,,36149,,,,,,https://www.lustat.ch/files_ftp/daten/covid/web/w142_200t_kt0003_zz_d_0000.xlsx
2021-09-27,,LU,,36235,40,,9,,349,https://www.lustat.ch/files_ftp/daten/covid/web/w142_200t_kt0003_zz_d_0000.xlsx
2021-09-28,,LU,,36331,46,,9,,350,https://www.lustat.ch/files_ftp/daten/covid/web/w142_200t_kt0003_zz_d_0000.xlsx
2021-09-29,,LU,,36406,47,,9,,,https://www.lustat.ch/files_ftp/daten/covid/web/w142_200t_kt0003_zz_d_0000.xlsx
2021-09-30,,LU,,36499,47,,9,,,https://www.lustat.ch/files_ftp/daten/covid/web/w142_200t_kt0003_zz_d_0000.xlsx
2021-10-01,,LU,,36584,49,,9,,,https://www.lustat.ch/files_ftp/daten/covid/web/w142_200t_kt0003_zz_d_0000.xlsx
2021-10-02,,LU,,36661,,,,,,https://www.lustat.ch/files_ftp/daten/covid/web/w142_200t_kt0003_zz_d_0000.xlsx
2021-10-03,,LU,,36708,,,,,,https://www.lustat.ch/files_ftp/daten/covid/web/w142_200t_kt0003_zz_d_0000.xlsx
2021-10-04,,LU,,36791,36,,5,,,https://www.lustat.ch/files_ftp/daten/covid/web/w142_200t_kt0003_zz_d_0000.xlsx
2021-10-05,,LU,,36880,35,,6,,352,https://www.lustat.ch/files_ftp/daten/covid/web/w142_200t_kt0003_zz_d_0000.xlsx
2021-10-06,,LU,,36954,35,,6,,,https://www.lustat.ch/files_ftp/daten/covid/web/w142_200t_kt0003_zz_d_0000.xlsx
2021-10-07,,LU,,37030,30,,4,,354,https://www.lustat.ch/files_ftp/daten/covid/web/w142_200t_kt0003_zz_d_0000.xlsx
2021-10-08,,LU,,37126,30,,7,,,https://www.lustat.ch/files_ftp/daten/covid/web/w142_200t_kt0003_zz_d_0000.xlsx
2021-10-09,,LU,,37207,,,,,,https://www.lustat.ch/files_ftp/daten/covid/web/w142_200t_kt0003_zz_d_0000.xlsx
2021-10-10,,LU,,37265,,,,,355,https://www.lustat.ch/files_ftp/daten/covid/web/w142_200t_kt0003_zz_d_0000.xlsx
2021-10-11,,LU,,37331,29,,7,,358,https://www.lustat.ch/files_ftp/daten/covid/web/w142_200t_kt0003_zz_d_0000.xlsx
2021-10-12,,LU,,37409,30,,9,,,https://www.lustat.ch/files_ftp/daten/covid/web/w142_200t_kt0003_zz_d_0000.xlsx
2021-10-13,,LU,,37490,31,,7,,360,https://www.lustat.ch/files_ftp/daten/covid/web/w142_200t_kt0003_zz_d_0000.xlsx
2021-10-14,,LU,,37578,30,,8,,361,https://www.lustat.ch/files_ftp/daten/covid/web/w142_200t_kt0003_zz_d_0000.xlsx
2021-10-15,,LU,,37637,30,,8,,,https://www.lustat.ch/files_ftp/daten/covid/web/w142_200t_kt0003_zz_d_0000.xlsx
2021-10-16,,LU,,37698,,,,,,https://www.lustat.ch/files_ftp/daten/covid/web/w142_200t_kt0003_zz_d_0000.xlsx
2021-10-17,,LU,,37743,,,,,,https://www.lustat.ch/files_ftp/daten/covid/web/w142_200t_kt0003_zz_d_0000.xlsx
2021-10-18,,LU,,37813,30,,7,,361,https://www.lustat.ch/files_ftp/daten/covid/web/w142_200t_kt0003_zz_d_0000.xlsx
2021-10-19,,LU,,37902,29,,6,,362,https://www.lustat.ch/files_ftp/daten/covid/web/w142_200t_kt0003_zz_d_0000.xlsx
2021-10-20,,LU,,37982,27,,7,,,https://www.lustat.ch/files_ftp/daten/covid/web/w142_200t_kt0003_zz_d_0000.xlsx
2021-10-21,,LU,,38055,25,,6,,,https://www.lustat.ch/files_ftp/daten/covid/web/w142_200t_kt0003_zz_d_0000.xlsx
2021-10-22,,LU,,38136,25,,6,,363,https://www.lustat.ch/files_ftp/daten/covid/web/w142_200t_kt0003_zz_d_0000.xlsx
2021-10-23,,LU,,38188,,,,,,https://www.lustat.ch/files_ftp/daten/covid/web/w142_200t_kt0003_zz_d_0000.xlsx
2021-10-24,,LU,,38227,,,,,,https://www.lustat.ch/files_ftp/daten/covid/web/w142_200t_kt0003_zz_d_0000.xlsx
2021-10-25,,LU,,38265,23,,7,,,https://www.lustat.ch/files_ftp/daten/covid/web/w142_200t_kt0003_zz_d_0000.xlsx
2021-10-26,,LU,,38361,23,,7,,364,https://www.lustat.ch/files_ftp/daten/covid/web/w142_200t_kt0003_zz_d_0000.xlsx
2021-10-27,,LU,,38463,23,,9,,365,https://www.lustat.ch/files_ftp/daten/covid/web/w142_200t_kt0003_zz_d_0000.xlsx
2021-10-28,,LU,,38551,22,,10,,,https://www.lustat.ch/files_ftp/daten/covid/web/w142_200t_kt0003_zz_d_0000.xlsx
2021-10-29,,LU,,38640,21,,10,,366,https://www.lustat.ch/files_ftp/daten/covid/web/w142_200t_kt0003_zz_d_0000.xlsx
2021-10-30,,LU,,38733,,,,,,https://www.lustat.ch/files_ftp/daten/covid/web/w142_200t_kt0003_zz_d_0000.xlsx
2021-10-31,,LU,,38800,,,,,,https://www.lustat.ch/files_ftp/daten/covid/web/w142_200t_kt0003_zz_d_0000.xlsx
2021-11-01,,LU,,38859,,,,,,https://www.lustat.ch/files_ftp/daten/covid/web/w142_200t_kt0003_zz_d_0000.xlsx
2021-11-02,,LU,,39006,23,,9,,,https://www.lustat.ch/files_ftp/daten/covid/web/w142_200t_kt0003_zz_d_0000.xlsx
2021-11-03,,LU,,39153,23,,7,,,https://www.lustat.ch/files_ftp/daten/covid/web/w142_200t_kt0003_zz_d_0000.xlsx
2021-11-04,,LU,,39285,23,,6,,,https://www.lustat.ch/files_ftp/daten/covid/web/w142_200t_kt0003_zz_d_0000.xlsx
2021-11-05,,LU,,39433,33,,6,,,https://www.lustat.ch/files_ftp/daten/covid/web/w142_200t_kt0003_zz_d_0000.xlsx
2021-11-06,,LU,,39597,,,,,,https://www.lustat.ch/files_ftp/daten/covid/web/w142_200t_kt0003_zz_d_0000.xlsx
2021-11-07,,LU,,39704,,,,,,https://www.lustat.ch/files_ftp/daten/covid/web/w142_200t_kt0003_zz_d_0000.xlsx
2021-11-08,,LU,,39812,37,,6,,,https://www.lustat.ch/files_ftp/daten/covid/web/w142_200t_kt0003_zz_d_0000.xlsx
2021-11-09,,LU,,40062,44,,5,,367,https://www.lustat.ch/files_ftp/daten/covid/web/w142_200t_kt0003_zz_d_0000.xlsx
2021-11-10,,LU,,40239,46,,4,,,https://www.lustat.ch/files_ftp/daten/covid/web/w142_200t_kt0003_zz_d_0000.xlsx
2021-11-11,,LU,,40438,41,,4,,369,https://www.lustat.ch/files_ftp/daten/covid/web/w142_200t_kt0003_zz_d_0000.xlsx
2021-11-12,,LU,,40592,41,,4,,,https://www.lustat.ch/files_ftp/daten/covid/web/w142_200t_kt0003_zz_d_0000.xlsx
2021-11-13,,LU,,40772,,,,,,https://www.lustat.ch/files_ftp/daten/covid/web/w142_200t_kt0003_zz_d_0000.xlsx
2021-11-14,,LU,,40939,,,,,371,https://www.lustat.ch/files_ftp/daten/covid/web/w142_200t_kt0003_zz_d_0000.xlsx
2021-11-15,,LU,,41144,45,,2,,,https://www.lustat.ch/files_ftp/daten/covid/web/w142_200t_kt0003_zz_d_0000.xlsx
2021-11-16,,LU,,41441,46,,3,,,https://www.lustat.ch/files_ftp/daten/covid/web/w142_200t_kt0003_zz_d_0000.xlsx
2021-11-17,,LU,,41739,52,,6,,,https://www.lustat.ch/files_ftp/daten/covid/web/w142_200t_kt0003_zz_d_0000.xlsx
2021-11-18,,LU,,42013,50,,7,,,https://www.lustat.ch/files_ftp/daten/covid/web/w142_200t_kt0003_zz_d_0000.xlsx
2021-11-19,,LU,,42285,45,,6,,372,https://www.lustat.ch/files_ftp/daten/covid/web/w142_200t_kt0003_zz_d_0000.xlsx
2021-11-20,,LU,,42554,,,,,,https://www.lustat.ch/files_ftp/daten/covid/web/w142_200t_kt0003_zz_d_0000.xlsx
2021-11-21,,LU,,42764,,,,,374,https://www.lustat.ch/files_ftp/daten/covid/web/w142_200t_kt0003_zz_d_0000.xlsx
2021-11-22,,LU,,43032,50,,6,,,https://www.lustat.ch/files_ftp/daten/covid/web/w142_200t_kt0003_zz_d_0000.xlsx
2021-11-23,,LU,,43525,46,,6,,,https://www.lustat.ch/files_ftp/daten/covid/web/w142_200t_kt0003_zz_d_0000.xlsx
2021-11-24,,LU,,43911,50,,8,,,https://www.lustat.ch/files_ftp/daten/covid/web/w142_200t_kt0003_zz_d_0000.xlsx
2021-11-25,,LU,,44296,48,,7,,375,https://www.lustat.ch/files_ftp/daten/covid/web/w142_200t_kt0003_zz_d_0000.xlsx
2021-11-26,,LU,,44710,49,,7,,376,https://www.lustat.ch/files_ftp/daten/covid/web/w142_200t_kt0003_zz_d_0000.xlsx
2021-11-27,,LU,,45008,,,,,377,https://www.lustat.ch/files_ftp/daten/covid/web/w142_200t_kt0003_zz_d_0000.xlsx
2021-11-28,,LU,,45190,,,,,378,https://www.lustat.ch/files_ftp/daten/covid/web/w142_200t_kt0003_zz_d_0000.xlsx
2021-11-29,,LU,,45765,62,,11,,,https://www.lustat.ch/files_ftp/daten/covid/web/w142_200t_kt0003_zz_d_0000.xlsx
2021-11-30,,LU,,46132,62,,11,,382,https://www.lustat.ch/files_ftp/daten/covid/web/w142_200t_kt0003_zz_d_0000.xlsx
2021-12-01,,LU,,46591,65,,8,,,https://www.lustat.ch/files_ftp/daten/covid/web/w142_200t_kt0003_zz_d_0000.xlsx
2021-12-02,,LU,,46928,67,,9,,,https://www.lustat.ch/files_ftp/daten/covid/web/w142_200t_kt0003_zz_d_0000.xlsx
2021-12-03,,LU,,47453,67,,10,,383,https://www.lustat.ch/files_ftp/daten/covid/web/w142_200t_kt0003_zz_d_0000.xlsx
2021-12-04,,LU,,47811,,,,,384,https://www.lustat.ch/files_ftp/daten/covid/web/w142_200t_kt0003_zz_d_0000.xlsx
2021-12-05,,LU,,48110,,,,,385,https://www.lustat.ch/files_ftp/daten/covid/web/w142_200t_kt0003_zz_d_0000.xlsx
2021-12-06,,LU,,48654,76,,7,,388,https://www.lustat.ch/files_ftp/daten/covid/web/w142_200t_kt0003_zz_d_0000.xlsx
2021-12-07,,LU,,49151,71,,7,,390,https://www.lustat.ch/files_ftp/daten/covid/web/w142_200t_kt0003_zz_d_0000.xlsx
2021-12-08,,LU,,49738,,,,,,https://www.lustat.ch/files_ftp/daten/covid/web/w142_200t_kt0003_zz_d_0000.xlsx
2021-12-09,,LU,,50134,76,,8,,391,https://www.lustat.ch/files_ftp/daten/covid/web/w142_200t_kt0003_zz_d_0000.xlsx
2021-12-10,,LU,,50610,76,,8,,392,https://www.lustat.ch/files_ftp/daten/covid/web/w142_200t_kt0003_zz_d_0000.xlsx
2021-12-11,,LU,,51056,,,,,394,https://www.lustat.ch/files_ftp/daten/covid/web/w142_200t_kt0003_zz_d_0000.xlsx
2021-12-12,,LU,,51312,,,,,395,https://www.lustat.ch/files_ftp/daten/covid/web/w142_200t_kt0003_zz_d_0000.xlsx
2021-12-13,,LU,,51817,74,,8,,,https://www.lustat.ch/files_ftp/daten/covid/web/w142_200t_kt0003_zz_d_0000.xlsx
2021-12-14,,LU,,52410,66,,8,,,https://www.lustat.ch/files_ftp/daten/covid/web/w142_200t_kt0003_zz_d_0000.xlsx
2021-12-15,,LU,,52807,68,,6,,399,https://www.lustat.ch/files_ftp/daten/covid/web/w142_200t_kt0003_zz_d_0000.xlsx
2021-12-16,,LU,,53302,64,,7,,402,https://www.lustat.ch/files_ftp/daten/covid/web/w142_200t_kt0003_zz_d_0000.xlsx
2021-12-17,,LU,,53802,62,,8,,,https://www.lustat.ch/files_ftp/daten/covid/web/w142_200t_kt0003_zz_d_0000.xlsx
2021-12-18,,LU,,54121,,,,,403,https://www.lustat.ch/files_ftp/daten/covid/web/w142_200t_kt0003_zz_d_0000.xlsx
2021-12-19,,LU,,54432,,,,,404,https://www.lustat.ch/files_ftp/daten/covid/web/w142_200t_kt0003_zz_d_0000.xlsx
2021-12-20,,LU,,54737,66,,9,,,https://www.lustat.ch/files_ftp/daten/covid/web/w142_200t_kt0003_zz_d_0000.xlsx
2021-12-21,,LU,,55253,71,,8,,,https://www.lustat.ch/files_ftp/daten/covid/web/w142_200t_kt0003_zz_d_0000.xlsx
2021-12-22,,LU,,55744,66,,6,,405,https://www.lustat.ch/files_ftp/daten/covid/web/w142_200t_kt0003_zz_d_0000.xlsx
2021-12-23,,LU,,56271,65,,6,,,https://www.lustat.ch/files_ftp/daten/covid/web/w142_200t_kt0003_zz_d_0000.xlsx
2021-12-24,,LU,,56811,64,,5,,406,https://www.lustat.ch/files_ftp/daten/covid/web/w142_200t_kt0003_zz_d_0000.xlsx
2021-12-25,,LU,,57118,,,,,,https://www.lustat.ch/files_ftp/daten/covid/web/w142_200t_kt0003_zz_d_0000.xlsx
2021-12-26,,LU,,57532,,,,,,https://www.lustat.ch/files_ftp/daten/covid/web/w142_200t_kt0003_zz_d_0000.xlsx
2021-12-27,,LU,,58063,54,,6,,407,https://www.lustat.ch/files_ftp/daten/covid/web/w142_200t_kt0003_zz_d_0000.xlsx
2021-12-28,,LU,,58654,53,,5,,410,https://www.lustat.ch/files_ftp/daten/covid/web/w142_200t_kt0003_zz_d_0000.xlsx
2021-12-29,,LU,,59336,60,,5,,,https://www.lustat.ch/files_ftp/daten/covid/web/w142_200t_kt0003_zz_d_0000.xlsx
2021-12-30,,LU,,60159,53,,6,,,https://www.lustat.ch/files_ftp/daten/covid/web/w142_200t_kt0003_zz_d_0000.xlsx
2021-12-31,,LU,,60819,55,,7,,411,https://www.lustat.ch/files_ftp/daten/covid/web/w142_200t_kt0003_zz_d_0000.xlsx
2022-01-01,,LU,,61419,,,,,414,https://www.lustat.ch/files_ftp/daten/covid/web/w142_200t_kt0003_zz_d_0000.xlsx
2022-01-02,,LU,,61951,,,,,,https://www.lustat.ch/files_ftp/daten/covid/web/w142_200t_kt0003_zz_d_0000.xlsx
2022-01-03,,LU,,62629,52,,8,,416,https://www.lustat.ch/files_ftp/daten/covid/web/w142_200t_kt0003_zz_d_0000.xlsx
2022-01-04,,LU,,63848,51,,6,,,https://www.lustat.ch/files_ftp/daten/covid/web/w142_200t_kt0003_zz_d_0000.xlsx
2022-01-05,,LU,,64947,46,,7,,418,https://www.lustat.ch/files_ftp/daten/covid/web/w142_200t_kt0003_zz_d_0000.xlsx
2022-01-06,,LU,,65750,52,,7,,419,https://www.lustat.ch/files_ftp/daten/covid/web/w142_200t_kt0003_zz_d_0000.xlsx
2022-01-07,,LU,,66850,55,,6,,421,https://www.lustat.ch/files_ftp/daten/covid/web/w142_200t_kt0003_zz_d_0000.xlsx
2022-01-08,,LU,,67484,,,,,,https://www.lustat.ch/files_ftp/daten/covid/web/w142_200t_kt0003_zz_d_0000.xlsx
2022-01-09,,LU,,68246,,,,,422,https://www.lustat.ch/files_ftp/daten/covid/web/w142_200t_kt0003_zz_d_0000.xlsx
2022-01-10,,LU,,68958,55,,7,,424,https://www.lustat.ch/files_ftp/daten/covid/web/w142_200t_kt0003_zz_d_0000.xlsx
2022-01-11,,LU,,70644,60,,6,,,https://www.lustat.ch/files_ftp/daten/covid/web/w142_200t_kt0003_zz_d_0000.xlsx
2022-01-12,,LU,,72101,62,,6,,,https://www.lustat.ch/files_ftp/daten/covid/web/w142_200t_kt0003_zz_d_0000.xlsx
2022-01-13,,LU,,73445,62,,6,,,https://www.lustat.ch/files_ftp/daten/covid/web/w142_200t_kt0003_zz_d_0000.xlsx
2022-01-14,,LU,,74729,57,,6,,,https://www.lustat.ch/files_ftp/daten/covid/web/w142_200t_kt0003_zz_d_0000.xlsx
2022-01-15,,LU,,75621,,,,,,https://www.lustat.ch/files_ftp/daten/covid/web/w142_200t_kt0003_zz_d_0000.xlsx
2022-01-16,,LU,,76876,,,,,425,https://www.lustat.ch/files_ftp/daten/covid/web/w142_200t_kt0003_zz_d_0000.xlsx
2022-01-17,,LU,,,56,,5,,,https://www.lustat.ch/files_ftp/daten/covid/web/w142_200t_kt0003_zz_d_0000.xlsx
