date,time,abbreviation_canton_and_fl,ncumul_tested,ncumul_conf,ncumul_hosp,ncumul_ICU,ncumul_vent,ncumul_released,ncumul_deceased,source,current_hosp_non_resident,current_quarantined_riskareatravel,current_quarantined_total,current_hosp_resident
2020-02-27,19:17,BS,,1,3,0,,,,https://www.coronavirus.bs.ch/nm/2020-coronavirus-erster-positiver-fall-in-basel-stadt-zweiter-positiv-getesteter-ausserkantonaler-fall-gd.html,1,,,2
2020-02-28,10:15,BS,,1,3,0,,,,https://twitter.com/BR_Sprecher/status/1233316679863631873?s=20,1,,,2
2020-02-29,15:23,BS,,1,4,0,,,,https://twitter.com/BAG_OFSP_UFSP/status/1233759578241863681?s=20,2,,,2
2020-03-01,17:29,BS,,1,4,0,,,,https://www.coronavirus.bs.ch/nm/2020-coronavirus-anzahl-der-getesteten-faelle-und-zwischenstand-kita-riehen-gd.html,2,,,2
2020-03-02,17:15,BS,235,1,7,0,,,,https://www.coronavirus.bs.ch/nm/2020-coronavirus-zwei-neue-positive-faelle-in-basel-stadt-gd.html,3,,,4
2020-03-03,17:30,BS,,3,9,1,,,,https://twitter.com/BAG_OFSP_UFSP/status/1234880556095213569?s=20,3,,,6
2020-03-04,17:20,BS,,3,11,2,,,,https://twitter.com/BAG_OFSP_UFSP/status/1235240377134862336?s=20,4,,,7
2020-03-05,17:15,BS,,8,12,1,,,,https://www.coronavirus.bs.ch/nm/2020-coronavirus-fuenf-neue-positive-faelle-in-basel-stadt-gd.html,4,,,8
2020-03-06,14:00,BS,,15,12,1,,,,https://twitter.com/BAG_OFSP_UFSP/status/1235934884167852035?s=20,3,,,9
2020-03-07,12:00,BS,,21,12,1,,,,https://twitter.com/BAG_OFSP_UFSP/status/1236249864473894914?s=20,3,,,9
2020-03-08,12:00,BS,,24,13,1,,,,https://twitter.com/BAG_OFSP_UFSP/status/1236609191831384064?s=20,4,,,9
2020-03-09,12:00,BS,,28,19,1,,,,https://twitter.com/BAG_OFSP_UFSP/status/1236973685602426881?s=20,6,,,13
2020-03-10,12:00,BS,,33,23,2,,,,https://twitter.com/BAG_OFSP_UFSP/status/1237336196772175873?s=20,7,,,16
2020-03-11,12:00,BS,,49,27,2,,4,,https://www.coronavirus.bs.ch/nm/2020-coronavirus-ende-der-quarantaenemassnahmen-im-fall-kita-riehen-gd.html,7,,,20
2020-03-12,12:00,BS,,73,30,2,,4,1,https://twitter.com/BAG_OFSP_UFSP/status/1238073089902235648?s=20 https://www.coronavirus.bs.ch/nm/2020-coronavirus-erster-todesfall-im-kanton-basel-stadt-gd.html,8,,,22
2020-03-13,12:30,BS,,92,31,4,,4,1,https://twitter.com/BAG_OFSP_UFSP/status/1238430659762364417?s=20,8,,,23
2020-03-14,11:27,BS,,100,39,5,,4,1,https://twitter.com/BAG_OFSP_UFSP/status/1238773726423941127?s=20,10,,,29
2020-03-15,12:00,BS,,,41,6,,,,,11,,,30
2020-03-16,12:00,BS,,143,46,6,,4,4,https://www.coronavirus.bs.ch/nm/2020-tagesbulletin-coronavirus-144-bestaetigte-faelle-im-kanton-basel-stadt-gd.html,13,,,33
2020-03-17,12:00,BS,,164,48,7,,25,4,https://www.coronavirus.bs.ch/nm/2020-tagesbulletin-coronavirus-165-bestaetigte-faelle-im-kanton-basel-stadt-gd.html,14,,,34
2020-03-18,11:15,BS,,181,52,7,,36,4,https://www.coronavirus.bs.ch/nm/2020-tagesbulletin-coronavirus-182-bestaetigte-faelle-im-kanton-basel-stadt-treffen-mit-allen-spitaelern-gd.html,16,,,36
2020-03-19,11:00,BS,,220,50,6,,44,4,https://www.coronavirus.bs.ch/nm/2020-tagesbulletin-coronavirus-222-bestaetigte-faelle-basel-stadt-trifft-gemeinsam-mit-den-spitaelern-vorkehrungen-fuer-intensiv--und-beatmungskapazitaeten-gd.html,13,,,37
2020-03-20,10:00,BS,,270,50,5,,46,4,https://www.coronavirus.bs.ch/nm/2020-tagesbulletin-coronavirus-272-bestaetigte-faelle-im-kanton-basel-stadt-gd.html,12,,,38
2020-03-21,10:00,BS,,297,65,6,,57,5,https://www.coronavirus.bs.ch/nm/2020-tagesbulletin-coronavirus-299-bestaetigte-faelle-im-kanton-basel-stadt-gd.html,18,,,47
2020-03-22,10:30,BS,,356,68,6,,73,5,https://www.coronavirus.bs.ch/nm/2020-tagesbulletin-coronavirus-358-bestaetigte-faelle-im-kanton-basel-stadt-gd.html,20,,,48
2020-03-23,10:00,BS,,374,76,6,,78,5,https://www.coronavirus.bs.ch/nm/2020-tagesbulletin-coronavirus-376-bestaetigte-faelle-im-kanton-basel-stadt-gd.html,22,,,54
2020-03-24,09:00,BS,,410,73,7,,105,5,https://www.coronavirus.bs.ch/nm/2020-tagesbulletin-coronavirus-414-bestaetigte-faelle-im-kanton-basel-stadt-gd.html,21,,,52
2020-03-25,10:00,BS,,462,74,8,,128,8,https://www.coronavirus.bs.ch/nm/2020-tagesbulletin-coronavirus-466-bestaetigte-faelle-im-kanton-basel-stadt-gd.html,20,,,54
2020-03-26,10:30,BS,,501,75,8,,155,12,https://www.coronavirus.bs.ch/nm/2020-tagesbulletin-coronavirus-505-bestaetigte-faelle-im-kanton-basel-stadt-gd.html,19,,,56
2020-03-27,10:00,BS,,530,78,11,,191,13,https://www.coronavirus.bs.ch/nm/2020-tagesbulletin-coronavirus-534-bestaetigte-faelle-im-kanton-basel-stadt-gd.html,20,,,58
2020-03-28,10:00,BS,,569,86,12,,211,13,https://www.coronavirus.bs.ch/nm/2020-tagesbulletin-coronavirus-573-bestaetigte-faelle-im-kanton-basel-stadt-gd.html,22,,,64
2020-03-29,10:00,BS,,605,89,12,,228,15,https://www.coronavirus.bs.ch/nm/2020-tagesbulletin-coronavirus-609-bestaetigte-faelle-im-kanton-basel-stadt-gd.html,20,,,69
2020-03-30,10:00,BS,,617,104,15,,263,15,https://www.coronavirus.bs.ch/nm/2020-tagesbulletin-coronavirus-621-bestaetigte-faelle-im-kanton-basel-stadt-gd.html,23,,,81
2020-03-31,10:00,BS,,653,107,16,,292,16,https://www.coronavirus.bs.ch/nm/2020-tagesbulletin-coronavirus-628-bestaetigte-faelle-im-kanton-basel-stadt-gd.html https://www.coronavirus.bs.ch/nm/2020-tagesbulletin-coronavirus-691-bestaetigte-faelle-im-kanton-basel-stadt-gd.html,20,,,87
2020-04-01,10:00,BS,,687,117,17,,323,18,https://www.coronavirus.bs.ch/nm/2020-tagesbulletin-coronavirus-691-bestaetigte-faelle-im-kanton-basel-stadt-gd.html,24,,,93
2020-04-02,10:00,BS,,714,112,17,,350,19,https://www.gd.bs.ch//nm/2020-tagesbulletin-coronavirus-718-bestaetigte-faelle-im-kanton-basel-stadt-gd.html,22,,,90
2020-04-03,08:30,BS,,754,109,16,,397,21,https://www.gd.bs.ch/nm/2020-tagesbulletin-coronavirus-748-bestaetigte-faelle-im-kanton-basel-stadt-gd.html https://www.coronavirus.bs.ch/nm/2020-tagesbulletin-coronavirus-771-bestaetigte-faelle-im-kanton-basel-stadt-gd.html,21,,,88
2020-04-04,10:15,BS,,767,105,15,,434,24,https://www.gd.bs.ch//nm/2020-tagesbulletin-coronavirus-771-bestaetigte-faelle-im-kanton-basel-stadt-gd.html,23,,,82
2020-04-05,10:15,BS,,789,97,13,,460,26,https://www.gd.bs.ch//nm/2020-tagesbulletin-coronavirus-794-bestaetigte-faelle-im-kanton-basel-stadt-gd.html,21,,,76
2020-04-06,09:45,BS,,798,98,13,,481,26,https://www.coronavirus.bs.ch/nm/2020-tagesbulletin-coronavirus-803-bestaetigte-faelle-im-kanton-basel-stadt-gd.html,18,,,80
2020-04-07,09:30,BS,,808,97,14,,508,28,https://www.gd.bs.ch//nm/2020-tagesbulletin-coronavirus-813-bestaetigte-faelle-im-kanton-basel-stadt-gd.html,16,,,81
2020-04-08,10:00,BS,,829,90,13,,535,31,https://www.gd.bs.ch//nm/2020-tagesbulletin-coronavirus-834-bestaetigte-faelle-im-kanton-basel-stadt-gd.html,19,,,71
2020-04-09,10:00,BS,,841,84,13,,572,33,https://www.gd.bs.ch//nm/2020-tagesbulletin-coronavirus-846-bestaetigte-faelle-im-kanton-basel-stadt-gd.html,21,,,63
2020-04-10,10:00,BS,,854,90,14,,593,33,https://www.gd.bs.ch//nm/2020-tagesbulletin-coronavirus-859-bestaetigte-faelle-im-kanton-basel-stadt-gd.html,24,,,66
2020-04-11,09:30,BS,,861,84,12,,612,33,https://www.gd.bs.ch//nm/2020-tagesbulletin-coronavirus-866-bestaetigte-faelle-im-kanton-basel-stadt-gd.html,23,,,61
2020-04-12,10:00,BS,,877,88,9,,629,33,https://www.gd.bs.ch//nm/2020-tagesbulletin-coronavirus-882-bestaetigte-faelle-im-kanton-basel-stadt-gd.html,24,,,64
2020-04-13,10:00,BS,,888,84,9,,653,34,https://www.gd.bs.ch//nm/2020-tagesbulletin-coronavirus-893-bestaetigte-faelle-im-kanton-basel-stadt-gd.html,25,,,59
2020-04-14,10:00,BS,,894,78,7,,663,34,https://www.gd.bs.ch//nm/2020-tagesbulletin-coronavirus-899-bestaetigte-faelle-im-kanton-basel-stadt-gd.html,22,,,56
2020-04-15,10:00,BS,,904,75,6,,682,36,https://www.gd.bs.ch//nm/2020-tagesbulletin-coronavirus-909-bestaetigte-faelle-im-kanton-basel-stadt-gd.html,22,,,53
2020-04-16,09:00,BS,,912,67,7,,711,37,https://www.gd.bs.ch//nm/2020-tagesbulletin-coronavirus-917-bestaetigte-faelle-im-kanton-basel-stadt-gd.html,18,,,49
2020-04-17,09:00,BS,,918,66,8,,720,37,https://www.gd.bs.ch//nm/2020-tagesbulletin-coronavirus-923-bestaetigte-faelle-im-kanton-basel-stadt-gd.html,18,,,48
2020-04-18,09:45,BS,,924,60,7,,753,40,https://www.gd.bs.ch//nm/2020-tagesbulletin-coronavirus-929-bestaetigte-faelle-im-kanton-basel-stadt-gd.html,19,,,41
2020-04-19,10:00,BS,,927,56,8,,764,40,https://www.gd.bs.ch//nm/2020-tagesbulletin-coronavirus-932-bestaetigte-faelle-im-kanton-basel-stadt-gd.html,20,,,36
2020-04-20,09:30,BS,,928,53,9,,770,42,https://www.gd.bs.ch//nm/2020-tagesbulletin-coronavirus-933-bestaetigte-faelle-im-kanton-basel-stadt-gd.html,19,,,34
2020-04-21,09:15,BS,,928,48,7,,781,44,https://www.gd.bs.ch//nm/2020-tagesbulletin-coronavirus-933-bestaetigte-faelle-im-kanton-basel-stadt-gd-2.html,16,,,32
2020-04-22,09:45,BS,,928,41,7,,786,45,https://www.gd.bs.ch//nm/2020-tagesbulletin-coronavirus-933-bestaetigte-faelle-im-kanton-basel-stadt-gd-3.html,13,,,28
2020-04-23,09:00,BS,,931,39,7,,793,45,https://www.gd.bs.ch//nm/2020-tagesbulletin-coronavirus-931-bestaetigte-faelle-im-kanton-basel-stadt-gd.html,13,,,26
2020-04-24,09:15,BS,,936,30,6,,800,46,https://www.gd.bs.ch//nm/2020-tagesbulletin-coronavirus-936-bestaetigte-faelle-im-kanton-basel-stadt-gd.html,8,,,22
2020-04-25,09:30,BS,,938,28,7,,,46,https://www.gd.bs.ch//nm/2020-tagesbulletin-coronavirus-941-bestaetigte-faelle-im-kanton-basel-stadt-gd.html,7,,,21
2020-04-26,09:30,BS,,940,27,6,,,46,https://www.gd.bs.ch//nm/2020-tagesbulletin-coronavirus-941-bestaetigte-faelle-im-kanton-basel-stadt-gd.html,6,,,21
2020-04-27,10:30,BS,,941,27,6,,,46,https://www.gd.bs.ch//nm/2020-tagesbulletin-coronavirus-941-bestaetigte-faelle-im-kanton-basel-stadt-gd.html,6,,,21
2020-04-28,09:30,BS,,943,25,6,,,49,https://www.gd.bs.ch//nm/2020-tagesbulletin-coronavirus-943-bestaetigte-faelle-im-kanton-basel-stadt-gd.html,7,,,18
2020-04-29,10:30,BS,,946,23,7,,810,49,https://www.gd.bs.ch//nm/2020-tagesbulletin-coronavirus-946-bestaetigte-faelle-im-kanton-basel-stadt-gd.html,6,,,17
2020-04-30,09:00,BS,,951,21,5,,828,50,https://www.gd.bs.ch//nm/2020-tagesbulletin-coronavirus-951-bestaetigte-faelle-im-kanton-basel-stadt-gd.html,7,,,14
2020-05-01,10:00,BS,,952,21,5,,833,50,https://www.gd.bs.ch//nm/2020-tagesbulletin-coronavirus-958-bestaetigte-faelle-im-kanton-basel-stadt-gd.html,8,,,13
2020-05-02,10:00,BS,,955,21,5,,835,50,https://www.gd.bs.ch//nm/2020-tagesbulletin-coronavirus-958-bestaetigte-faelle-im-kanton-basel-stadt-gd.html,8,,,13
2020-05-03,10:00,BS,,956,22,4,,839,50,https://www.gd.bs.ch//nm/2020-tagesbulletin-coronavirus-958-bestaetigte-faelle-im-kanton-basel-stadt-gd.html,8,,,14
2020-05-04,10:00,BS,,958,21,4,,840,50,https://www.gd.bs.ch//nm/2020-tagesbulletin-coronavirus-958-bestaetigte-faelle-im-kanton-basel-stadt-gd.html,8,,,13
2020-05-05,09:00,BS,,959,21,4,,842,50,https://www.gd.bs.ch//nm/2020-tagesbulletin-coronavirus-959-bestaetigte-faelle-im-kanton-basel-stadt-gd.html,8,,,13
2020-05-06,09:30,BS,,962,20,4,,868,50,https://www.gd.bs.ch//nm/2020-tagesbulletin-coronavirus-962-bestaetigte-faelle-im-kanton-basel-stadt-gd.html,7,,,13
2020-05-07,10:00,BS,,965,19,4,,870,50,https://www.gd.bs.ch//nm/2020-tagesbulletin-coronavirus-965-bestaetigte-faelle-im-kanton-basel-stadt-gd.html,7,,,12
2020-05-08,08:30,BS,,966,16,3,,874,50,https://www.gd.bs.ch//nm/2020-tagesbulletin-coronavirus-966-bestaetigte-faelle-im-kanton-basel-stadt-gd.html,5,,,11
2020-05-09,09:00,BS,,967,14,3,,881,50,https://www.gd.bs.ch//nm/2020-tagesbulletin-coronavirus-970-bestaetigte-faelle-im-kanton-basel-stadt-gd.html,5,,,9
2020-05-10,09:00,BS,,968,14,3,,882,50,https://www.gd.bs.ch//nm/2020-tagesbulletin-coronavirus-970-bestaetigte-faelle-im-kanton-basel-stadt-gd.html,5,,,9
2020-05-11,09:00,BS,,970,15,3,,884,50,https://www.gd.bs.ch//nm/2020-tagesbulletin-coronavirus-970-bestaetigte-faelle-im-kanton-basel-stadt-gd.html,5,,,10
2020-05-12,09:50,BS,,970,12,3,,892,50,https://www.gd.bs.ch//nm/2020-tagesbulletin-coronavirus-970-bestaetigte-faelle-im-kanton-basel-stadt-gd-2.html,5,,,7
2020-05-13,08:30,BS,,970,11,3,,894,50,https://www.gd.bs.ch//nm/2020-tagesbulletin-coronavirus-970-bestaetigte-faelle-im-kanton-basel-stadt-gd-3.html,5,,,6
2020-05-14,09:15,BS,,971,11,3,,895,50,https://www.gd.bs.ch//nm/2020-tagesbulletin-coronavirus-971-bestaetigte-faelle-im-kanton-basel-stadt-gd.html,5,,,6
2020-05-15,08:30,BS,,972,11,3,,897,50,https://www.gd.bs.ch//nm/2020-tagesbulletin-coronavirus-972-bestaetigte-faelle-im-kanton-basel-stadt-gd.html,5,,,6
2020-05-16,08:30,BS,,974,11,3,,904,50,https://www.gd.bs.ch//nm/2020-tagesbulletin-coronavirus-974-bestaetigte-faelle-im-kanton-basel-stadt-gd.html,5,,,6
2020-05-17,08:30,BS,,974,12,3,,904,50,https://www.gd.bs.ch//nm/2020-tagesbulletin-coronavirus-974-bestaetigte-faelle-im-kanton-basel-stadt-gd.html,5,,,7
2020-05-18,08:30,BS,,974,12,3,,904,50,https://www.gd.bs.ch//nm/2020-tagesbulletin-coronavirus-974-bestaetigte-faelle-im-kanton-basel-stadt-gd.html,5,,,7
2020-05-19,08:30,BS,,975,7,3,,916,50,https://www.gd.bs.ch//nm/2020-tagesbulletin-coronavirus-975-bestaetigte-faelle-im-kanton-basel-stadt-gd.html,3,,,4
2020-05-20,08:30,BS,,976,7,3,,916,50,https://www.gd.bs.ch//nm/2020-tagesbulletin-coronavirus-976-bestaetigte-faelle-im-kanton-basel-stadt-gd.html,3,,,4
2020-05-21,09:00,BS,,976,7,3,,916,50,https://www.gd.bs.ch//nm/2020-tagesbulletin-coronavirus-976-bestaetigte-faelle-im-kanton-basel-stadt-gd-2.html,3,,,4
2020-05-22,09:00,BS,,976,6,3,,916,50,https://www.gd.bs.ch//nm/2020-tagesbulletin-coronavirus-976-bestaetigte-faelle-im-kanton-basel-stadt-gd-2.html,3,,,3
2020-05-23,09:00,BS,,976,5,2,,916,50,https://www.gd.bs.ch//nm/2020-tagesbulletin-coronavirus-976-bestaetigte-faelle-im-kanton-basel-stadt-gd-3.html,2,,,3
2020-05-24,09:00,BS,,976,5,2,,916,50,https://www.gd.bs.ch//nm/2020-tagesbulletin-coronavirus-976-bestaetigte-faelle-im-kanton-basel-stadt-gd-3.html,2,,,3
2020-05-25,09:00,BS,,976,4,2,,920,50,https://www.gd.bs.ch//nm/2020-tagesbulletin-coronavirus-976-bestaetigte-faelle-im-kanton-basel-stadt-gd-3.html,2,,9,2
2020-05-26,10:00,BS,,976,4,2,,922,50,https://www.gd.bs.ch//nm/2020-tagesbulletin-coronavirus-weiterhin-976-bestaetigte-faelle-im-kanton-basel-stadt-gd.html,2,,7,2
2020-05-27,09:00,BS,,976,4,2,,923,50,https://www.coronavirus.bs.ch//nm/2020-tagesbulletin-coronavirus-noch-drei-aktive-faelle-im-kanton-basel-stadt-gd.html,2,,6,2
2020-05-28,09:30,BS,,976,4,2,,923,50,https://www.gd.bs.ch/nm/2020-tagesbulletin-coronavirus-weiterhin-total-976-bestaetigte-infektionen-und-noch-drei-aktive-faelle-im-kanton-basel-stadt-gd.html,2,,0,2
2020-05-29,10:00,BS,,978,5,3,,923,50,https://www.gd.bs.ch//nm/2020-tagesbulletin-coronavirus-978-bestaetigte-infektionen-im-kanton-basel-stadt-gd.html,3,,3,2
2020-05-30,10:00,BS,,978,5,3,,923,50,https://www.gd.bs.ch//nm/2020-tagesbulletin-coronavirus-978-bestaetigte-faelle-im-kanton-basel-stadt-gd.html,3,,73,2
2020-05-31,10:00,BS,,978,5,3,,923,50,https://www.gd.bs.ch//nm/2020-tagesbulletin-coronavirus-978-bestaetigte-faelle-im-kanton-basel-stadt-gd.html,3,,73,2
2020-06-01,10:00,BS,,978,5,3,,923,50,https://www.gd.bs.ch//nm/2020-tagesbulletin-coronavirus-978-bestaetigte-faelle-im-kanton-basel-stadt-gd.html,3,,84,2
2020-06-02,10:00,BS,,978,6,3,,923,50,https://www.gd.bs.ch//nm/2020-tagesbulletin-coronavirus-978-bestaetigte-faelle-im-kanton-basel-stadt-gd.html,3,,84,3
2020-06-03,10:30,BS,,979,6,3,,923,50,https://www.gd.bs.ch//nm/2020-tagesbulletin-coronavirus-979-bestaetigte-faelle-im-kanton-basel-stadt-gd.html,3,,91,3
2020-06-04,10:00,BS,,979,6,3,,924,50,https://www.gd.bs.ch//nm/2020-tagesbulletin-coronavirus-979-bestaetigte-faelle-im-kanton-basel-stadt-gd-2.html,3,,92,3
2020-06-05,08:45,BS,,982,5,3,,924,50,https://www.gd.bs.ch//nm/2020-tagesbulletin-coronavirus-982-bestaetigte-faelle-im-kanton-basel-stadt-gd.html,3,,93,2
2020-06-06,10:00,BS,,982,4,3,,926,50,https://www.gd.bs.ch//nm/2020-tagesbulletin-coronavirus-unveraendert-982-bestaetigte-faelle-im-kanton-basel-stadt-gd.html,3,,15,1
2020-06-07,10:00,BS,,982,4,3,,926,50,https://www.gd.bs.ch//nm/2020-tagesbulletin-coronavirus-unveraendert-982-bestaetigte-faelle-im-kanton-basel-stadt-gd.html,3,,14,1
2020-06-08,10:00,BS,,982,4,3,,928,50,https://www.gd.bs.ch//nm/2020-tagesbulletin-coronavirus-unveraendert-982-bestaetigte-faelle-im-kanton-basel-stadt-gd.html,3,,8,1
2020-06-09,10:00,BS,,983,4,3,,928,50,https://www.gd.bs.ch//nm/2020-tagesbulletin-coronavirus-983-bestaetigte-faelle-im-kanton-basel-stadt-gd.html,3,,7,1
2020-06-10,09:30,BS,,983,3,2,,928,50,https://www.gd.bs.ch//nm/2020-tagesbulletin-coronavirus-983-bestaetigte-faelle-im-kanton-basel-stadt-gd-2.html,3,,5,0
2020-06-11,09:30,BS,,983,3,2,,929,50,https://www.gd.bs.ch//nm/2020-tagesbulletin-coronavirus-983-bestaetigte-faelle-im-kanton-basel-stadt-gd-3.html,3,,5,0
2020-06-12,09:30,BS,,983,3,2,,930,50,https://www.gd.bs.ch//nm/2020-tagesbulletin-coronavirus-983-bestaetigte-faelle-im-kanton-basel-stadt-gd-4.html,3,,5,0
2020-06-13,09:30,BS,,983,3,2,,931,50,https://www.gd.bs.ch//nm/2020-tagesbulletin-coronavirus-unveraendert-983-bestaetigte-faelle-im-kanton-basel-stadt-gd.html,3,,4,0
2020-06-14,09:30,BS,,983,3,2,,932,50,https://www.gd.bs.ch//nm/2020-tagesbulletin-coronavirus-unveraendert-983-bestaetigte-faelle-im-kanton-basel-stadt-gd.html https://www.bag.admin.ch/dam/bag/de/dokumente/mt/k-und-i/aktuelle-ausbrueche-pandemien/2019-nCoV/bisherige-lageberichte-zip.zip.download.zip/Epidemiologische_Lage_Schweiz.zip,3,,2,0
2020-06-15,09:30,BS,,983,3,2,,932,50,https://www.gd.bs.ch//nm/2020-tagesbulletin-coronavirus-unveraendert-983-bestaetigte-faelle-im-kanton-basel-stadt-gd.html,3,,0,0
2020-06-16,09:30,BS,,983,3,2,,932,50,https://www.gd.bs.ch//nm/2020-tagesbulletin-coronavirus-unveraendert-983-bestaetigte-faelle-im-kanton-basel-stadt-gd-2.html,3,,0,0
2020-06-17,09:30,BS,,984,3,2,,932,50,https://www.gd.bs.ch//nm/2020-tagesbulletin-coronavirus-984-bestaetigte-faelle-im-kanton-basel-stadt-gd.html,3,,3,0
2020-06-18,09:30,BS,,984,3,2,,933,50,https://www.gd.bs.ch//nm/2020-tagesbulletin-coronavirus-984-bestaetigte-faelle-im-kanton-basel-stadt-gd-2.html,3,,3,0
2020-06-19,09:30,BS,,985,3,2,,933,50,https://www.gd.bs.ch//nm/2020-tagesbulletin-coronavirus-985-bestaetigte-faelle-im-kanton-basel-stadt-gd.html,3,,3,0
2020-06-20,09:30,BS,,985,2,1,,933,50,https://www.gd.bs.ch//nm/2020-tagesbulletin-coronavirus-unveraendert-985-bestaetigte-faelle-im-kanton-basel-stadt-gd.html,2,,4,0
2020-06-21,09:30,BS,,985,2,1,,934,50,https://www.gd.bs.ch//nm/2020-tagesbulletin-coronavirus-unveraendert-985-bestaetigte-faelle-im-kanton-basel-stadt-gd.html https://www.bag.admin.ch/dam/bag/de/dokumente/mt/k-und-i/aktuelle-ausbrueche-pandemien/2019-nCoV/bisherige-lageberichte-zip.zip.download.zip/Epidemiologische_Lage_Schweiz.zip,2,,4,0
2020-06-22,09:30,BS,,985,2,1,,934,50,https://www.gd.bs.ch//nm/2020-tagesbulletin-coronavirus-unveraendert-985-bestaetigte-faelle-im-kanton-basel-stadt-gd.html,2,,6,0
2020-06-23,10:00,BS,,985,2,1,,934,50,https://www.gd.bs.ch//nm/2020-tagesbulletin-coronavirus-unveraendert-985-bestaetigte-faelle-im-kanton-basel-stadt-gd-2.html,2,,4,0
2020-06-24,09:30,BS,,985,1,1,,934,50,https://www.gd.bs.ch//nm/2020-tagesbulletin-coronavirus-unveraendert-985-bestaetigte-faelle-im-kanton-basel-stadt-gd-3.html,1,,5,0
2020-06-25,09:30,BS,,985,1,1,,934,50,https://www.gd.bs.ch//nm/2020-tagesbulletin-coronavirus-unveraendert-985-bestaetigte-faelle-im-kanton-basel-stadt-gd-4.html,1,,6,0
2020-06-26,08:50,BS,,985,1,1,,934,50,https://www.gesundheit.bs.ch,1,,6,0
2020-06-27,09:20,BS,,985,1,1,,934,50,https://www.gesundheit.bs.ch,1,,5,0
2020-06-28,13:00,BS,,985,1,1,,934,50,https://www.gesundheit.bs.ch https://www.bag.admin.ch/dam/bag/de/dokumente/mt/k-und-i/aktuelle-ausbrueche-pandemien/2019-nCoV/bisherige-lageberichte-zip.zip.download.zip/Epidemiologische_Lage_Schweiz.zip,1,,5,0
2020-06-29,09:45,BS,,985,1,1,,934,50,https://www.gesundheit.bs.ch,1,,6,0
2020-06-30,08:30,BS,,985,0,0,,935,50,https://www.gesundheit.bs.ch,0,,7,0
2020-07-01,09:15,BS,,985,0,0,,935,50,https://www.gesundheit.bs.ch,0,,7,0
2020-07-02,09:00,BS,,986,1,0,,935,50,https://www.gesundheit.bs.ch,0,,7,1
2020-07-03,09:30,BS,,988,3,0,,935,50,https://www.gesundheit.bs.ch,1,,10,2
2020-07-04,09:15,BS,,989,3,0,,935,50,https://www.gesundheit.bs.ch,1,,12,2
2020-07-05,09:00,BS,,990,4,1,,935,50,https://www.gesundheit.bs.ch https://www.bag.admin.ch/dam/bag/de/dokumente/mt/k-und-i/aktuelle-ausbrueche-pandemien/2019-nCoV/bisherige-lageberichte-zip.zip.download.zip/Epidemiologische_Lage_Schweiz.zip,1,,10,3
2020-07-06,08:15,BS,,990,4,1,,935,50,https://www.gesundheit.bs.ch,1,,10,3
2020-07-07,08:00,BS,,993,5,1,,935,50,https://www.gesundheit.bs.ch,1,,16,4
2020-07-08,08:15,BS,,996,5,1,,935,50,https://www.gesundheit.bs.ch,1,,24,4
2020-07-09,09:00,BS,,999,5,1,,935,50,https://www.gesundheit.bs.ch,1,,46,4
2020-07-10,08:15,BS,,1004,4,1,,935,50,https://www.gesundheit.bs.ch,0,,57,4
2020-07-11,09:00,BS,,1006,3,1,,937,50,https://www.gesundheit.bs.ch,0,20,84,3
2020-07-12,08:45,BS,,1008,5,1,,937,50,https://www.gesundheit.bs.ch https://www.bag.admin.ch/dam/bag/de/dokumente/mt/k-und-i/aktuelle-ausbrueche-pandemien/2019-nCoV/covid-19-woechentlicher-lagebericht.pdf.download.pdf/BAG_COVID-19_Woechentliche_Lage.pdf,1,18,108,4
2020-07-13,10:00,BS,,1009,5,1,,940,50,https://www.gesundheit.bs.ch,1,,138,4
2020-07-14,08:35,BS,,1014,5,2,,940,50,https://www.gesundheit.bs.ch,1,130,169,4
2020-07-15,08:45,BS,,1016,5,2,,943,50,https://www.gesundheit.bs.ch,1,161,200,4
2020-07-16,08:25,BS,,1018,6,3,,943,50,https://www.gesundheit.bs.ch,1,168,210,5
2020-07-17,08:15,BS,,1022,6,2,,949,50,https://www.gesundheit.bs.ch,1,188,236,5
2020-07-18,10:00,BS,,1024,6,2,,956,50,https://www.gesundheit.bs.ch,1,206,250,5
2020-07-19,14:44,BS,,1025,7,3,,958,50,https://www.gesundheit.bs.ch https://www.bag.admin.ch/dam/bag/de/dokumente/mt/k-und-i/aktuelle-ausbrueche-pandemien/2019-nCoV/covid-19-woechentlicher-lagebericht.pdf.download.pdf/BAG_COVID-19_Woechentliche_Lage.pdf,1,247,279,6
2020-07-20,08:45,BS,,1026,6,3,,958,50,https://www.gesundheit.bs.ch,1,246,278,5
2020-07-21,08:45,BS,,1032,5,3,,963,50,https://www.gesundheit.bs.ch,1,294,326,4
2020-07-22,07:50,BS,,1032,4,2,,964,50,https://www.gesundheit.bs.ch,1,309,348,3
2020-07-23,09:00,BS,,1033,4,2,,964,51,https://www.gesundheit.bs.ch,1,281,316,3
2020-07-24,08:45,BS,,1034,4,2,,968,51,https://www.gesundheit.bs.ch,0,327,358,4
2020-07-25,09:00,BS,,1035,3,2,,969,51,https://www.gesundheit.bs.ch,0,386,416,3
2020-07-26,08:30,BS,,1036,3,2,,969,52,https://www.gesundheit.bs.ch https://www.bag.admin.ch/dam/bag/de/dokumente/mt/k-und-i/aktuelle-ausbrueche-pandemien/2019-nCoV/covid-19-woechentlicher-lagebericht.pdf.download.pdf/BAG_COVID-19_Woechentliche_Lage.pdf,0,444,470,3
2020-07-27,10:00,BS,,1038,3,1,,969,52,https://www.gesundheit.bs.ch,0,426,453,3
2020-07-28,09:00,BS,,1039,4,0,,971,52,https://www.gesundheit.bs.ch,0,427,453,4
2020-07-29,11:30,BS,,1043,5,0,,971,52,https://www.gesundheit.bs.ch,0,462,483,5
2020-07-30,09:15,BS,,1052,5,0,,972,52,https://www.gesundheit.bs.ch,0,487,517,5
2020-07-31,09:35,BS,,1054,5,1,,973,52,https://www.gesundheit.bs.ch,0,555,585,5
2020-08-01,10:10,BS,,1064,7,1,,973,52,https://www.gesundheit.bs.ch,0,570,603,7
2020-08-02,10:00,BS,,1068,8,1,,974,52,https://www.gesundheit.bs.ch https://www.bag.admin.ch/dam/bag/de/dokumente/mt/k-und-i/aktuelle-ausbrueche-pandemien/2019-nCoV/covid-19-woechentlicher-lagebericht.pdf.download.pdf/BAG_COVID-19_Woechentliche_Lage.pdf,0,546,587,8
2020-08-03,09:30,BS,,1069,8,1,,975,52,https://www.gesundheit.bs.ch,0,467,511,8
2020-08-04,09:00,BS,,1073,8,1,,975,52,https://www.gesundheit.bs.ch,0,527,573,8
2020-08-05,08:30,BS,,1079,8,0,,981,52,https://www.gesundheit.bs.ch,0,498,550,8
2020-08-06,09:30,BS,,1081,8,0,,984,52,https://www.gesundheit.bs.ch,0,471,527,8
2020-08-07,09:00,BS,,1082,8,0,,988,52,https://www.gesundheit.bs.ch,0,428,481,8
2020-08-08,09:30,BS,,1083,7,0,,991,52,https://www.gesundheit.bs.ch,0,431,483,7
2020-08-09,09:30,BS,,1085,8,0,,995,52,https://www.gesundheit.bs.ch https://www.bag.admin.ch/dam/bag/de/dokumente/mt/k-und-i/aktuelle-ausbrueche-pandemien/2019-nCoV/covid-19-woechentlicher-lagebericht.pdf.download.pdf/BAG_COVID-19_Woechentliche_Lage.pdf,0,370,414,8
2020-08-10,09:45,BS,,1087,9,0,,996,52,https://www.gesundheit.bs.ch,1,395,438,8
2020-08-11,08:45,BS,,1092,6,0,,1006,53,https://www.gesundheit.bs.ch,1,466,507,5
2020-08-12,08:00,BS,,1098,5,0,,1013,53,https://www.gesundheit.bs.ch,1,497,540,4
2020-08-13,09:50,BS,,1110,5,0,,1015,53,https://www.gesundheit.bs.ch,1,474,516,4
2020-08-14,09:00,BS,,1115,9,0,,1022,53,https://www.gesundheit.bs.ch,2,406,455,7
2020-08-15,09:40,BS,,1135,8,0,,1022,53,https://www.gesundheit.bs.ch,2,428,504,6
2020-08-16,10:50,BS,,1140,8,0,,1028,53,https://www.gesundheit.bs.ch https://www.bag.admin.ch/dam/bag/de/dokumente/mt/k-und-i/aktuelle-ausbrueche-pandemien/2019-nCoV/covid-19-woechentlicher-lagebericht.pdf.download.pdf/BAG_COVID-19_Woechentliche_Lage.pdf,2,451,548,6
2020-08-17,10:30,BS,,1144,8,0,,1028,53,https://www.gesundheit.bs.ch,2,519,554,6
2020-08-18,08:00,BS,,1149,10,0,,1031,53,https://www.gesundheit.bs.ch,2,462,594,8
2020-08-19,09:00,BS,,1160,8,0,,1035,53,https://www.gesundheit.bs.ch,1,460,593,7
2020-08-20,09:20,BS,,1165,8,0,,1036,53,https://www.gesundheit.bs.ch,1,364,493,7
2020-08-21,08:20,BS,,1169,7,1,,1039,53,https://www.gesundheit.bs.ch,1,343,472,6
2020-08-22,09:00,BS,,1179,7,0,,1049,53,https://www.gesundheit.bs.ch,1,322,440,6
2020-08-23,10:15,BS,,1183,7,0,,1059,53,https://www.gesundheit.bs.ch,1,357,461,6
2020-08-24,09:40,BS,,1185,7,0,,1066,53,https://www.gesundheit.bs.ch,1,375,466,6
2020-08-25,08:20,BS,,1185,7,0,,1077,53,https://www.gesundheit.bs.ch,1,331,399,6
2020-08-26,08:30,BS,,1190,6,0,,1082,53,https://www.gesundheit.bs.ch,1,413,483,5
2020-08-27,09:00,BS,,1196,5,1,,1088,53,https://www.gesundheit.bs.ch,1,362,433,4
2020-08-28,09:00,BS,,1205,4,1,,1095,53,https://www.gesundheit.bs.ch,1,312,372,3
2020-08-29,09:30,BS,,1210,3,1,,1106,54,https://www.gesundheit.bs.ch,1,316,384,2
2020-08-30,09:40,BS,,1213,3,1,,1113,54,https://www.gesundheit.bs.ch,1,301,383,2
2020-08-31,09:20,BS,,1215,4,2,,1115,54,https://www.gesundheit.bs.ch,2,319,411,2
2020-09-01,10:00,BS,,1219,4,2,,1126,54,https://www.gesundheit.bs.ch,2,315,408,2
2020-09-02,09:40,BS,,1226,5,2,,1126,54,https://www.gesundheit.bs.ch,2,284,381,3
2020-09-03,09:30,BS,,1229,5,2,,1127,54,https://www.gesundheit.bs.ch,2,296,396,3
2020-09-04,09:00,BS,,1233,6,2,,1130,54,https://www.gesundheit.bs.ch,2,267,368,4
2020-09-05,09:15,BS,,1237,5,2,,1137,54,https://www.gesundheit.bs.ch,2,302,381,3
2020-09-06,09:45,BS,,1241,4,1,,1148,54,https://www.gesundheit.bs.ch,1,331,406,3
2020-09-07,09:00,BS,,1247,4,1,,1151,54,https://www.gesundheit.bs.ch,1,325,388,3
2020-09-08,09:00,BS,,1254,3,1,,1154,54,https://www.gesundheit.bs.ch,1,305,372,2
2020-09-09,09:00,BS,,1258,2,1,,1158,54,https://www.gesundheit.bs.ch,1,304,387,1
2020-09-10,09:00,BS,,1263,2,1,,1163,54,https://www.gesundheit.bs.ch,1,264,357,1
2020-09-11,09:00,BS,,1265,3,1,,1165,54,https://www.gesundheit.bs.ch,1,235,329,2
2020-09-12,09:00,BS,,1265,4,1,,1165,54,https://www.gesundheit.bs.ch,1,235,329,3
2020-09-13,09:40,BS,,1272,4,1,,1171,54,https://www.gesundheit.bs.ch,1,244,348,3
2020-09-14,09:40,BS,,1274,4,1,,1174,54,https://www.gesundheit.bs.ch,1,249,364,3
2020-09-15,10:30,BS,,1278,4,1,,1178,54,https://www.gesundheit.bs.ch,1,249,346,3
2020-09-16,08:00,BS,,1279,3,1,,1181,54,https://www.gesundheit.bs.ch,1,304,397,2
2020-09-17,09:00,BS,,1282,3,1,,1184,54,https://www.gesundheit.bs.ch,1,260,361,2
2020-09-18,09:30,BS,,1289,2,0,,1188,54,https://www.gesundheit.bs.ch,0,283,384,2
2020-09-19,08:30,BS,,1291,2,0,,1192,54,https://www.gesundheit.bs.ch,0,301,410,2
2020-09-20,09:35,BS,,1293,2,0,,1197,54,https://www.gesundheit.bs.ch,0,315,418,2
2020-09-21,10:30,BS,,1293,2,0,,1201,54,https://www.gesundheit.bs.ch,0,350,430,2
2020-09-22,09:00,BS,,1296,1,0,,1207,54,https://www.gesundheit.bs.ch,0,350,420,1
2020-09-23,08:10,BS,,1296,1,0,,1209,54,https://www.gesundheit.bs.ch,0,389,457,1
2020-09-24,09:30,BS,,1299,0,0,,1215,54,https://www.gesundheit.bs.ch,0,341,411,0
2020-09-25,09:30,BS,,1302,3,0,,1215,54,https://www.gesundheit.bs.ch,1,295,348,2
2020-09-26,10:25,BS,,1305,3,0,,1222,54,https://www.gesundheit.bs.ch,1,328,380,2
2020-09-27,09:50,BS,,1309,3,0,,1226,54,https://www.gesundheit.bs.ch,1,330,384,2
2020-09-28,08:45,BS,,1311,3,0,,1227,54,https://www.gesundheit.bs.ch,1,352,408,2
2020-09-29,09:00,BS,,1312,3,0,,1228,54,https://www.gesundheit.bs.ch,1,401,457,2
2020-09-30,08:10,BS,,1317,2,1,,1231,54,https://www.gesundheit.bs.ch,1,379,442,1
2020-10-01,08:30,BS,,1320,2,1,,1234,54,https://www.gesundheit.bs.ch,1,377,451,1
2020-10-02,09:30,BS,,1326,1,1,,1235,54,https://www.gesundheit.bs.ch,1,406,488,0
2020-10-03,09:40,BS,,1339,1,1,,1240,54,https://www.gesundheit.bs.ch,1,440,531,0
2020-10-04,10:20,BS,,1346,1,1,,1244,54,https://www.gesundheit.bs.ch,1,471,564,0
2020-10-05,08:50,BS,,1350,1,1,,1247,54,https://www.gesundheit.bs.ch,1,480,572,0
2020-10-06,08:30,BS,,1356,1,1,,1248,54,https://www.gesundheit.bs.ch,1,555,678,0
2020-10-07,10:00,BS,,1370,1,1,,1253,54,https://www.gesundheit.bs.ch,1,621,774,0
2020-10-08,08:40,BS,,1385,1,1,,1255,54,https://www.gesundheit.bs.ch,1,575,758,0
2020-10-09,09:15,BS,,1401,1,1,,1258,54,https://www.gesundheit.bs.ch,1,661,901,0
2020-10-10,08:30,BS,,1412,2,1,,1264,54,https://www.gesundheit.bs.ch,2,651,908,0
2020-10-11,08:30,BS,,1428,5,3,,1274,54,https://www.gesundheit.bs.ch,3,684,964,2
2020-10-12,09:00,BS,,1462,5,3,,1279,54,https://www.gesundheit.bs.ch,3,621,904,2
2020-10-13,09:15,BS,,1483,11,3,,1288,54,https://www.gesundheit.bs.ch,8,566,854,3
2020-10-14,09:30,BS,,1512,9,3,,1297,54,https://www.gesundheit.bs.ch,6,631,934,3
2020-10-15,08:15,BS,,1521,9,3,,1306,54,https://www.gesundheit.bs.ch,6,567,898,3
2020-10-16,08:30,BS,,1548,12,3,,1308,54,https://www.gesundheit.bs.ch,6,505,859,6
2020-10-17,09:45,BS,,1590,10,3,,1327,54,https://www.gesundheit.bs.ch,5,491,860,5
2020-10-18,10:00,BS,,1635,11,3,,1341,54,https://www.gesundheit.bs.ch,6,438,806,5
2020-10-19,13:00,BS,,1667,17,3,,1364,54,https://www.gesundheit.bs.ch,10,424,770,7
2020-10-20,10:00,BS,,1686,17,2,,1370,54,https://www.gesundheit.bs.ch,8,445,801,9
2020-10-21,09:15,BS,,1729,19,2,,1377,54,https://www.gesundheit.bs.ch,9,410,741,10
2020-10-22,09:45,BS,,1804,20,2,,1389,54,https://www.gesundheit.bs.ch,9,463,786,11
2020-10-23,10:30,BS,,1878,23,4,,1425,54,https://www.gesundheit.bs.ch,11,387,925,12
2020-10-24,09:30,BS,,1981,31,4,,1453,54,https://www.gesundheit.bs.ch,10,355,2106,21
2020-10-25,11:15,BS,,2062,34,5,,1480,54,https://www.gesundheit.bs.ch,12,349,2343,22
2020-10-26,12:05,BS,,2103,38,6,,1519,54,https://www.gesundheit.bs.ch,15,348,2445,23
2020-10-27,09:20,BS,,2195,43,7,,1556,54,https://www.gesundheit.bs.ch,16,269,2366,27
2020-10-28,09:15,BS,,2274,41,8,,1591,54,https://www.gesundheit.bs.ch,16,210,2343,25
2020-10-29,09:00,BS,,2403,38,11,,1624,54,https://www.gesundheit.bs.ch,15,147,2243,23
2020-10-30,09:40,BS,,2488,47,13,,1668,54,https://www.gesundheit.bs.ch,18,154,2228,29
2020-10-31,10:30,BS,,2576,59,13,,1730,54,https://www.gesundheit.bs.ch,22,206,2261,37
2020-11-01,09:35,BS,,2653,66,16,,1800,54,https://www.gesundheit.bs.ch,25,340,2446,41
2020-11-02,09:15,BS,,2723,65,13,,1841,54,https://www.gesundheit.bs.ch,24,434,2511,41
2020-11-03,08:50,BS,,2800,77,12,,1906,54,https://www.gesundheit.bs.ch,29,436,2376,48
2020-11-04,09:30,BS,,2907,89,12,,2044,54,https://www.gesundheit.bs.ch,33,210,1126,56
2020-11-05,11:15,BS,,3013,86,13,,2108,54,https://www.gesundheit.bs.ch,33,137,768,53
2020-11-06,09:15,BS,,3076,85,15,,2224,56,https://www.gesundheit.bs.ch,34,72,743,51
2020-11-07,08:15,BS,,3152,92,15,,2332,56,https://www.gesundheit.bs.ch,32,72,680,60
2020-11-08,09:30,BS,,3224,98,16,,2428,56,https://www.gesundheit.bs.ch,33,60,648,65
2020-11-09,10:30,BS,,3267,101,19,,2477,56,https://www.gesundheit.bs.ch,35,47,603,66
2020-11-10,09:00,BS,,3363,116,22,,2548,56,https://www.gesundheit.bs.ch,39,35,626,77
2020-11-11,09:00,BS,,3458,118,20,,2607,56,https://www.gesundheit.bs.ch,42,36,626,76
2020-11-12,09:00,BS,,3608,117,21,,2693,56,https://www.gesundheit.bs.ch,42,29,643,75
2020-11-13,11:00,BS,,3751,129,24,,2779,56,https://www.gesundheit.bs.ch,46,30,669,83
2020-11-14,10:30,BS,,3870,135,24,,2845,57,https://www.gesundheit.bs.ch,46,29,649,89
2020-11-15,10:30,BS,,3964,143,25,,2943,57,https://www.gesundheit.bs.ch,45,29,636,98
2020-11-16,10:30,BS,,4041,148,25,,2996,57,https://www.gesundheit.bs.ch,44,32,684,104
2020-11-17,10:30,BS,,4151,147,26,,3058,58,https://www.gesundheit.bs.ch,47,26,650,100
2020-11-18,10:30,BS,,4290,155,27,,3213,59,https://www.gesundheit.bs.ch,51,12,468,104
2020-11-19,09:30,BS,,4395,155,28,,3274,63,https://www.gesundheit.bs.ch,51,11,545,104
2020-11-20,09:30,BS,,4505,146,27,,3424,63,https://www.gesundheit.bs.ch,48,10,732,98
2020-11-21,09:30,BS,,4600,141,26,,3525,66,https://www.gesundheit.bs.ch,44,11,725,97
2020-11-22,10:30,BS,,4707,137,24,,3666,67,https://www.gesundheit.bs.ch,40,11,645,97
2020-11-23,10:30,BS,,4772,134,25,,3759,69,https://www.gesundheit.bs.ch,40,11,658,94
2020-11-24,09:50,BS,,4850,136,24,,3867,69,https://www.gesundheit.bs.ch,37,9,613,99
2020-11-25,10:30,BS,,4959,140,24,,3953,72,https://www.gesundheit.bs.ch,38,6,506,102
2020-11-26,09:50,BS,,5105,140,22,,4016,73,https://www.gesundheit.bs.ch,34,6,468,106
2020-11-27,09:50,BS,,5198,143,21,,4153,75,https://www.gesundheit.bs.ch,37,3,488,106
2020-11-28,10:00,BS,,5276,143,21,,4229,75,https://www.gesundheit.bs.ch,39,4,464,104
2020-11-29,10:30,BS,,5368,143,21,,4351,76,https://www.gesundheit.bs.ch,38,3,523,105
2020-11-30,10:30,BS,,5424,145,22,,4441,77,https://www.gesundheit.bs.ch,38,3,561,107
2020-12-01,10:30,BS,,5508,158,25,,4565,80,https://www.gesundheit.bs.ch,38,6,522,120
2020-12-02,09:30,BS,,5607,154,21,,4633,80,https://www.gesundheit.bs.ch,37,5,549,117
2020-12-03,09:50,BS,,5731,149,20,,4727,83,https://www.gesundheit.bs.ch,34,6,510,115
2020-12-04,10:00,BS,,5815,152,19,,4798,83,https://www.gesundheit.bs.ch,36,5,545,116
2020-12-05,12:00,BS,,5935,145,20,,4937,87,https://www.gesundheit.bs.ch,35,5,493,110
2020-12-06,10:15,BS,,6010,152,19,,5008,91,https://www.gesundheit.bs.ch,38,3,546,114
2020-12-07,11:30,BS,,6064,149,18,,5143,92,https://www.gesundheit.bs.ch,41,2,500,108
2020-12-08,11:00,BS,,6158,149,17,,5242,94,https://www.gesundheit.bs.ch,43,2,501,106
2020-12-09,09:00,BS,,6276,150,17,,5312,98,https://www.gesundheit.bs.ch,41,4,549,109
2020-12-10,08:00,BS,,6381,138,16,,5362,100,https://www.gesundheit.bs.ch,37,4,549,101
2020-12-11,10:30,BS,,6508,139,17,,5478,101,https://www.gesundheit.bs.ch,42,5,816,97
2020-12-12,12:00,BS,,6622,139,18,,5580,106,https://www.gesundheit.bs.ch,40,5,833,99
2020-12-13,11:30,BS,,6680,146,16,,5662,109,https://www.gesundheit.bs.ch,43,5,835,103
2020-12-14,11:00,BS,,6739,137,17,,5753,110,https://www.gesundheit.bs.ch,42,3,960,95
2020-12-15,08:45,BS,,6875,142,17,,5863,112,https://www.gesundheit.bs.ch,49,6,887,93
2020-12-16,10:30,BS,,6973,147,18,,5944,119,https://www.gesundheit.bs.ch,49,8,865,98
2020-12-17,13:17,BS,,7092,150,18,,6104,121,https://www.gesundheit.bs.ch,53,4,802,97
2020-12-18,09:30,BS,,7179,147,15,,6140,123,https://www.gesundheit.bs.ch,49,12,939,98
2020-12-19,10:00,BS,,7273,149,19,,6246,125,https://www.gesundheit.bs.ch,43,16,1030,106
2020-12-20,11:30,BS,,7353,149,20,,6353,125,https://www.gesundheit.bs.ch,44,16,1092,105
2020-12-21,10:30,BS,,7397,152,18,,6468,126,https://www.gesundheit.bs.ch,49,19,1066,103
2020-12-22,11:30,BS,,7476,153,18,,6587,130,https://www.gesundheit.bs.ch,50,36,775,103
2020-12-23,10:30,BS,,7570,138,17,,6655,134,https://www.gesundheit.bs.ch,44,39,759,94
2020-12-24,10:00,BS,,7668,131,18,,6794,135,https://www.gesundheit.bs.ch,42,50,728,89
2020-12-25,10:45,BS,,7735,131,19,,6872,136,https://www.gesundheit.bs.ch,44,56,723,87
2020-12-26,11:00,BS,,7779,140,22,,6934,136,https://www.gesundheit.bs.ch,47,63,727,93
2020-12-27,11:30,BS,,7842,143,25,,7049,138,https://www.gesundheit.bs.ch,47,75,713,96
2020-12-28,10:30,BS,,7901,141,25,,7123,139,https://www.gesundheit.bs.ch,49,56,599,92
2020-12-29,11:15,BS,,7990,141,22,,7243,144,https://www.gesundheit.bs.ch,52,78,592,89
2020-12-30,10:45,BS,,8043,133,23,,7301,148,https://www.gesundheit.bs.ch,50,119,654,83
2020-12-31,11:00,BS,,8108,136,21,,7370,149,https://www.gesundheit.bs.ch,50,132,631,86
2021-01-01,10:30,BS,,8182,117,16,,7436,153,https://www.gesundheit.bs.ch,43,122,621,74
2021-01-02,11:00,BS,,8203,120,18,,7512,155,https://www.gesundheit.bs.ch,44,120,686,76
2021-01-03,12:00,BS,,8259,110,19,,7576,156,https://www.gesundheit.bs.ch,41,137,621,69
2021-01-04,11:15,BS,,8306,107,17,,7611,160,https://www.gesundheit.bs.ch,41,184,642,66
2021-01-05,12:00,BS,,8382,108,19,,7688,163,https://www.gesundheit.bs.ch,44,254,639,64
2021-01-06,11:15,BS,,8464,109,21,,7764,163,https://www.gesundheit.bs.ch,40,298,709,69
2021-01-07,10:15,BS,,8534,102,21,,7815,163,https://www.gesundheit.bs.ch,37,299,694,65
2021-01-08,10:45,BS,,8608,104,19,,7915,163,https://www.gesundheit.bs.ch,36,287,704,68
2021-01-09,12:15,BS,,8656,102,17,,7939,163,https://www.gesundheit.bs.ch,31,269,682,71
2021-01-10,10:40,BS,,8695,100,14,,8020,163,https://www.gesundheit.bs.ch,29,279,671,71
2021-01-11,10:40,BS,,8720,98,14,,8080,163,https://www.gesundheit.bs.ch,29,319,676,69
2021-01-12,11:00,BS,,8785,89,15,,8143,167,https://www.gesundheit.bs.ch,29,339,708,60
2021-01-13,10:45,BS,,8835,83,13,,8198,167,https://www.gesundheit.bs.ch,22,312,736,61
2021-01-14,10:45,BS,,8870,68,14,,8259,167,https://www.gesundheit.bs.ch,17,226,606,51
2021-01-15,11:00,BS,,8896,64,10,,8335,168,https://www.gesundheit.bs.ch,17,189,606,47
2021-01-16,11:00,BS,,8924,65,13,,8395,169,https://www.gesundheit.bs.ch,16,196,601,49
2021-01-17,11:15,BS,,8942,67,13,,8441,169,https://www.gesundheit.bs.ch,18,181,594,49
2021-01-18,11:30,BS,,8951,69,13,,8481,169,https://www.gesundheit.bs.ch,18,172,549,51
2021-01-19,10:50,BS,,8974,70,12,,8507,170,https://www.gesundheit.bs.ch,19,196,594,51
2021-01-20,10:50,BS,,9021,67,11,,8550,171,https://www.gesundheit.bs.ch,18,144,574,49
2021-01-21,11:10,BS,,9067,62,11,,8596,171,https://www.gesundheit.bs.ch,16,122,528,46
2021-01-22,10:50,BS,,9096,61,12,,8614,171,https://www.gesundheit.bs.ch,17,127,511,44
2021-01-23,11:00,BS,,9117,54,11,,8654,172,https://www.gesundheit.bs.ch,15,130,522,39
2021-01-24,11:20,BS,,9154,53,12,,8688,174,https://www.gesundheit.bs.ch,13,136,567,40
2021-01-25,10:30,BS,,9171,49,11,,8712,174,https://www.gesundheit.bs.ch,12,137,536,37
2021-01-26,10:30,BS,,9188,51,10,,8749,176,https://www.gesundheit.bs.ch,13,127,605,38
2021-01-27,10:50,BS,,9239,48,11,,8772,176,https://www.gesundheit.bs.ch,10,94,577,38
2021-01-28,12:15,BS,,9273,45,9,,8824,177,https://www.gesundheit.bs.ch,14,88,580,31
2021-01-29,10:40,BS,,9294,48,9,,8843,179,https://www.gesundheit.bs.ch,15,90,689,33
2021-01-30,13:00,BS,,9321,52,13,,8899,179,https://www.gesundheit.bs.ch,14,85,668,38
2021-01-31,11:00,BS,,9337,57,14,,8905,179,https://www.gesundheit.bs.ch,14,86,780,43
2021-02-01,10:40,BS,,9348,52,12,,8938,179,https://www.gesundheit.bs.ch,13,110,786,39
2021-02-02,10:40,BS,,9363,48,14,,8962,180,https://www.gesundheit.bs.ch,13,123,873,35
2021-02-03,10:30,BS,,9410,48,14,,8990,180,https://www.gesundheit.bs.ch,13,110,951,35
2021-02-04,11:00,BS,,9437,49,11,,8995,181,https://www.gesundheit.bs.ch,12,114,1302,37
2021-02-05,10:30,BS,,9456,46,11,,9035,181,https://www.gesundheit.bs.ch,14,116,1320,32
2021-02-06,10:50,BS,,9491,48,10,,9061,187,https://www.gesundheit.bs.ch,14,131,1236,34
2021-02-07,11:40,BS,,9519,46,10,,9095,187,https://www.gesundheit.bs.ch,16,138,1291,30
2021-02-08,10:40,BS,,9534,46,10,,9107,187,https://www.gesundheit.bs.ch,17,145,1375,29
2021-02-09,10:40,BS,,9553,44,10,,9143,188,https://www.gesundheit.bs.ch,17,168,1494,27
2021-02-10,11:30,BS,,9587,39,9,,9165,188,https://www.gesundheit.bs.ch,16,118,1681,23
2021-02-11,10:20,BS,,9604,33,9,,9177,188,https://www.gesundheit.bs.ch,12,125,1785,21
2021-02-12,10:50,BS,,9615,31,9,,9216,188,https://www.gesundheit.bs.ch,12,141,1544,19
2021-02-13,10:20,BS,,9632,26,7,,9238,188,https://www.gesundheit.bs.ch,12,143,1399,14
2021-02-14,10:30,BS,,9646,25,8,,9257,188,https://www.gesundheit.bs.ch,11,139,1448,14
2021-02-15,10:30,BS,,9655,25,12,,9304,189,https://www.gesundheit.bs.ch,12,139,999,13
2021-02-16,10:40,BS,,9662,27,12,,9326,189,https://www.gesundheit.bs.ch,14,131,590,13
2021-02-17,14:00,BS,,9669,21,6,,9337,189,https://www.gesundheit.bs.ch,11,122,508,10
2021-02-18,10:50,BS,,9689,21,7,,9361,189,https://www.gesundheit.bs.ch,9,120,435,12
2021-02-19,10:20,BS,,9703,16,5,,9372,190,https://www.gesundheit.bs.ch,8,140,524,8
2021-02-20,10:30,BS,,9719,17,6,,9402,190,https://www.gesundheit.bs.ch,8,131,485,9
2021-02-21,10:30,BS,,9732,23,6,,9410,190,https://www.gesundheit.bs.ch,13,143,437,10
2021-02-22,10:30,BS,,9741,19,7,,9437,190,https://www.gesundheit.bs.ch,10,122,275,9
2021-02-23,10:20,BS,,9751,22,6,,9444,191,https://www.gesundheit.bs.ch,10,145,276,12
2021-02-24,10:30,BS,,9774,21,8,,9453,191,https://www.gesundheit.bs.ch,10,161,362,11
2021-02-25,10:30,BS,,9791,19,7,,9460,192,https://www.gesundheit.bs.ch,9,153,339,10
2021-02-26,10:30,BS,,9819,17,7,,9475,192,https://www.gesundheit.bs.ch,7,177,342,10
2021-02-27,10:30,BS,,,16,7,,,192,https://www.gesundheit.bs.ch,6,182,359,10
2021-02-28,09:00,BS,,,16,7,,,192,https://www.gesundheit.bs.ch,6,191,358,10
2021-03-01,10:40,BS,,9839,21,7,,9499,192,https://www.gesundheit.bs.ch,6,206,365,15
2021-03-02,10:40,BS,,9867,22,7,,9526,192,https://www.gesundheit.bs.ch,7,222,419,15
2021-03-03,11:50,BS,,9880,23,7,,9541,192,https://www.gesundheit.bs.ch,8,226,467,15
2021-03-04,10:40,BS,,9907,21,6,,9564,192,https://www.gesundheit.bs.ch,8,228,481,13
2021-03-05,10:50,BS,,9932,20,6,,9578,192,https://www.gesundheit.bs.ch,8,205,550,12
2021-03-06,12:20,BS,,9954,19,5,,9601,192,https://www.gesundheit.bs.ch,6,185,602,13
2021-03-07,12:40,BS,,9967,20,5,,9617,192,https://www.gesundheit.bs.ch,6,178,646,14
2021-03-08,10:30,BS,,9971,19,5,,9627,192,https://www.gesundheit.bs.ch,6,117,623,13
2021-03-09,10:20,BS,,9990,21,5,,9640,193,https://www.gesundheit.bs.ch,8,145,671,13
2021-03-10,11:20,BS,,10009,26,6,,9659,193,https://www.gesundheit.bs.ch,9,126,648,17
2021-03-11,10:40,BS,,10047,23,4,,9680,193,https://www.gesundheit.bs.ch,7,133,727,16
2021-03-12,10:30,BS,,10078,26,4,,9688,193,https://www.gesundheit.bs.ch,6,134,659,20
2021-03-13,10:30,BS,,10102,31,5,,9722,193,https://www.gesundheit.bs.ch,6,131,696,25
2021-03-14,10:30,BS,,10129,34,6,,9746,193,https://www.gesundheit.bs.ch,7,122,757,27
2021-03-15,10:30,BS,,10144,35,5,,9761,193,https://www.gesundheit.bs.ch,7,122,773,28
2021-03-16,11:10,BS,,10177,29,6,,9778,193,https://www.gesundheit.bs.ch,6,138,772,23
2021-03-17,11:10,BS,,10207,31,7,,9793,193,https://www.gesundheit.bs.ch,5,117,784,26
2021-03-18,10:20,BS,,10235,34,7,,9806,193,https://www.gesundheit.bs.ch,6,102,703,28
2021-03-19,10:30,BS,,10272,33,7,,9821,193,https://www.gesundheit.bs.ch,6,104,672,27
2021-03-20,10:40,BS,,10297,31,7,,9848,193,https://www.gesundheit.bs.ch,6,101,709,25
2021-03-21,10:40,BS,,10320,34,7,,9869,193,https://www.gesundheit.bs.ch,8,93,811,26
2021-03-22,11:50,BS,,10337,34,7,,9912,193,https://www.gesundheit.bs.ch,8,93,829,26
2021-03-23,10:30,BS,,10347,33,6,,9923,193,https://www.gesundheit.bs.ch,5,132,943,28
2021-03-24,10:30,BS,,10392,33,6,,9956,193,https://www.gesundheit.bs.ch,6,124,1003,27
2021-03-25,10:50,BS,,10434,32,4,,9970,194,https://www.gesundheit.bs.ch,7,147,1048,25
2021-03-26,11:10,BS,,10467,30,3,,9992,194,https://www.gesundheit.bs.ch,7,148,985,23
2021-03-27,10:50,BS,,10521,29,6,,10017,194,https://www.gesundheit.bs.ch,7,147,1030,22
2021-03-28,10:30,BS,,10548,29,5,,10051,194,https://www.gesundheit.bs.ch,7,137,970,22
2021-03-29,10:30,BS,,10568,32,4,,10092,195,https://www.gesundheit.bs.ch,9,139,875,23
2021-03-30,10:30,BS,,10594,34,4,,10123,196,https://www.gesundheit.bs.ch,10,117,804,24
2021-03-31,13:10,BS,,10643,30,3,,10155,196,https://www.gesundheit.bs.ch,8,104,769,22
2021-04-01,11:10,BS,,10695,32,4,,10170,196,https://www.gesundheit.bs.ch,9,116,720,23
2021-04-02,10:50,BS,,10739,30,3,,10210,196,https://www.gesundheit.bs.ch,9,115,691,21
2021-04-03,10:30,BS,,10768,33,4,,10246,196,https://www.gesundheit.bs.ch,10,123,646,23
2021-04-04,13:20,BS,,10795,38,4,,10279,196,https://www.gesundheit.bs.ch,13,146,508,25
2021-04-05,10:30,BS,,10813,41,6,,10330,196,https://www.gesundheit.bs.ch,13,138,423,28
2021-04-06,10:40,BS,,10845,42,6,,10364,196,https://www.gesundheit.bs.ch,14,145,478,28
2021-04-07,10:30,BS,,10871,39,8,,10395,196,https://www.gesundheit.bs.ch,15,184,480,24
2021-04-08,10:30,BS,,10910,34,7,,10430,196,https://www.gesundheit.bs.ch,12,208,504,22
2021-04-09,10:30,BS,,10961,39,6,,10482,196,https://www.gesundheit.bs.ch,15,249,554,24
2021-04-10,10:30,BS,,11014,38,5,,10516,197,https://www.gesundheit.bs.ch,16,244,545,22
2021-04-11,10:30,BS,,11050,42,5,,10547,197,https://www.gesundheit.bs.ch,17,262,537,25
2021-04-12,10:20,BS,,11076,45,5,,10578,197,https://www.gesundheit.bs.ch,18,274,528,27
2021-04-13,10:30,BS,,11101,45,6,,10615,197,https://www.gesundheit.bs.ch,18,295,568,27
2021-04-14,10:40,BS,,11146,42,6,,10658,197,https://www.gesundheit.bs.ch,16,316,637,26
2021-04-15,11:30,BS,,11198,42,7,,10677,197,https://www.gesundheit.bs.ch,16,311,667,26
2021-04-16,10:40,BS,,11262,44,8,,10701,197,https://www.gesundheit.bs.ch,15,313,788,29
2021-04-17,10:30,BS,,11314,43,10,,10741,197,https://www.gesundheit.bs.ch,14,249,789,29
2021-04-18,10:30,BS,,11369,44,8,,10788,198,https://www.gesundheit.bs.ch,14,227,793,30
2021-04-19,10:40,BS,,11388,43,11,,10829,198,https://www.gesundheit.bs.ch,15,224,858,28
2021-04-20,11:00,BS,,11432,46,12,,10863,198,https://www.gesundheit.bs.ch,15,238,895,31
2021-04-21,11:20,BS,,11507,48,14,,10898,198,https://www.gesundheit.bs.ch,17,187,1010,31
2021-04-22,10:30,BS,,11578,45,13,,10935,198,https://www.gesundheit.bs.ch,18,238,1091,27
2021-04-23,10:30,BS,,11637,45,13,,10988,198,https://www.gesundheit.bs.ch,19,208,1175,26
2021-04-24,10:30,BS,,11705,43,13,,11019,198,https://www.gesundheit.bs.ch,20,216,1198,23
2021-04-25,10:40,BS,,11736,48,13,,11092,198,https://www.gesundheit.bs.ch,23,217,1265,25
2021-04-26,11:10,BS,,11771,48,14,,11129,198,https://www.gesundheit.bs.ch,23,203,1195,25
2021-04-27,10:40,BS,,11803,53,12,,11185,198,https://www.gesundheit.bs.ch,26,221,1201,27
2021-04-28,12:30,BS,,11876,54,13,,11245,199,https://www.gesundheit.bs.ch,29,175,1141,25
2021-04-29,10:30,BS,,11935,48,13,,11291,199,https://www.gesundheit.bs.ch,27,185,936,21
2021-04-30,10:10,BS,,11978,49,13,,11342,199,https://www.gesundheit.bs.ch,25,163,697,24
2021-05-01,10:40,BS,,12031,51,13,,11404,199,https://www.gesundheit.bs.ch,24,179,722,27
2021-05-02,10:30,BS,,12104,51,12,,11446,199,https://www.gesundheit.bs.ch,21,135,644,30
2021-05-03,10:20,BS,,12130,53,12,,11503,199,https://www.gesundheit.bs.ch,21,165,666,32
2021-05-04,10:20,BS,,12155,54,11,,11542,199,https://www.gesundheit.bs.ch,20,193,707,34
2021-05-05,10:40,BS,,12215,60,13,,11594,199,https://www.gesundheit.bs.ch,25,220,766,35
2021-05-06,10:50,BS,,12260,51,11,,11637,199,https://www.gesundheit.bs.ch,21,218,784,30
2021-05-07,11:50,BS,,12293,50,10,,11701,199,https://www.gesundheit.bs.ch,19,211,795,31
2021-05-08,10:30,BS,,12314,42,9,,11701,199,https://www.gesundheit.bs.ch,16,211,795,26
2021-05-09,11:40,BS,,12385,41,8,,11780,200,https://www.gesundheit.bs.ch,15,185,606,26
2021-05-10,10:30,BS,,12411,44,7,,11816,200,https://www.gesundheit.bs.ch,16,166,533,28
2021-05-11,10:30,BS,,12453,39,7,,11872,200,https://www.gesundheit.bs.ch,13,185,626,26
2021-05-12,10:50,BS,,12490,34,6,,11943,201,https://www.gesundheit.bs.ch,10,151,706,24
2021-05-13,11:00,BS,,12522,29,6,,11961,201,https://www.gesundheit.bs.ch,9,115,613,20
2021-05-14,10:20,BS,,12543,28,6,,12029,201,https://www.gesundheit.bs.ch,9,105,569,19
2021-05-15,14:20,BS,,12558,28,6,,12055,201,https://www.gesundheit.bs.ch,11,83,511,17
2021-05-16,10:20,BS,,12574,28,8,,12085,201,https://www.gesundheit.bs.ch,11,82,450,17
2021-05-17,10:40,BS,,12580,30,9,,12127,201,https://www.gesundheit.bs.ch,13,81,380,17
2021-05-18,10:40,BS,,12602,24,8,,12156,202,https://www.gesundheit.bs.ch,12,115,401,12
2021-05-19,11:20,BS,,12630,24,7,,12193,202,https://www.gesundheit.bs.ch,10,103,348,14
2021-05-20,10:40,BS,,12655,20,5,,12223,202,https://www.gesundheit.bs.ch,8,156,372,12
2021-05-21,10:40,BS,,12671,16,4,,12265,202,https://www.gesundheit.bs.ch,7,149,356,9
2021-05-22,10:30,BS,,12697,18,5,,12279,203,https://www.gesundheit.bs.ch,7,128,312,11
2021-05-23,11:10,BS,,12724,16,3,,12310,203,https://www.gesundheit.bs.ch,5,110,343,11
2021-05-24,10:40,BS,,12729,14,3,,12317,203,https://www.gesundheit.bs.ch,5,102,318,9
2021-05-25,11:00,BS,,12733,14,4,,12338,203,https://www.gesundheit.bs.ch,7,110,303,7
2021-05-26,10:30,BS,,12743,14,3,,12361,203,https://www.gesundheit.bs.ch,5,98,264,9
2021-05-27,14:20,BS,,12760,11,1,,12394,203,https://www.gesundheit.bs.ch,3,122,284,8
2021-05-28,10:30,BS,,12772,11,1,,12402,203,https://www.gesundheit.bs.ch,4,117,272,7
2021-05-29,10:40,BS,,12784,12,2,,12417,204,https://www.gesundheit.bs.ch,3,116,256,9
2021-05-30,10:50,BS,,12796,11,2,,12436,204,https://www.gesundheit.bs.ch,3,123,252,8
2021-05-31,11:10,BS,,12796,11,1,,12453,204,https://www.gesundheit.bs.ch,2,132,224,9
2021-06-01,10:20,BS,,12810,13,2,,12460,204,https://www.gesundheit.bs.ch,2,173,290,11
2021-06-02,10:40,BS,,12835,15,2,,12470,204,https://www.gesundheit.bs.ch,5,221,377,10
2021-06-03,10:40,BS,,12844,16,3,,12475,204,https://www.gesundheit.bs.ch,7,217,378,9
2021-06-04,10:30,BS,,12860,16,4,,12498,204,https://www.gesundheit.bs.ch,7,211,375,9
2021-06-05,10:30,BS,,12873,16,5,,12516,204,https://www.gesundheit.bs.ch,7,205,373,9
2021-06-06,12:30,BS,,12882,16,4,,12527,204,https://www.gesundheit.bs.ch,7,188,342,9
2021-06-07,11:20,BS,,12887,15,3,,12535,204,https://www.gesundheit.bs.ch,7,184,322,8
2021-06-08,10:20,BS,,12892,14,4,,12541,205,https://www.gesundheit.bs.ch,7,148,268,7
2021-06-09,11:10,BS,,12905,13,4,,12554,205,https://www.gesundheit.bs.ch,7,152,263,6
2021-06-10,11:00,BS,,12915,8,2,,12572,205,https://www.gesundheit.bs.ch,4,137,239,4
2021-06-11,10:20,BS,,12917,9,3,,12586,205,https://www.gesundheit.bs.ch,4,136,224,5
2021-06-12,11:10,BS,,12919,11,3,,12588,205,https://www.gesundheit.bs.ch,5,125,201,6
2021-06-13,10:00,BS,,12922,14,3,,12599,205,https://www.gesundheit.bs.ch,5,144,217,9
2021-06-14,11:10,BS,,12923,14,3,,12607,205,https://www.gesundheit.bs.ch,5,138,203,9
2021-06-15,10:20,BS,,12929,13,3,,12618,205,https://www.gesundheit.bs.ch,6,170,230,7
2021-06-16,10:50,BS,,12935,12,3,,12624,205,https://www.gesundheit.bs.ch,6,163,228,6
2021-06-17,10:30,BS,,12937,11,4,,12630,205,https://www.gesundheit.bs.ch,5,150,207,6
2021-06-18,10:40,BS,,12943,10,4,,12639,205,https://www.gesundheit.bs.ch,4,150,206,6
2021-06-19,10:20,BS,,12946,9,4,,12642,205,https://www.gesundheit.bs.ch,4,146,202,5
2021-06-20,11:10,BS,,12948,9,4,,12644,205,https://www.gesundheit.bs.ch,4,155,209,5
2021-06-21,10:30,BS,,12949,11,4,,12647,205,https://www.gesundheit.bs.ch,4,134,184,7
2021-06-22,10:20,BS,,12950,10,3,,12650,205,https://www.gesundheit.bs.ch,4,160,208,6
2021-06-23,11:00,BS,,12950,13,4,,12656,205,https://www.gesundheit.bs.ch,5,163,209,8
2021-06-24,10:40,BS,,12954,14,4,,12715,205,https://www.gesundheit.bs.ch,5,165,203,9
2021-06-25,10:30,BS,,12956,11,3,,12718,205,https://www.gesundheit.bs.ch,4,158,194,7
2021-06-26,10:40,BS,,12960,11,3,,12724,205,https://www.gesundheit.bs.ch,4,136,170,7
2021-06-27,10:30,BS,,12963,10,3,,12728,205,https://www.gesundheit.bs.ch,5,105,139,5
2021-06-28,10:20,BS,,12964,8,3,,12730,205,https://www.gesundheit.bs.ch,4,130,168,4
2021-06-29,11:00,BS,,12963,8,3,,12734,205,https://www.gesundheit.bs.ch,4,121,152,4
2021-06-30,10:30,BS,,12966,8,3,,12736,205,https://www.gesundheit.bs.ch,4,102,131,4
2021-07-01,10:50,BS,,12968,8,3,,12736,205,https://www.gesundheit.bs.ch,4,97,120,4
2021-07-02,10:30,BS,,12970,9,3,,12737,205,https://www.gesundheit.bs.ch,5,101,127,4
2021-07-03,10:30,BS,,12977,5,3,,12741,205,https://www.gesundheit.bs.ch,2,89,127,3
2021-07-04,10:30,BS,,12982,4,2,,12742,205,https://www.gesundheit.bs.ch,1,105,150,3
2021-07-05,10:30,BS,,12987,4,2,,12743,205,https://www.gesundheit.bs.ch,1,75,128,3
2021-07-06,10:20,BS,,12988,3,2,,12746,205,https://www.gesundheit.bs.ch,1,106,154,2
2021-07-07,10:40,BS,,12993,2,2,,12750,205,https://www.gesundheit.bs.ch,1,82,122,1
2021-07-08,11:40,BS,,12999,2,2,,12752,205,https://www.gesundheit.bs.ch,1,87,136,1
2021-07-09,13:40,BS,,13005,2,2,,12758,205,https://www.gesundheit.bs.ch,1,92,136,1
2021-07-10,10:30,BS,,13014,2,2,,12762,205,https://www.gesundheit.bs.ch,1,87,137,1
2021-07-11,10:40,BS,,13016,3,3,,12765,205,https://www.gesundheit.bs.ch,1,92,161,2
2021-07-12,11:20,BS,,13027,3,3,,12773,205,https://www.gesundheit.bs.ch,1,106,192,2
2021-07-13,10:40,BS,,13035,3,3,,12778,205,https://www.gesundheit.bs.ch,1,71,153,2
2021-07-14,10:30,BS,,13064,4,3,,12780,205,https://www.gesundheit.bs.ch,2,68,161,2
2021-07-15,10:30,BS,,13084,5,3,,12788,205,https://www.gesundheit.bs.ch,2,70,165,3
2021-07-16,10:20,BS,,13104,6,3,,12797,205,https://www.gesundheit.bs.ch,2,61,152,4
2021-07-17,10:30,BS,,13116,7,3,,12798,205,https://www.gesundheit.bs.ch,2,51,148,5
2021-07-18,10:20,BS,,13135,6,3,,12803,205,https://www.gesundheit.bs.ch,1,57,156,5
2021-07-19,10:20,BS,,13142,6,3,,12817,205,https://www.gesundheit.bs.ch,1,54,145,5
2021-07-20,10:20,BS,,13155,6,3,,12830,205,https://www.gesundheit.bs.ch,1,65,166,5
2021-07-21,10:40,BS,,13174,7,3,,12840,205,https://www.gesundheit.bs.ch,2,66,164,5
2021-07-22,10:50,BS,,13187,8,3,,12840,205,https://www.gesundheit.bs.ch,2,66,164,6
2021-07-23,10:30,BS,,13216,7,3,,12883,205,https://www.gesundheit.bs.ch,2,51,162,5
2021-07-24,11:30,BS,,13239,9,3,,12906,205,https://www.gesundheit.bs.ch,2,55,153,7
2021-07-25,10:30,BS,,13250,9,2,,12911,205,https://www.gesundheit.bs.ch,2,55,159,7
2021-07-26,10:30,BS,,13263,10,2,,12919,205,https://www.gesundheit.bs.ch,2,54,173,8
2021-07-27,10:30,BS,,13292,9,2,,12932,205,https://www.gesundheit.bs.ch,3,37,153,6
2021-07-28,10:30,BS,,13315,8,1,,12941,207,https://www.gesundheit.bs.ch,2,43,186,6
2021-07-29,10:40,BS,,13342,8,1,,12956,207,https://www.gesundheit.bs.ch,2,31,158,6
2021-07-30,10:20,BS,,13430,7,1,,12973,207,https://www.gesundheit.bs.ch,1,29,166,6
2021-07-31,10:20,BS,,13452,7,2,,13003,207,https://www.gesundheit.bs.ch,1,30,166,6
2021-08-01,10:20,BS,,13472,5,0,,13017,207,https://www.gesundheit.bs.ch,0,34,159,5
2021-08-02,10:30,BS,,13498,4,0,,13039,207,https://www.gesundheit.bs.ch,0,40,147,4
2021-08-03,10:40,BS,,13544,9,1,,13061,207,https://www.gesundheit.bs.ch,2,45,143,7
2021-08-04,11:10,BS,,13600,8,1,,13092,207,https://www.gesundheit.bs.ch,3,41,147,5
2021-08-05,10:40,BS,,13637,8,1,,13106,207,https://www.gesundheit.bs.ch,4,42,151,4
2021-08-06,10:50,BS,,13684,6,1,,13128,208,https://www.gesundheit.bs.ch,4,42,164,2
2021-08-07,11:20,BS,,13729,9,2,,13212,208,https://www.gesundheit.bs.ch,5,40,196,4
2021-08-08,10:30,BS,,13757,9,1,,13247,208,https://www.gesundheit.bs.ch,4,31,183,5
2021-08-09,11:20,BS,,13789,8,2,,13266,208,https://www.gesundheit.bs.ch,4,27,173,4
2021-08-10,10:30,BS,,13831,15,3,,13302,208,https://www.gesundheit.bs.ch,9,17,145,6
2021-08-11,10:30,BS,,13892,15,2,,13337,208,https://www.gesundheit.bs.ch,11,11,130,4
2021-08-12,10:50,BS,,13945,19,4,,13413,208,https://www.gesundheit.bs.ch,12,11,155,7
2021-08-13,10:30,BS,,14005,21,6,,13438,208,https://www.gesundheit.bs.ch,13,10,189,8
2021-08-14,10:30,BS,,14080,26,8,,13488,208,https://www.gesundheit.bs.ch,15,12,182,11
2021-08-15,10:30,BS,,14132,33,7,,13531,208,https://www.gesundheit.bs.ch,15,11,197,18
2021-08-16,10:40,BS,,14182,35,7,,13554,208,https://www.gesundheit.bs.ch,16,11,200,19
2021-08-17,10:40,BS,,14291,33,6,,13586,208,https://www.gesundheit.bs.ch,12,11,264,21
2021-08-18,11:10,BS,,14370,30,6,,13629,209,https://www.gesundheit.bs.ch,11,11,296,19
2021-08-19,10:30,BS,,14470,39,7,,13661,209,https://www.gesundheit.bs.ch,12,11,291,27
2021-08-20,10:40,BS,,14561,40,9,,13737,209,https://www.gesundheit.bs.ch,10,11,336,30
2021-08-21,10:50,BS,,14611,39,10,,13784,210,https://www.gesundheit.bs.ch,10,11,352,29
2021-08-22,10:40,BS,,14691,36,10,,13826,210,https://www.gesundheit.bs.ch,9,11,438,27
2021-08-23,11:10,BS,,14714,41,12,,13886,210,https://www.gesundheit.bs.ch,10,9,514,31
2021-08-24,10:50,BS,,14777,43,10,,13978,210,https://www.gesundheit.bs.ch,9,9,467,34
2021-08-25,10:50,BS,,14869,45,10,,14055,210,https://www.gesundheit.bs.ch,9,10,416,36
2021-08-26,10:40,BS,,14950,44,11,,14107,210,https://www.gesundheit.bs.ch,9,10,443,35
2021-08-27,10:30,BS,,15025,45,12,,14206,211,https://www.gesundheit.bs.ch,11,3,501,34
2021-08-28,11:00,BS,,15087,41,13,,14286,211,https://www.gesundheit.bs.ch,14,2,541,27
2021-08-29,11:00,BS,,15136,43,14,,14372,211,https://www.gesundheit.bs.ch,19,2,586,24
2021-08-30,11:20,BS,,15173,44,14,,14417,211,https://www.gesundheit.bs.ch,19,2,538,25
2021-08-31,11:20,BS,,15209,38,12,,14501,211,https://www.gesundheit.bs.ch,18,2,464,20
2021-09-01,10:40,BS,,15266,40,13,,14542,211,https://www.gesundheit.bs.ch,15,2,471,25
2021-09-02,10:30,BS,,15312,38,14,,14602,211,https://www.gesundheit.bs.ch,13,2,437,25
2021-09-03,10:40,BS,,15351,39,14,,14681,211,https://www.gesundheit.bs.ch,14,0,393,25
2021-09-04,10:30,BS,,15411,37,15,,14735,211,https://www.gesundheit.bs.ch,14,0,364,23
2021-09-05,10:30,BS,,15452,34,14,,14810,211,https://www.gesundheit.bs.ch,14,0,399,20
2021-09-06,10:50,BS,,15480,37,14,,14857,211,https://www.gesundheit.bs.ch,15,0,367,22
2021-09-07,10:50,BS,,15532,38,14,,14919,211,https://www.gesundheit.bs.ch,15,0,383,23
2021-09-08,10:40,BS,,15597,37,15,,14979,212,https://www.gesundheit.bs.ch,14,0,378,23
2021-09-09,11:00,BS,,15639,36,15,,15008,212,https://www.gesundheit.bs.ch,16,0,368,20
2021-09-10,10:50,BS,,15704,31,14,,15052,212,https://www.gesundheit.bs.ch,15,0,373,16
2021-09-11,10:50,BS,,15762,33,13,,15093,212,https://www.gesundheit.bs.ch,17,0,357,16
2021-09-12,10:50,BS,,15779,30,12,,15138,212,https://www.gesundheit.bs.ch,16,0,312,14
2021-09-13,10:40,BS,,15796,28,12,,15185,212,https://www.gesundheit.bs.ch,14,0,285,14
2021-09-14,11:00,BS,,15830,29,12,,15232,212,https://www.gesundheit.bs.ch,13,0,268,16
2021-09-15,12:20,BS,,15859,25,12,,15265,212,https://www.gesundheit.bs.ch,12,0,244,13
2021-09-16,11:00,BS,,15895,26,14,,15298,212,https://www.gesundheit.bs.ch,13,0,259,13
2021-09-17,10:40,BS,,15925,28,16,,15344,212,https://www.gesundheit.bs.ch,14,0,280,14
2021-09-18,10:30,BS,,15946,30,15,,15395,212,https://www.gesundheit.bs.ch,15,0,272,15
2021-09-19,10:40,BS,,15964,33,13,,15441,212,https://www.gesundheit.bs.ch,17,0,241,16
2021-09-20,10:30,BS,,15971,34,12,,15490,212,https://www.gesundheit.bs.ch,18,0,232,16
2021-09-21,10:30,BS,,15987,35,13,,15523,212,https://www.gesundheit.bs.ch,18,0,201,17
2021-09-22,10:50,BS,,16003,32,14,,15533,212,https://www.gesundheit.bs.ch,17,0,208,15
2021-09-23,10:40,BS,,16034,29,14,,15556,212,https://www.gesundheit.bs.ch,18,0,181,11
2021-09-24,11:50,BS,,16054,29,12,,15613,212,https://www.gesundheit.bs.ch,16,0,215,13
2021-09-25,10:40,BS,,16071,27,10,,15622,212,https://www.gesundheit.bs.ch,14,0,201,13
2021-09-26,10:30,BS,,16085,26,11,,15638,212,https://www.gesundheit.bs.ch,14,0,187,12
2021-09-27,10:40,BS,,16091,28,11,,15660,212,https://www.gesundheit.bs.ch,15,0,170,13
2021-09-28,10:40,BS,,16106,25,11,,15682,213,https://www.gesundheit.bs.ch,12,0,159,13
2021-09-29,11:30,BS,,16116,26,11,,15699,213,https://www.gesundheit.bs.ch,11,0,154,15
2021-09-30,10:30,BS,,16129,22,9,,15709,213,https://www.gesundheit.bs.ch,8,0,141,14
2021-10-01,10:30,BS,,16144,20,8,,15725,213,https://www.gesundheit.bs.ch,7,0,147,13
2021-10-02,10:50,BS,,16158,18,7,,15742,213,https://www.gesundheit.bs.ch,6,0,118,12
2021-10-03,11:00,BS,,16167,17,6,,15761,213,https://www.gesundheit.bs.ch,5,0,116,12
2021-10-04,10:30,BS,,16178,18,6,,15785,213,https://www.gesundheit.bs.ch,6,0,106,12
2021-10-05,10:40,BS,,16186,16,6,,15801,213,https://www.gesundheit.bs.ch,8,0,127,8
2021-10-06,11:00,BS,,16195,19,6,,15814,213,https://www.gesundheit.bs.ch,10,0,110,9
2021-10-07,10:50,BS,,16203,17,4,,15902,213,https://www.gesundheit.bs.ch,9,0,94,8
2021-10-08,11:00,BS,,16213,18,6,,15923,213,https://www.gesundheit.bs.ch,10,0,78,8
2021-10-09,10:40,BS,,16220,14,6,,15931,213,https://www.gesundheit.bs.ch,8,0,71,6
2021-10-10,10:40,BS,,16229,15,5,,15937,213,https://www.gesundheit.bs.ch,9,0,51,6
2021-10-11,10:40,BS,,16238,16,5,,15950,215,https://www.gesundheit.bs.ch,10,0,49,6
2021-10-12,10:50,BS,,16253,15,5,,15957,215,https://www.gesundheit.bs.ch,10,0,64,5
2021-10-13,10:40,BS,,16258,13,5,,15962,215,https://www.gesundheit.bs.ch,9,0,61,4
2021-10-14,10:50,BS,,16266,13,5,,15969,215,https://www.gesundheit.bs.ch,8,0,57,5
2021-10-15,10:40,BS,,16277,10,4,,15986,215,https://www.gesundheit.bs.ch,5,0,58,5
2021-10-16,10:30,BS,,16293,10,4,,15991,215,https://www.gesundheit.bs.ch,4,0,60,6
2021-10-17,10:50,BS,,16303,12,4,,15995,215,https://www.gesundheit.bs.ch,4,0,56,8
2021-10-18,10:30,BS,,16313,13,4,,16007,215,https://www.gesundheit.bs.ch,4,0,49,9
2021-10-19,10:40,BS,,16338,9,4,,16016,215,https://www.gesundheit.bs.ch,3,0,63,6
2021-10-20,10:40,BS,,16355,8,3,,16025,215,https://www.gesundheit.bs.ch,2,0,69,6
2021-10-21,10:30,BS,,16371,10,3,,16043,215,https://www.gesundheit.bs.ch,2,0,80,8
2021-10-22,10:40,BS,,16402,10,2,,16057,215,https://www.gesundheit.bs.ch,1,0,91,9
2021-10-23,10:50,BS,,16427,13,2,,16071,215,https://www.gesundheit.bs.ch,3,0,115,10
2021-10-24,10:30,BS,,16442,13,1,,16081,215,https://www.gesundheit.bs.ch,4,0,131,9
2021-10-25,10:40,BS,,16463,15,2,,16095,215,https://www.gesundheit.bs.ch,5,0,113,10
2021-10-26,10:30,BS,,16505,17,2,,16108,215,https://www.gesundheit.bs.ch,5,0,122,12
2021-10-27,10:40,BS,,16522,21,2,,16119,215,https://www.gesundheit.bs.ch,7,0,121,14
2021-10-28,10:40,BS,,16551,19,3,,16148,215,https://www.gesundheit.bs.ch,8,0,129,11
2021-10-29,10:30,BS,,16591,20,3,,16162,215,https://www.gesundheit.bs.ch,10,0,127,10
2021-10-30,11:20,BS,,16640,19,3,,16203,215,https://www.gesundheit.bs.ch,9,0,153,10
2021-10-31,10:30,BS,,16663,21,3,,16215,215,https://www.gesundheit.bs.ch,8,0,150,13
2021-11-01,10:50,BS,,16682,21,3,,16249,215,https://www.gesundheit.bs.ch,8,0,146,13
2021-11-02,10:40,BS,,16722,20,3,,16258,217,https://www.gesundheit.bs.ch,7,0,156,13
2021-11-03,10:30,BS,,16766,25,3,,16279,217,https://www.gesundheit.bs.ch,10,0,179,15
2021-11-04,10:30,BS,,16843,27,5,,16313,217,https://www.gesundheit.bs.ch,10,0,205,17
2021-11-05,10:50,BS,,16915,31,5,,16344,217,https://www.gesundheit.bs.ch,10,0,266,21
2021-11-06,10:40,BS,,16965,30,4,,16390,217,https://www.gesundheit.bs.ch,11,0,324,19
2021-11-07,10:30,BS,,17010,30,4,,16431,217,https://www.gesundheit.bs.ch,9,0,290,21
2021-11-08,11:10,BS,,17039,28,3,,16450,217,https://www.gesundheit.bs.ch,8,0,257,20
2021-11-09,10:30,BS,,17140,36,5,,16484,218,https://www.gesundheit.bs.ch,12,0,213,24
2021-11-10,10:40,BS,,17227,38,5,,16519,220,https://www.gesundheit.bs.ch,12,0,278,26
2021-11-11,10:30,BS,,17326,35,5,,16575,220,https://www.gesundheit.bs.ch,12,0,387,23
2021-11-12,10:30,BS,,17451,37,6,,16636,222,https://www.gesundheit.bs.ch,13,0,360,24
2021-11-13,11:30,BS,,17542,36,5,,16693,223,https://www.gesundheit.bs.ch,11,0,332,25
2021-11-14,12:50,BS,,17599,39,5,,16759,223,https://www.gesundheit.bs.ch,13,0,436,26
2021-11-15,10:40,BS,,17650,43,5,,16813,223,https://www.gesundheit.bs.ch,14,0,400,29
2021-11-16,10:40,BS,,17747,48,5,,16880,223,https://www.gesundheit.bs.ch,15,0,383,33
2021-11-17,10:30,BS,,17851,48,5,,16961,223,https://www.gesundheit.bs.ch,17,0,403,31
2021-11-18,16:00,BS,,18074,49,6,,17068,223,https://www.gesundheit.bs.ch,16,0,516,33
2021-11-19,10:40,BS,,18277,60,11,,17141,224,https://www.gesundheit.bs.ch,23,0,518,37
2021-11-20,09:30,BS,,18455,62,10,,17237,224,https://www.gesundheit.bs.ch,23,0,596,39
2021-11-21,10:30,BS,,18548,62,10,,17332,224,https://www.gesundheit.bs.ch,21,0,579,41
2021-11-22,10:50,BS,,18642,70,10,,17437,224,https://www.gesundheit.bs.ch,27,0,622,43
2021-11-23,10:30,BS,,18793,80,11,,17525,224,https://www.gesundheit.bs.ch,32,0,537,48
2021-11-24,10:30,BS,,18994,86,12,,17624,224,https://www.gesundheit.bs.ch,29,0,510,57
2021-11-25,10:30,BS,,19257,85,12,,17756,224,https://www.gesundheit.bs.ch,28,0,548,57
2021-11-26,10:50,BS,,19439,86,11,,17897,224,https://www.gesundheit.bs.ch,29,0,547,57
2021-11-27,11:00,BS,,19761,82,13,,18151,225,https://www.gesundheit.bs.ch,25,0,551,57
2021-11-28,11:30,BS,,19883,87,14,,18264,225,https://www.gesundheit.bs.ch,28,0,624,59
2021-11-29,12:20,BS,,19984,92,13,,18468,225,https://www.gesundheit.bs.ch,30,0,747,62
2021-11-30,11:30,BS,,20192,94,15,,18613,227,https://www.gesundheit.bs.ch,34,0,722,60
2021-12-01,12:30,BS,,20518,101,15,,18895,230,https://www.gesundheit.bs.ch,38,0,763,63
2021-12-02,12:40,BS,,20799,109,15,,19090,231,https://www.gesundheit.bs.ch,43,0,868,66
2021-12-03,11:10,BS,,21024,110,16,,19274,233,https://www.gesundheit.bs.ch,47,0,887,63
2021-12-04,11:40,BS,,21310,104,16,,19308,233,https://www.gesundheit.bs.ch,43,0,825,61
2021-12-05,11:40,BS,,21489,105,14,,19612,233,https://www.gesundheit.bs.ch,42,0,800,63
2021-12-06,12:20,BS,,21585,105,11,,19828,233,https://www.gesundheit.bs.ch,39,0,814,66
2021-12-07,15:10,BS,,21807,104,10,,20044,235,https://www.gesundheit.bs.ch,35,0,828,69
2021-12-08,11:10,BS,,22014,101,10,,20191,239,https://www.gesundheit.bs.ch,33,0,773,68
2021-12-09,12:00,BS,,22245,100,13,,20466,239,https://www.gesundheit.bs.ch,31,0,848,69
2021-12-10,11:40,BS,,22514,98,17,,20735,239,https://www.gesundheit.bs.ch,34,0,840,64
2021-12-11,11:30,BS,,22731,98,16,,20985,241,https://www.gesundheit.bs.ch,28,0,911,70
2021-12-12,12:20,BS,,22833,97,16,,21223,241,https://www.gesundheit.bs.ch,28,0,822,69
2021-12-13,12:10,BS,,22928,99,17,,21381,241,https://www.gesundheit.bs.ch,30,0,743,69
2021-12-14,11:50,BS,,23095,90,17,,21523,244,https://www.gesundheit.bs.ch,23,0,816,67
2021-12-15,11:30,BS,,23285,97,15,,21593,244,https://www.gesundheit.bs.ch,27,0,763,70
2021-12-16,13:30,BS,,23523,94,16,,21833,244,https://www.gesundheit.bs.ch,27,0,727,67
2021-12-17,11:40,BS,,23738,85,15,,22079,244,https://www.gesundheit.bs.ch,27,0,705,58
2021-12-18,12:20,BS,,23871,89,19,,22327,244,https://www.gesundheit.bs.ch,35,0,702,54
2021-12-19,12:20,BS,,23990,88,21,,22509,244,https://www.gesundheit.bs.ch,37,0,712,51
2021-12-20,12:00,BS,,24080,99,19,,22679,244,https://www.gesundheit.bs.ch,46,0,739,53
2021-12-21,11:50,BS,,24212,91,19,,22758,244,https://www.gesundheit.bs.ch,41,0,758,50
2021-12-22,12:40,BS,,24386,89,19,,22863,246,https://www.gesundheit.bs.ch,40,0,730,49
2021-12-23,11:40,BS,,24551,76,18,,23043,246,https://www.gesundheit.bs.ch,38,0,721,38
2021-12-24,12:00,BS,,24721,74,17,,23261,246,https://www.gesundheit.bs.ch,37,0,565,37
2021-12-25,12:00,BS,,24863,84,20,,23454,246,https://www.gesundheit.bs.ch,42,0,571,42
2021-12-26,12:00,BS,,24952,83,20,,23586,246,https://www.gesundheit.bs.ch,42,0,576,41
2021-12-27,13:00,BS,,25053,83,17,,23710,248,https://www.gesundheit.bs.ch,43,0,549,40
2021-12-28,12:10,BS,,25314,85,19,,23851,250,https://www.gesundheit.bs.ch,45,0,593,40
2021-12-29,12:20,BS,,25530,86,18,,24061,250,https://www.gesundheit.bs.ch,49,0,597,37
2021-12-30,11:40,BS,,25752,80,16,,24182,250,https://www.gesundheit.bs.ch,46,0,637,34
2021-12-31,12:10,BS,,26032,76,19,,24328,250,https://www.gesundheit.bs.ch,42,0,629,34
2022-01-01,14:50,BS,,26279,61,15,,24469,250,https://www.gesundheit.bs.ch,33,0,665,28
2022-01-02,11:50,BS,,26386,69,16,,24615,250,https://www.gesundheit.bs.ch,33,0,702,36
2022-01-03,11:50,BS,,26571,79,18,,24925,250,https://www.gesundheit.bs.ch,38,0,653,41
2022-01-04,12:30,BS,,26954,82,18,,24992,252,https://www.gesundheit.bs.ch,37,0,628,45
2022-01-05,11:50,BS,,27527,79,19,,25144,252,https://www.gesundheit.bs.ch,37,0,770,42
2022-01-06,12:00,BS,,28081,87,20,,25697,254,https://www.gesundheit.bs.ch,38,0,1006,49
2022-01-07,13:00,BS,,28472,93,16,,25898,255,https://www.gesundheit.bs.ch,38,0,1202,55
2022-01-08,11:30,BS,,29065,90,16,,26081,255,https://www.gesundheit.bs.ch,37,0,1190,53
2022-01-09,11:40,BS,,29389,90,16,,26349,255,https://www.gesundheit.bs.ch,37,0,1203,53
2022-01-10,12:50,BS,,29628,90,17,,26706,255,https://www.gesundheit.bs.ch,37,0,1294,53
2022-01-11,12:00,BS,,30066,89,20,,27144,255,https://www.gesundheit.bs.ch,35,0,1326,54
2022-01-12,12:20,BS,,30681,91,19,,27691,256,https://www.gesundheit.bs.ch,36,0,1170,55
2022-01-13,12:00,BS,,31265,92,19,,28204,256,https://www.gesundheit.bs.ch,34,0,1127,58
2022-01-14,12:30,BS,,31882,89,22,,29902,256,https://www.gesundheit.bs.ch,37,0,1033,52
2022-01-15,12:00,BS,,32496,85,23,,30324,256,https://www.gesundheit.bs.ch,32,0,1043,53
2022-01-16,12:10,BS,,32922,90,24,,31311,256,https://www.gesundheit.bs.ch,32,0,1149,58
2022-01-17,12:50,BS,,33282,89,21,,31919,256,https://www.gesundheit.bs.ch,30,0,892,59
2022-01-18,12:10,BS,,33851,91,17,,32001,257,https://www.gesundheit.bs.ch,37,0,842,54
2022-01-19,11:50,BS,,34634,81,16,,32952,259,https://www.gesundheit.bs.ch,32,0,822,49
2022-01-20,11:50,BS,,35508,78,18,,33529,259,https://www.gesundheit.bs.ch,31,0,645,47
2022-01-21,11:40,BS,,36300,81,16,,34330,259,https://www.gesundheit.bs.ch,32,0,874,49
2022-01-22,11:10,BS,,37363,84,16,,35081,259,https://www.gesundheit.bs.ch,33,0,1013,51
2022-01-23,11:20,BS,,37929,90,17,,35686,260,https://www.gesundheit.bs.ch,34,0,986,56
2022-01-24,14:00,BS,,38307,92,16,,36330,260,https://www.gesundheit.bs.ch,,,,
