date,time,abbreviation_canton_and_fl,place_of_death,ncumul_deceased,source
2020-03-15,14:30,ZH,care or nursing home,1,https://gd.zh.ch/internet/gesundheitsdirektion/de/themen/coronavirus.html
2020-03-15,14:30,ZH,decedent's home,0,https://gd.zh.ch/internet/gesundheitsdirektion/de/themen/coronavirus.html
2020-03-15,14:30,ZH,hospital,0,https://gd.zh.ch/internet/gesundheitsdirektion/de/themen/coronavirus.html
2020-03-16,14:30,ZH,care or nursing home,1,https://gd.zh.ch/internet/gesundheitsdirektion/de/themen/coronavirus.html
2020-03-16,14:30,ZH,decedent's home,0,https://gd.zh.ch/internet/gesundheitsdirektion/de/themen/coronavirus.html
2020-03-16,14:30,ZH,hospital,0,https://gd.zh.ch/internet/gesundheitsdirektion/de/themen/coronavirus.html
2020-03-17,14:30,ZH,care or nursing home,1,https://gd.zh.ch/internet/gesundheitsdirektion/de/themen/coronavirus.html
2020-03-17,14:30,ZH,decedent's home,0,https://gd.zh.ch/internet/gesundheitsdirektion/de/themen/coronavirus.html
2020-03-17,14:30,ZH,hospital,0,https://gd.zh.ch/internet/gesundheitsdirektion/de/themen/coronavirus.html
2020-03-18,14:30,ZH,care or nursing home,2,https://gd.zh.ch/internet/gesundheitsdirektion/de/themen/coronavirus.html
2020-03-18,14:30,ZH,decedent's home,0,https://gd.zh.ch/internet/gesundheitsdirektion/de/themen/coronavirus.html
2020-03-18,14:30,ZH,hospital,0,https://gd.zh.ch/internet/gesundheitsdirektion/de/themen/coronavirus.html
2020-03-19,14:30,ZH,care or nursing home,2,https://gd.zh.ch/internet/gesundheitsdirektion/de/themen/coronavirus.html
2020-03-19,14:30,ZH,decedent's home,0,https://gd.zh.ch/internet/gesundheitsdirektion/de/themen/coronavirus.html
2020-03-19,14:30,ZH,hospital,1,https://gd.zh.ch/internet/gesundheitsdirektion/de/themen/coronavirus.html
2020-03-20,14:30,ZH,care or nursing home,3,https://gd.zh.ch/internet/gesundheitsdirektion/de/themen/coronavirus.html
2020-03-20,14:30,ZH,decedent's home,0,https://gd.zh.ch/internet/gesundheitsdirektion/de/themen/coronavirus.html
2020-03-20,14:30,ZH,hospital,1,https://gd.zh.ch/internet/gesundheitsdirektion/de/themen/coronavirus.html
2020-03-21,14:30,ZH,care or nursing home,4,https://gd.zh.ch/internet/gesundheitsdirektion/de/themen/coronavirus.html
2020-03-21,14:30,ZH,decedent's home,0,https://gd.zh.ch/internet/gesundheitsdirektion/de/themen/coronavirus.html
2020-03-21,14:30,ZH,hospital,1,https://gd.zh.ch/internet/gesundheitsdirektion/de/themen/coronavirus.html
2020-03-22,14:30,ZH,care or nursing home,4,https://gd.zh.ch/internet/gesundheitsdirektion/de/themen/coronavirus.html
2020-03-22,14:30,ZH,decedent's home,0,https://gd.zh.ch/internet/gesundheitsdirektion/de/themen/coronavirus.html
2020-03-22,14:30,ZH,hospital,2,https://gd.zh.ch/internet/gesundheitsdirektion/de/themen/coronavirus.html
2020-03-23,14:30,ZH,care or nursing home,4,https://gd.zh.ch/internet/gesundheitsdirektion/de/themen/coronavirus.html
2020-03-23,14:30,ZH,decedent's home,0,https://gd.zh.ch/internet/gesundheitsdirektion/de/themen/coronavirus.html
2020-03-23,14:30,ZH,hospital,2,https://gd.zh.ch/internet/gesundheitsdirektion/de/themen/coronavirus.html
2020-03-24,14:30,ZH,care or nursing home,4,https://gd.zh.ch/internet/gesundheitsdirektion/de/themen/coronavirus.html
2020-03-24,14:30,ZH,decedent's home,0,https://gd.zh.ch/internet/gesundheitsdirektion/de/themen/coronavirus.html
2020-03-24,14:30,ZH,hospital,4,https://gd.zh.ch/internet/gesundheitsdirektion/de/themen/coronavirus.html
2020-03-25,14:30,ZH,care or nursing home,6,https://gd.zh.ch/internet/gesundheitsdirektion/de/themen/coronavirus.html
2020-03-25,14:30,ZH,decedent's home,0,https://gd.zh.ch/internet/gesundheitsdirektion/de/themen/coronavirus.html
2020-03-25,14:30,ZH,hospital,4,https://gd.zh.ch/internet/gesundheitsdirektion/de/themen/coronavirus.html
2020-03-26,14:30,ZH,care or nursing home,8,https://gd.zh.ch/internet/gesundheitsdirektion/de/themen/coronavirus.html
2020-03-26,14:30,ZH,decedent's home,0,https://gd.zh.ch/internet/gesundheitsdirektion/de/themen/coronavirus.html
2020-03-26,14:30,ZH,hospital,5,https://gd.zh.ch/internet/gesundheitsdirektion/de/themen/coronavirus.html
2020-03-27,14:30,ZH,care or nursing home,8,https://gd.zh.ch/internet/gesundheitsdirektion/de/themen/coronavirus.html
2020-03-27,14:30,ZH,decedent's home,0,https://gd.zh.ch/internet/gesundheitsdirektion/de/themen/coronavirus.html
2020-03-27,14:30,ZH,hospital,7,https://gd.zh.ch/internet/gesundheitsdirektion/de/themen/coronavirus.html
2020-03-28,14:30,ZH,care or nursing home,9,https://gd.zh.ch/internet/gesundheitsdirektion/de/themen/coronavirus.html
2020-03-28,14:30,ZH,decedent's home,0,https://gd.zh.ch/internet/gesundheitsdirektion/de/themen/coronavirus.html
2020-03-28,14:30,ZH,hospital,10,https://gd.zh.ch/internet/gesundheitsdirektion/de/themen/coronavirus.html
2020-03-29,14:30,ZH,care or nursing home,10,https://gd.zh.ch/internet/gesundheitsdirektion/de/themen/coronavirus.html
2020-03-29,14:30,ZH,decedent's home,0,https://gd.zh.ch/internet/gesundheitsdirektion/de/themen/coronavirus.html
2020-03-29,14:30,ZH,hospital,12,https://gd.zh.ch/internet/gesundheitsdirektion/de/themen/coronavirus.html
2020-03-30,14:30,ZH,care or nursing home,12,https://gd.zh.ch/internet/gesundheitsdirektion/de/themen/coronavirus.html
2020-03-30,14:30,ZH,decedent's home,0,https://gd.zh.ch/internet/gesundheitsdirektion/de/themen/coronavirus.html
2020-03-30,14:30,ZH,hospital,12,https://gd.zh.ch/internet/gesundheitsdirektion/de/themen/coronavirus.html
2020-03-31,14:30,ZH,care or nursing home,12,https://gd.zh.ch/internet/gesundheitsdirektion/de/themen/coronavirus.html
2020-03-31,14:30,ZH,decedent's home,0,https://gd.zh.ch/internet/gesundheitsdirektion/de/themen/coronavirus.html
2020-03-31,14:30,ZH,hospital,15,https://gd.zh.ch/internet/gesundheitsdirektion/de/themen/coronavirus.html
2020-04-01,14:30,ZH,care or nursing home,18,https://gd.zh.ch/internet/gesundheitsdirektion/de/themen/coronavirus.html
2020-04-01,14:30,ZH,decedent's home,0,https://gd.zh.ch/internet/gesundheitsdirektion/de/themen/coronavirus.html
2020-04-01,14:30,ZH,hospital,18,https://gd.zh.ch/internet/gesundheitsdirektion/de/themen/coronavirus.html
2020-04-02,14:30,ZH,care or nursing home,19,https://gd.zh.ch/internet/gesundheitsdirektion/de/themen/coronavirus.html
2020-04-02,14:30,ZH,decedent's home,0,https://gd.zh.ch/internet/gesundheitsdirektion/de/themen/coronavirus.html
2020-04-02,14:30,ZH,hospital,20,https://gd.zh.ch/internet/gesundheitsdirektion/de/themen/coronavirus.html
2020-04-03,14:30,ZH,care or nursing home,21,https://gd.zh.ch/internet/gesundheitsdirektion/de/themen/coronavirus.html
2020-04-03,14:30,ZH,decedent's home,0,https://gd.zh.ch/internet/gesundheitsdirektion/de/themen/coronavirus.html
2020-04-03,14:30,ZH,hospital,20,https://gd.zh.ch/internet/gesundheitsdirektion/de/themen/coronavirus.html
2020-04-04,14:30,ZH,care or nursing home,26,https://gd.zh.ch/internet/gesundheitsdirektion/de/themen/coronavirus.html
2020-04-04,14:30,ZH,decedent's home,0,https://gd.zh.ch/internet/gesundheitsdirektion/de/themen/coronavirus.html
2020-04-04,14:30,ZH,hospital,22,https://gd.zh.ch/internet/gesundheitsdirektion/de/themen/coronavirus.html
2020-04-05,14:30,ZH,care or nursing home,29,https://gd.zh.ch/internet/gesundheitsdirektion/de/themen/coronavirus.html
2020-04-05,14:30,ZH,decedent's home,0,https://gd.zh.ch/internet/gesundheitsdirektion/de/themen/coronavirus.html
2020-04-05,14:30,ZH,hospital,23,https://gd.zh.ch/internet/gesundheitsdirektion/de/themen/coronavirus.html
2020-04-06,14:30,ZH,care or nursing home,31,https://gd.zh.ch/internet/gesundheitsdirektion/de/themen/coronavirus.html
2020-04-06,14:30,ZH,decedent's home,0,https://gd.zh.ch/internet/gesundheitsdirektion/de/themen/coronavirus.html
2020-04-06,14:30,ZH,hospital,23,https://gd.zh.ch/internet/gesundheitsdirektion/de/themen/coronavirus.html
2020-04-07,14:30,ZH,care or nursing home,32,https://gd.zh.ch/internet/gesundheitsdirektion/de/themen/coronavirus.html
2020-04-07,14:30,ZH,decedent's home,0,https://gd.zh.ch/internet/gesundheitsdirektion/de/themen/coronavirus.html
2020-04-07,14:30,ZH,hospital,24,https://gd.zh.ch/internet/gesundheitsdirektion/de/themen/coronavirus.html
2020-04-08,14:30,ZH,care or nursing home,33,https://gd.zh.ch/internet/gesundheitsdirektion/de/themen/coronavirus.html
2020-04-08,14:30,ZH,decedent's home,1,https://gd.zh.ch/internet/gesundheitsdirektion/de/themen/coronavirus.html
2020-04-08,14:30,ZH,hospital,30,https://gd.zh.ch/internet/gesundheitsdirektion/de/themen/coronavirus.html
2020-04-09,14:30,ZH,care or nursing home,35,https://gd.zh.ch/internet/gesundheitsdirektion/de/themen/coronavirus.html
2020-04-09,14:30,ZH,decedent's home,1,https://gd.zh.ch/internet/gesundheitsdirektion/de/themen/coronavirus.html
2020-04-09,14:30,ZH,hospital,30,https://gd.zh.ch/internet/gesundheitsdirektion/de/themen/coronavirus.html
2020-04-10,14:30,ZH,care or nursing home,37,https://gd.zh.ch/internet/gesundheitsdirektion/de/themen/coronavirus.html
2020-04-10,14:30,ZH,decedent's home,1,https://gd.zh.ch/internet/gesundheitsdirektion/de/themen/coronavirus.html
2020-04-10,14:30,ZH,hospital,33,https://gd.zh.ch/internet/gesundheitsdirektion/de/themen/coronavirus.html
2020-04-11,14:30,ZH,care or nursing home,41,https://gd.zh.ch/internet/gesundheitsdirektion/de/themen/coronavirus.html
2020-04-11,14:30,ZH,decedent's home,1,https://gd.zh.ch/internet/gesundheitsdirektion/de/themen/coronavirus.html
2020-04-11,14:30,ZH,hospital,35,https://gd.zh.ch/internet/gesundheitsdirektion/de/themen/coronavirus.html
2020-04-12,14:30,ZH,care or nursing home,42,https://gd.zh.ch/internet/gesundheitsdirektion/de/themen/coronavirus.html
2020-04-12,14:30,ZH,decedent's home,1,https://gd.zh.ch/internet/gesundheitsdirektion/de/themen/coronavirus.html
2020-04-12,14:30,ZH,hospital,36,https://gd.zh.ch/internet/gesundheitsdirektion/de/themen/coronavirus.html
2020-04-13,14:30,ZH,care or nursing home,45,https://gd.zh.ch/internet/gesundheitsdirektion/de/themen/coronavirus.html
2020-04-13,14:30,ZH,decedent's home,1,https://gd.zh.ch/internet/gesundheitsdirektion/de/themen/coronavirus.html
2020-04-13,14:30,ZH,hospital,37,https://gd.zh.ch/internet/gesundheitsdirektion/de/themen/coronavirus.html
2020-04-14,14:30,ZH,care or nursing home,47,https://gd.zh.ch/internet/gesundheitsdirektion/de/themen/coronavirus.html
2020-04-14,14:30,ZH,decedent's home,1,https://gd.zh.ch/internet/gesundheitsdirektion/de/themen/coronavirus.html
2020-04-14,14:30,ZH,hospital,39,https://gd.zh.ch/internet/gesundheitsdirektion/de/themen/coronavirus.html
2020-04-15,14:30,ZH,care or nursing home,50,https://gd.zh.ch/internet/gesundheitsdirektion/de/themen/coronavirus.html
2020-04-15,14:30,ZH,decedent's home,1,https://gd.zh.ch/internet/gesundheitsdirektion/de/themen/coronavirus.html
2020-04-15,14:30,ZH,hospital,40,https://gd.zh.ch/internet/gesundheitsdirektion/de/themen/coronavirus.html
2020-04-16,14:30,ZH,care or nursing home,53,https://gd.zh.ch/internet/gesundheitsdirektion/de/themen/coronavirus.html
2020-04-16,14:30,ZH,decedent's home,1,https://gd.zh.ch/internet/gesundheitsdirektion/de/themen/coronavirus.html
2020-04-16,14:30,ZH,hospital,41,https://gd.zh.ch/internet/gesundheitsdirektion/de/themen/coronavirus.html
2020-04-17,14:30,ZH,care or nursing home,58,https://gd.zh.ch/internet/gesundheitsdirektion/de/themen/coronavirus.html
2020-04-17,14:30,ZH,decedent's home,1,https://gd.zh.ch/internet/gesundheitsdirektion/de/themen/coronavirus.html
2020-04-17,14:30,ZH,hospital,41,https://gd.zh.ch/internet/gesundheitsdirektion/de/themen/coronavirus.html
2020-04-18,14:30,ZH,care or nursing home,62,https://gd.zh.ch/internet/gesundheitsdirektion/de/themen/coronavirus.html
2020-04-18,14:30,ZH,decedent's home,1,https://gd.zh.ch/internet/gesundheitsdirektion/de/themen/coronavirus.html
2020-04-18,14:30,ZH,hospital,42,https://gd.zh.ch/internet/gesundheitsdirektion/de/themen/coronavirus.html
2020-04-19,14:30,ZH,care or nursing home,62,https://gd.zh.ch/internet/gesundheitsdirektion/de/themen/coronavirus.html
2020-04-19,14:30,ZH,decedent's home,1,https://gd.zh.ch/internet/gesundheitsdirektion/de/themen/coronavirus.html
2020-04-19,14:30,ZH,hospital,43,https://gd.zh.ch/internet/gesundheitsdirektion/de/themen/coronavirus.html
2020-04-20,14:30,ZH,care or nursing home,64,https://gd.zh.ch/internet/gesundheitsdirektion/de/themen/coronavirus.html
2020-04-20,14:30,ZH,decedent's home,1,https://gd.zh.ch/internet/gesundheitsdirektion/de/themen/coronavirus.html
2020-04-20,14:30,ZH,hospital,43,https://gd.zh.ch/internet/gesundheitsdirektion/de/themen/coronavirus.html
2020-04-21,14:30,ZH,care or nursing home,66,https://gd.zh.ch/internet/gesundheitsdirektion/de/themen/coronavirus.html
2020-04-21,14:30,ZH,decedent's home,1,https://gd.zh.ch/internet/gesundheitsdirektion/de/themen/coronavirus.html
2020-04-21,14:30,ZH,hospital,43,https://gd.zh.ch/internet/gesundheitsdirektion/de/themen/coronavirus.html
2020-04-22,14:30,ZH,care or nursing home,67,https://gd.zh.ch/internet/gesundheitsdirektion/de/themen/coronavirus.html
2020-04-22,14:30,ZH,decedent's home,1,https://gd.zh.ch/internet/gesundheitsdirektion/de/themen/coronavirus.html
2020-04-22,14:30,ZH,hospital,43,https://gd.zh.ch/internet/gesundheitsdirektion/de/themen/coronavirus.html
2020-04-23,14:30,ZH,care or nursing home,70,https://gd.zh.ch/internet/gesundheitsdirektion/de/themen/coronavirus.html
2020-04-23,14:30,ZH,decedent's home,1,https://gd.zh.ch/internet/gesundheitsdirektion/de/themen/coronavirus.html
2020-04-23,14:30,ZH,hospital,43,https://gd.zh.ch/internet/gesundheitsdirektion/de/themen/coronavirus.html
2020-04-24,14:30,ZH,care or nursing home,70,https://gd.zh.ch/internet/gesundheitsdirektion/de/themen/coronavirus.html
2020-04-24,14:30,ZH,decedent's home,1,https://gd.zh.ch/internet/gesundheitsdirektion/de/themen/coronavirus.html
2020-04-24,14:30,ZH,hospital,44,https://gd.zh.ch/internet/gesundheitsdirektion/de/themen/coronavirus.html
2020-04-25,14:30,ZH,care or nursing home,71,https://gd.zh.ch/internet/gesundheitsdirektion/de/themen/coronavirus.html
2020-04-25,14:30,ZH,decedent's home,1,https://gd.zh.ch/internet/gesundheitsdirektion/de/themen/coronavirus.html
2020-04-25,14:30,ZH,hospital,45,https://gd.zh.ch/internet/gesundheitsdirektion/de/themen/coronavirus.html
2020-04-26,14:30,ZH,care or nursing home,71,https://gd.zh.ch/internet/gesundheitsdirektion/de/themen/coronavirus.html
2020-04-26,14:30,ZH,decedent's home,1,https://gd.zh.ch/internet/gesundheitsdirektion/de/themen/coronavirus.html
2020-04-26,14:30,ZH,hospital,45,https://gd.zh.ch/internet/gesundheitsdirektion/de/themen/coronavirus.html
2020-04-27,14:30,ZH,care or nursing home,75,https://gd.zh.ch/internet/gesundheitsdirektion/de/themen/coronavirus.html
2020-04-27,14:30,ZH,decedent's home,1,https://gd.zh.ch/internet/gesundheitsdirektion/de/themen/coronavirus.html
2020-04-27,14:30,ZH,hospital,45,https://gd.zh.ch/internet/gesundheitsdirektion/de/themen/coronavirus.html
2020-04-28,14:30,ZH,care or nursing home,75,https://gd.zh.ch/internet/gesundheitsdirektion/de/themen/coronavirus.html
2020-04-28,14:30,ZH,decedent's home,1,https://gd.zh.ch/internet/gesundheitsdirektion/de/themen/coronavirus.html
2020-04-28,14:30,ZH,hospital,45,https://gd.zh.ch/internet/gesundheitsdirektion/de/themen/coronavirus.html
2020-04-29,14:30,ZH,care or nursing home,75,https://gd.zh.ch/internet/gesundheitsdirektion/de/themen/coronavirus.html
2020-04-29,14:30,ZH,decedent's home,1,https://gd.zh.ch/internet/gesundheitsdirektion/de/themen/coronavirus.html
2020-04-29,14:30,ZH,hospital,48,https://gd.zh.ch/internet/gesundheitsdirektion/de/themen/coronavirus.html
2020-04-30,14:30,ZH,care or nursing home,76,https://gd.zh.ch/internet/gesundheitsdirektion/de/themen/coronavirus.html
2020-04-30,14:30,ZH,decedent's home,1,https://gd.zh.ch/internet/gesundheitsdirektion/de/themen/coronavirus.html
2020-04-30,14:30,ZH,hospital,49,https://gd.zh.ch/internet/gesundheitsdirektion/de/themen/coronavirus.html
2020-05-01,14:30,ZH,care or nursing home,76,https://gd.zh.ch/internet/gesundheitsdirektion/de/themen/coronavirus.html
2020-05-01,14:30,ZH,decedent's home,1,https://gd.zh.ch/internet/gesundheitsdirektion/de/themen/coronavirus.html
2020-05-01,14:30,ZH,hospital,49,https://gd.zh.ch/internet/gesundheitsdirektion/de/themen/coronavirus.html
2020-05-02,14:30,ZH,care or nursing home,76,https://gd.zh.ch/internet/gesundheitsdirektion/de/themen/coronavirus.html
2020-05-02,14:30,ZH,decedent's home,1,https://gd.zh.ch/internet/gesundheitsdirektion/de/themen/coronavirus.html
2020-05-02,14:30,ZH,hospital,49,https://gd.zh.ch/internet/gesundheitsdirektion/de/themen/coronavirus.html
2020-05-03,14:30,ZH,care or nursing home,76,https://gd.zh.ch/internet/gesundheitsdirektion/de/themen/coronavirus.html
2020-05-03,14:30,ZH,decedent's home,1,https://gd.zh.ch/internet/gesundheitsdirektion/de/themen/coronavirus.html
2020-05-03,14:30,ZH,hospital,49,https://gd.zh.ch/internet/gesundheitsdirektion/de/themen/coronavirus.html
2020-05-04,14:30,ZH,care or nursing home,76,https://gd.zh.ch/internet/gesundheitsdirektion/de/themen/coronavirus.html
2020-05-04,14:30,ZH,decedent's home,1,https://gd.zh.ch/internet/gesundheitsdirektion/de/themen/coronavirus.html
2020-05-04,14:30,ZH,hospital,49,https://gd.zh.ch/internet/gesundheitsdirektion/de/themen/coronavirus.html
2020-05-05,14:30,ZH,care or nursing home,76,https://gd.zh.ch/internet/gesundheitsdirektion/de/themen/coronavirus.html
2020-05-05,14:30,ZH,decedent's home,1,https://gd.zh.ch/internet/gesundheitsdirektion/de/themen/coronavirus.html
2020-05-05,14:30,ZH,hospital,50,https://gd.zh.ch/internet/gesundheitsdirektion/de/themen/coronavirus.html
2020-05-06,14:30,ZH,care or nursing home,76,https://gd.zh.ch/internet/gesundheitsdirektion/de/themen/coronavirus.html
2020-05-06,14:30,ZH,decedent's home,1,https://gd.zh.ch/internet/gesundheitsdirektion/de/themen/coronavirus.html
2020-05-06,14:30,ZH,hospital,51,https://gd.zh.ch/internet/gesundheitsdirektion/de/themen/coronavirus.html
2020-05-07,14:30,ZH,care or nursing home,76,https://gd.zh.ch/internet/gesundheitsdirektion/de/themen/coronavirus.html
2020-05-07,14:30,ZH,decedent's home,1,https://gd.zh.ch/internet/gesundheitsdirektion/de/themen/coronavirus.html
2020-05-07,14:30,ZH,hospital,51,https://gd.zh.ch/internet/gesundheitsdirektion/de/themen/coronavirus.html
2020-05-08,14:30,ZH,care or nursing home,76,https://gd.zh.ch/internet/gesundheitsdirektion/de/themen/coronavirus.html
2020-05-08,14:30,ZH,decedent's home,1,https://gd.zh.ch/internet/gesundheitsdirektion/de/themen/coronavirus.html
2020-05-08,14:30,ZH,hospital,51,https://gd.zh.ch/internet/gesundheitsdirektion/de/themen/coronavirus.html
2020-05-09,14:30,ZH,care or nursing home,77,https://gd.zh.ch/internet/gesundheitsdirektion/de/themen/coronavirus.html
2020-05-09,14:30,ZH,decedent's home,1,https://gd.zh.ch/internet/gesundheitsdirektion/de/themen/coronavirus.html
2020-05-09,14:30,ZH,hospital,51,https://gd.zh.ch/internet/gesundheitsdirektion/de/themen/coronavirus.html
2020-05-10,14:30,ZH,care or nursing home,77,https://gd.zh.ch/internet/gesundheitsdirektion/de/themen/coronavirus.html
2020-05-10,14:30,ZH,decedent's home,1,https://gd.zh.ch/internet/gesundheitsdirektion/de/themen/coronavirus.html
2020-05-10,14:30,ZH,hospital,51,https://gd.zh.ch/internet/gesundheitsdirektion/de/themen/coronavirus.html
2020-05-11,14:30,ZH,care or nursing home,77,https://gd.zh.ch/internet/gesundheitsdirektion/de/themen/coronavirus.html
2020-05-11,14:30,ZH,decedent's home,1,https://gd.zh.ch/internet/gesundheitsdirektion/de/themen/coronavirus.html
2020-05-11,14:30,ZH,hospital,51,https://gd.zh.ch/internet/gesundheitsdirektion/de/themen/coronavirus.html
2020-05-12,14:30,ZH,care or nursing home,77,https://gd.zh.ch/internet/gesundheitsdirektion/de/themen/coronavirus.html
2020-05-12,14:30,ZH,decedent's home,1,https://gd.zh.ch/internet/gesundheitsdirektion/de/themen/coronavirus.html
2020-05-12,14:30,ZH,hospital,51,https://gd.zh.ch/internet/gesundheitsdirektion/de/themen/coronavirus.html
2020-05-13,14:30,ZH,care or nursing home,77,https://gd.zh.ch/internet/gesundheitsdirektion/de/themen/coronavirus.html
2020-05-13,14:30,ZH,decedent's home,1,https://gd.zh.ch/internet/gesundheitsdirektion/de/themen/coronavirus.html
2020-05-13,14:30,ZH,hospital,51,https://gd.zh.ch/internet/gesundheitsdirektion/de/themen/coronavirus.html
2020-05-14,14:30,ZH,care or nursing home,77,https://gd.zh.ch/internet/gesundheitsdirektion/de/themen/coronavirus.html
2020-05-14,14:30,ZH,decedent's home,1,https://gd.zh.ch/internet/gesundheitsdirektion/de/themen/coronavirus.html
2020-05-14,14:30,ZH,hospital,51,https://gd.zh.ch/internet/gesundheitsdirektion/de/themen/coronavirus.html
2020-05-15,14:30,ZH,care or nursing home,78,https://gd.zh.ch/internet/gesundheitsdirektion/de/themen/coronavirus.html
2020-05-15,14:30,ZH,decedent's home,1,https://gd.zh.ch/internet/gesundheitsdirektion/de/themen/coronavirus.html
2020-05-15,14:30,ZH,hospital,51,https://gd.zh.ch/internet/gesundheitsdirektion/de/themen/coronavirus.html
2020-05-16,14:30,ZH,care or nursing home,78,https://gd.zh.ch/internet/gesundheitsdirektion/de/themen/coronavirus.html
2020-05-16,14:30,ZH,decedent's home,1,https://gd.zh.ch/internet/gesundheitsdirektion/de/themen/coronavirus.html
2020-05-16,14:30,ZH,hospital,51,https://gd.zh.ch/internet/gesundheitsdirektion/de/themen/coronavirus.html
2020-05-17,14:30,ZH,care or nursing home,78,https://gd.zh.ch/internet/gesundheitsdirektion/de/themen/coronavirus.html
2020-05-17,14:30,ZH,decedent's home,1,https://gd.zh.ch/internet/gesundheitsdirektion/de/themen/coronavirus.html
2020-05-17,14:30,ZH,hospital,51,https://gd.zh.ch/internet/gesundheitsdirektion/de/themen/coronavirus.html
2020-05-18,14:30,ZH,care or nursing home,78,https://gd.zh.ch/internet/gesundheitsdirektion/de/themen/coronavirus.html
2020-05-18,14:30,ZH,decedent's home,1,https://gd.zh.ch/internet/gesundheitsdirektion/de/themen/coronavirus.html
2020-05-18,14:30,ZH,hospital,51,https://gd.zh.ch/internet/gesundheitsdirektion/de/themen/coronavirus.html
2020-05-19,14:30,ZH,care or nursing home,78,https://gd.zh.ch/internet/gesundheitsdirektion/de/themen/coronavirus.html
2020-05-19,14:30,ZH,decedent's home,1,https://gd.zh.ch/internet/gesundheitsdirektion/de/themen/coronavirus.html
2020-05-19,14:30,ZH,hospital,52,https://gd.zh.ch/internet/gesundheitsdirektion/de/themen/coronavirus.html
2020-05-20,14:30,ZH,care or nursing home,78,https://gd.zh.ch/internet/gesundheitsdirektion/de/themen/coronavirus.html
2020-05-20,14:30,ZH,decedent's home,1,https://gd.zh.ch/internet/gesundheitsdirektion/de/themen/coronavirus.html
2020-05-20,14:30,ZH,hospital,52,https://gd.zh.ch/internet/gesundheitsdirektion/de/themen/coronavirus.html
2020-05-21,14:30,ZH,care or nursing home,78,https://gd.zh.ch/internet/gesundheitsdirektion/de/themen/coronavirus.html
2020-05-21,14:30,ZH,decedent's home,2,https://gd.zh.ch/internet/gesundheitsdirektion/de/themen/coronavirus.html
2020-05-21,14:30,ZH,hospital,52,https://gd.zh.ch/internet/gesundheitsdirektion/de/themen/coronavirus.html
2020-05-22,14:30,ZH,care or nursing home,78,https://gd.zh.ch/internet/gesundheitsdirektion/de/themen/coronavirus.html
2020-05-22,14:30,ZH,decedent's home,2,https://gd.zh.ch/internet/gesundheitsdirektion/de/themen/coronavirus.html
2020-05-22,14:30,ZH,hospital,53,https://gd.zh.ch/internet/gesundheitsdirektion/de/themen/coronavirus.html
2020-05-23,14:30,ZH,care or nursing home,78,https://gd.zh.ch/internet/gesundheitsdirektion/de/themen/coronavirus.html
2020-05-23,14:30,ZH,decedent's home,2,https://gd.zh.ch/internet/gesundheitsdirektion/de/themen/coronavirus.html
2020-05-23,14:30,ZH,hospital,53,https://gd.zh.ch/internet/gesundheitsdirektion/de/themen/coronavirus.html
2020-05-24,14:30,ZH,care or nursing home,78,https://gd.zh.ch/internet/gesundheitsdirektion/de/themen/coronavirus.html
2020-05-24,14:30,ZH,decedent's home,2,https://gd.zh.ch/internet/gesundheitsdirektion/de/themen/coronavirus.html
2020-05-24,14:30,ZH,hospital,53,https://gd.zh.ch/internet/gesundheitsdirektion/de/themen/coronavirus.html
2020-05-25,14:30,ZH,care or nursing home,78,https://gd.zh.ch/internet/gesundheitsdirektion/de/themen/coronavirus.html
2020-05-25,14:30,ZH,decedent's home,2,https://gd.zh.ch/internet/gesundheitsdirektion/de/themen/coronavirus.html
2020-05-25,14:30,ZH,hospital,53,https://gd.zh.ch/internet/gesundheitsdirektion/de/themen/coronavirus.html
2020-05-26,14:30,ZH,care or nursing home,78,https://gd.zh.ch/internet/gesundheitsdirektion/de/themen/coronavirus.html
2020-05-26,14:30,ZH,decedent's home,2,https://gd.zh.ch/internet/gesundheitsdirektion/de/themen/coronavirus.html
2020-05-26,14:30,ZH,hospital,53,https://gd.zh.ch/internet/gesundheitsdirektion/de/themen/coronavirus.html
2020-05-27,14:30,ZH,care or nursing home,78,https://gd.zh.ch/internet/gesundheitsdirektion/de/themen/coronavirus.html
2020-05-27,14:30,ZH,decedent's home,2,https://gd.zh.ch/internet/gesundheitsdirektion/de/themen/coronavirus.html
2020-05-27,14:30,ZH,hospital,53,https://gd.zh.ch/internet/gesundheitsdirektion/de/themen/coronavirus.html
2020-05-28,14:30,ZH,care or nursing home,78,https://gd.zh.ch/internet/gesundheitsdirektion/de/themen/coronavirus.html
2020-05-28,14:30,ZH,decedent's home,2,https://gd.zh.ch/internet/gesundheitsdirektion/de/themen/coronavirus.html
2020-05-28,14:30,ZH,hospital,53,https://gd.zh.ch/internet/gesundheitsdirektion/de/themen/coronavirus.html
2020-05-29,14:30,ZH,care or nursing home,78,https://gd.zh.ch/internet/gesundheitsdirektion/de/themen/coronavirus.html
2020-05-29,14:30,ZH,decedent's home,2,https://gd.zh.ch/internet/gesundheitsdirektion/de/themen/coronavirus.html
2020-05-29,14:30,ZH,hospital,53,https://gd.zh.ch/internet/gesundheitsdirektion/de/themen/coronavirus.html
2020-05-30,14:30,ZH,care or nursing home,78,https://gd.zh.ch/internet/gesundheitsdirektion/de/themen/coronavirus.html
2020-05-30,14:30,ZH,decedent's home,2,https://gd.zh.ch/internet/gesundheitsdirektion/de/themen/coronavirus.html
2020-05-30,14:30,ZH,hospital,53,https://gd.zh.ch/internet/gesundheitsdirektion/de/themen/coronavirus.html
2020-05-31,14:30,ZH,care or nursing home,78,https://gd.zh.ch/internet/gesundheitsdirektion/de/themen/coronavirus.html
2020-05-31,14:30,ZH,decedent's home,2,https://gd.zh.ch/internet/gesundheitsdirektion/de/themen/coronavirus.html
2020-05-31,14:30,ZH,hospital,53,https://gd.zh.ch/internet/gesundheitsdirektion/de/themen/coronavirus.html
2020-06-01,14:30,ZH,care or nursing home,78,https://gd.zh.ch/internet/gesundheitsdirektion/de/themen/coronavirus.html
2020-06-01,14:30,ZH,decedent's home,2,https://gd.zh.ch/internet/gesundheitsdirektion/de/themen/coronavirus.html
2020-06-01,14:30,ZH,hospital,53,https://gd.zh.ch/internet/gesundheitsdirektion/de/themen/coronavirus.html
2020-06-02,14:30,ZH,care or nursing home,78,https://gd.zh.ch/internet/gesundheitsdirektion/de/themen/coronavirus.html
2020-06-02,14:30,ZH,decedent's home,2,https://gd.zh.ch/internet/gesundheitsdirektion/de/themen/coronavirus.html
2020-06-02,14:30,ZH,hospital,53,https://gd.zh.ch/internet/gesundheitsdirektion/de/themen/coronavirus.html
2020-06-03,14:30,ZH,care or nursing home,78,https://gd.zh.ch/internet/gesundheitsdirektion/de/themen/coronavirus.html
2020-06-03,14:30,ZH,decedent's home,2,https://gd.zh.ch/internet/gesundheitsdirektion/de/themen/coronavirus.html
2020-06-03,14:30,ZH,hospital,53,https://gd.zh.ch/internet/gesundheitsdirektion/de/themen/coronavirus.html
2020-06-04,14:30,ZH,care or nursing home,78,https://gd.zh.ch/internet/gesundheitsdirektion/de/themen/coronavirus.html
2020-06-04,14:30,ZH,decedent's home,2,https://gd.zh.ch/internet/gesundheitsdirektion/de/themen/coronavirus.html
2020-06-04,14:30,ZH,hospital,53,https://gd.zh.ch/internet/gesundheitsdirektion/de/themen/coronavirus.html
2020-06-05,14:30,ZH,care or nursing home,78,https://gd.zh.ch/internet/gesundheitsdirektion/de/themen/coronavirus.html
2020-06-05,14:30,ZH,decedent's home,2,https://gd.zh.ch/internet/gesundheitsdirektion/de/themen/coronavirus.html
2020-06-05,14:30,ZH,hospital,53,https://gd.zh.ch/internet/gesundheitsdirektion/de/themen/coronavirus.html
2020-06-06,14:30,ZH,care or nursing home,78,https://gd.zh.ch/internet/gesundheitsdirektion/de/themen/coronavirus.html
2020-06-06,14:30,ZH,decedent's home,2,https://gd.zh.ch/internet/gesundheitsdirektion/de/themen/coronavirus.html
2020-06-06,14:30,ZH,hospital,53,https://gd.zh.ch/internet/gesundheitsdirektion/de/themen/coronavirus.html
2020-06-07,14:30,ZH,care or nursing home,78,https://gd.zh.ch/internet/gesundheitsdirektion/de/themen/coronavirus.html
2020-06-07,14:30,ZH,decedent's home,2,https://gd.zh.ch/internet/gesundheitsdirektion/de/themen/coronavirus.html
2020-06-07,14:30,ZH,hospital,53,https://gd.zh.ch/internet/gesundheitsdirektion/de/themen/coronavirus.html
2020-06-08,14:30,ZH,care or nursing home,78,https://gd.zh.ch/internet/gesundheitsdirektion/de/themen/coronavirus.html
2020-06-08,14:30,ZH,decedent's home,2,https://gd.zh.ch/internet/gesundheitsdirektion/de/themen/coronavirus.html
2020-06-08,14:30,ZH,hospital,53,https://gd.zh.ch/internet/gesundheitsdirektion/de/themen/coronavirus.html
2020-06-09,14:30,ZH,care or nursing home,78,https://gd.zh.ch/internet/gesundheitsdirektion/de/themen/coronavirus.html
2020-06-09,14:30,ZH,decedent's home,2,https://gd.zh.ch/internet/gesundheitsdirektion/de/themen/coronavirus.html
2020-06-09,14:30,ZH,hospital,53,https://gd.zh.ch/internet/gesundheitsdirektion/de/themen/coronavirus.html
2020-06-10,14:30,ZH,care or nursing home,78,https://gd.zh.ch/internet/gesundheitsdirektion/de/themen/coronavirus.html
2020-06-10,14:30,ZH,decedent's home,2,https://gd.zh.ch/internet/gesundheitsdirektion/de/themen/coronavirus.html
2020-06-10,14:30,ZH,hospital,53,https://gd.zh.ch/internet/gesundheitsdirektion/de/themen/coronavirus.html
2020-06-11,14:30,ZH,care or nursing home,78,https://gd.zh.ch/internet/gesundheitsdirektion/de/themen/coronavirus.html
2020-06-11,14:30,ZH,decedent's home,2,https://gd.zh.ch/internet/gesundheitsdirektion/de/themen/coronavirus.html
2020-06-11,14:30,ZH,hospital,53,https://gd.zh.ch/internet/gesundheitsdirektion/de/themen/coronavirus.html
2020-06-12,14:30,ZH,care or nursing home,78,https://gd.zh.ch/internet/gesundheitsdirektion/de/themen/coronavirus.html
2020-06-12,14:30,ZH,decedent's home,2,https://gd.zh.ch/internet/gesundheitsdirektion/de/themen/coronavirus.html
2020-06-12,14:30,ZH,hospital,53,https://gd.zh.ch/internet/gesundheitsdirektion/de/themen/coronavirus.html
2020-06-13,14:30,ZH,care or nursing home,78,https://gd.zh.ch/internet/gesundheitsdirektion/de/themen/coronavirus.html
2020-06-13,14:30,ZH,decedent's home,2,https://gd.zh.ch/internet/gesundheitsdirektion/de/themen/coronavirus.html
2020-06-13,14:30,ZH,hospital,53,https://gd.zh.ch/internet/gesundheitsdirektion/de/themen/coronavirus.html
2020-06-14,14:30,ZH,care or nursing home,78,https://gd.zh.ch/internet/gesundheitsdirektion/de/themen/coronavirus.html
2020-06-14,14:30,ZH,decedent's home,2,https://gd.zh.ch/internet/gesundheitsdirektion/de/themen/coronavirus.html
2020-06-14,14:30,ZH,hospital,53,https://gd.zh.ch/internet/gesundheitsdirektion/de/themen/coronavirus.html
2020-06-15,14:30,ZH,care or nursing home,78,https://gd.zh.ch/internet/gesundheitsdirektion/de/themen/coronavirus.html
2020-06-15,14:30,ZH,decedent's home,2,https://gd.zh.ch/internet/gesundheitsdirektion/de/themen/coronavirus.html
2020-06-15,14:30,ZH,hospital,53,https://gd.zh.ch/internet/gesundheitsdirektion/de/themen/coronavirus.html
2020-06-16,14:30,ZH,care or nursing home,78,https://gd.zh.ch/internet/gesundheitsdirektion/de/themen/coronavirus.html
2020-06-16,14:30,ZH,decedent's home,2,https://gd.zh.ch/internet/gesundheitsdirektion/de/themen/coronavirus.html
2020-06-16,14:30,ZH,hospital,53,https://gd.zh.ch/internet/gesundheitsdirektion/de/themen/coronavirus.html
2020-06-17,14:30,ZH,care or nursing home,78,https://gd.zh.ch/internet/gesundheitsdirektion/de/themen/coronavirus.html
2020-06-17,14:30,ZH,decedent's home,2,https://gd.zh.ch/internet/gesundheitsdirektion/de/themen/coronavirus.html
2020-06-17,14:30,ZH,hospital,53,https://gd.zh.ch/internet/gesundheitsdirektion/de/themen/coronavirus.html
2020-06-18,14:30,ZH,care or nursing home,78,https://gd.zh.ch/internet/gesundheitsdirektion/de/themen/coronavirus.html
2020-06-18,14:30,ZH,decedent's home,2,https://gd.zh.ch/internet/gesundheitsdirektion/de/themen/coronavirus.html
2020-06-18,14:30,ZH,hospital,53,https://gd.zh.ch/internet/gesundheitsdirektion/de/themen/coronavirus.html
2020-06-19,14:30,ZH,care or nursing home,78,https://gd.zh.ch/internet/gesundheitsdirektion/de/themen/coronavirus.html
2020-06-19,14:30,ZH,decedent's home,2,https://gd.zh.ch/internet/gesundheitsdirektion/de/themen/coronavirus.html
2020-06-19,14:30,ZH,hospital,53,https://gd.zh.ch/internet/gesundheitsdirektion/de/themen/coronavirus.html
2020-06-20,14:30,ZH,care or nursing home,78,https://gd.zh.ch/internet/gesundheitsdirektion/de/themen/coronavirus.html
2020-06-20,14:30,ZH,decedent's home,2,https://gd.zh.ch/internet/gesundheitsdirektion/de/themen/coronavirus.html
2020-06-20,14:30,ZH,hospital,53,https://gd.zh.ch/internet/gesundheitsdirektion/de/themen/coronavirus.html
2020-06-21,14:30,ZH,care or nursing home,78,https://gd.zh.ch/internet/gesundheitsdirektion/de/themen/coronavirus.html
2020-06-21,14:30,ZH,decedent's home,2,https://gd.zh.ch/internet/gesundheitsdirektion/de/themen/coronavirus.html
2020-06-21,14:30,ZH,hospital,53,https://gd.zh.ch/internet/gesundheitsdirektion/de/themen/coronavirus.html
2020-06-22,14:30,ZH,care or nursing home,78,https://gd.zh.ch/internet/gesundheitsdirektion/de/themen/coronavirus.html
2020-06-22,14:30,ZH,decedent's home,2,https://gd.zh.ch/internet/gesundheitsdirektion/de/themen/coronavirus.html
2020-06-22,14:30,ZH,hospital,53,https://gd.zh.ch/internet/gesundheitsdirektion/de/themen/coronavirus.html
2020-06-23,14:30,ZH,care or nursing home,78,https://gd.zh.ch/internet/gesundheitsdirektion/de/themen/coronavirus.html
2020-06-23,14:30,ZH,decedent's home,2,https://gd.zh.ch/internet/gesundheitsdirektion/de/themen/coronavirus.html
2020-06-23,14:30,ZH,hospital,53,https://gd.zh.ch/internet/gesundheitsdirektion/de/themen/coronavirus.html
2020-06-24,14:30,ZH,care or nursing home,78,https://gd.zh.ch/internet/gesundheitsdirektion/de/themen/coronavirus.html
2020-06-24,14:30,ZH,decedent's home,2,https://gd.zh.ch/internet/gesundheitsdirektion/de/themen/coronavirus.html
2020-06-24,14:30,ZH,hospital,53,https://gd.zh.ch/internet/gesundheitsdirektion/de/themen/coronavirus.html
2020-06-25,14:30,ZH,care or nursing home,78,https://gd.zh.ch/internet/gesundheitsdirektion/de/themen/coronavirus.html
2020-06-25,14:30,ZH,decedent's home,2,https://gd.zh.ch/internet/gesundheitsdirektion/de/themen/coronavirus.html
2020-06-25,14:30,ZH,hospital,53,https://gd.zh.ch/internet/gesundheitsdirektion/de/themen/coronavirus.html
2020-06-26,14:30,ZH,care or nursing home,78,https://gd.zh.ch/internet/gesundheitsdirektion/de/themen/coronavirus.html
2020-06-26,14:30,ZH,decedent's home,2,https://gd.zh.ch/internet/gesundheitsdirektion/de/themen/coronavirus.html
2020-06-26,14:30,ZH,hospital,53,https://gd.zh.ch/internet/gesundheitsdirektion/de/themen/coronavirus.html
2020-06-27,14:30,ZH,care or nursing home,78,https://gd.zh.ch/internet/gesundheitsdirektion/de/themen/coronavirus.html
2020-06-27,14:30,ZH,decedent's home,2,https://gd.zh.ch/internet/gesundheitsdirektion/de/themen/coronavirus.html
2020-06-27,14:30,ZH,hospital,53,https://gd.zh.ch/internet/gesundheitsdirektion/de/themen/coronavirus.html
2020-06-28,14:30,ZH,care or nursing home,78,https://gd.zh.ch/internet/gesundheitsdirektion/de/themen/coronavirus.html
2020-06-28,14:30,ZH,decedent's home,2,https://gd.zh.ch/internet/gesundheitsdirektion/de/themen/coronavirus.html
2020-06-28,14:30,ZH,hospital,53,https://gd.zh.ch/internet/gesundheitsdirektion/de/themen/coronavirus.html
2020-06-29,14:30,ZH,care or nursing home,78,https://gd.zh.ch/internet/gesundheitsdirektion/de/themen/coronavirus.html
2020-06-29,14:30,ZH,decedent's home,2,https://gd.zh.ch/internet/gesundheitsdirektion/de/themen/coronavirus.html
2020-06-29,14:30,ZH,hospital,54,https://gd.zh.ch/internet/gesundheitsdirektion/de/themen/coronavirus.html
2020-06-30,14:30,ZH,care or nursing home,78,https://gd.zh.ch/internet/gesundheitsdirektion/de/themen/coronavirus.html
2020-06-30,14:30,ZH,decedent's home,2,https://gd.zh.ch/internet/gesundheitsdirektion/de/themen/coronavirus.html
2020-06-30,14:30,ZH,hospital,54,https://gd.zh.ch/internet/gesundheitsdirektion/de/themen/coronavirus.html
2020-07-01,14:30,ZH,care or nursing home,78,https://gd.zh.ch/internet/gesundheitsdirektion/de/themen/coronavirus.html
2020-07-01,14:30,ZH,decedent's home,2,https://gd.zh.ch/internet/gesundheitsdirektion/de/themen/coronavirus.html
2020-07-01,14:30,ZH,hospital,54,https://gd.zh.ch/internet/gesundheitsdirektion/de/themen/coronavirus.html
2020-07-02,14:30,ZH,care or nursing home,78,https://gd.zh.ch/internet/gesundheitsdirektion/de/themen/coronavirus.html
2020-07-02,14:30,ZH,decedent's home,2,https://gd.zh.ch/internet/gesundheitsdirektion/de/themen/coronavirus.html
2020-07-02,14:30,ZH,hospital,54,https://gd.zh.ch/internet/gesundheitsdirektion/de/themen/coronavirus.html
2020-07-03,14:30,ZH,care or nursing home,78,https://gd.zh.ch/internet/gesundheitsdirektion/de/themen/coronavirus.html
2020-07-03,14:30,ZH,decedent's home,2,https://gd.zh.ch/internet/gesundheitsdirektion/de/themen/coronavirus.html
2020-07-03,14:30,ZH,hospital,54,https://gd.zh.ch/internet/gesundheitsdirektion/de/themen/coronavirus.html
2020-07-04,14:30,ZH,care or nursing home,78,https://gd.zh.ch/internet/gesundheitsdirektion/de/themen/coronavirus.html
2020-07-04,14:30,ZH,decedent's home,2,https://gd.zh.ch/internet/gesundheitsdirektion/de/themen/coronavirus.html
2020-07-04,14:30,ZH,hospital,54,https://gd.zh.ch/internet/gesundheitsdirektion/de/themen/coronavirus.html
2020-07-05,14:30,ZH,care or nursing home,78,https://gd.zh.ch/internet/gesundheitsdirektion/de/themen/coronavirus.html
2020-07-05,14:30,ZH,decedent's home,2,https://gd.zh.ch/internet/gesundheitsdirektion/de/themen/coronavirus.html
2020-07-05,14:30,ZH,hospital,54,https://gd.zh.ch/internet/gesundheitsdirektion/de/themen/coronavirus.html
2020-07-06,14:30,ZH,care or nursing home,78,https://gd.zh.ch/internet/gesundheitsdirektion/de/themen/coronavirus.html
2020-07-06,14:30,ZH,decedent's home,2,https://gd.zh.ch/internet/gesundheitsdirektion/de/themen/coronavirus.html
2020-07-06,14:30,ZH,hospital,54,https://gd.zh.ch/internet/gesundheitsdirektion/de/themen/coronavirus.html
2020-07-07,14:30,ZH,care or nursing home,78,https://gd.zh.ch/internet/gesundheitsdirektion/de/themen/coronavirus.html
2020-07-07,14:30,ZH,decedent's home,2,https://gd.zh.ch/internet/gesundheitsdirektion/de/themen/coronavirus.html
2020-07-07,14:30,ZH,hospital,54,https://gd.zh.ch/internet/gesundheitsdirektion/de/themen/coronavirus.html
2020-07-08,14:30,ZH,care or nursing home,80,https://gd.zh.ch/internet/gesundheitsdirektion/de/themen/coronavirus.html
2020-07-08,14:30,ZH,decedent's home,2,https://gd.zh.ch/internet/gesundheitsdirektion/de/themen/coronavirus.html
2020-07-08,14:30,ZH,hospital,54,https://gd.zh.ch/internet/gesundheitsdirektion/de/themen/coronavirus.html
2020-07-09,14:30,ZH,care or nursing home,80,https://gd.zh.ch/internet/gesundheitsdirektion/de/themen/coronavirus.html
2020-07-09,14:30,ZH,decedent's home,2,https://gd.zh.ch/internet/gesundheitsdirektion/de/themen/coronavirus.html
2020-07-09,14:30,ZH,hospital,54,https://gd.zh.ch/internet/gesundheitsdirektion/de/themen/coronavirus.html
2020-07-10,14:30,ZH,care or nursing home,80,https://gd.zh.ch/internet/gesundheitsdirektion/de/themen/coronavirus.html
2020-07-10,14:30,ZH,decedent's home,2,https://gd.zh.ch/internet/gesundheitsdirektion/de/themen/coronavirus.html
2020-07-10,14:30,ZH,hospital,54,https://gd.zh.ch/internet/gesundheitsdirektion/de/themen/coronavirus.html
2020-07-11,14:30,ZH,care or nursing home,80,https://gd.zh.ch/internet/gesundheitsdirektion/de/themen/coronavirus.html
2020-07-11,14:30,ZH,decedent's home,2,https://gd.zh.ch/internet/gesundheitsdirektion/de/themen/coronavirus.html
2020-07-11,14:30,ZH,hospital,54,https://gd.zh.ch/internet/gesundheitsdirektion/de/themen/coronavirus.html
2020-07-12,14:30,ZH,care or nursing home,80,https://gd.zh.ch/internet/gesundheitsdirektion/de/themen/coronavirus.html
2020-07-12,14:30,ZH,decedent's home,2,https://gd.zh.ch/internet/gesundheitsdirektion/de/themen/coronavirus.html
2020-07-12,14:30,ZH,hospital,54,https://gd.zh.ch/internet/gesundheitsdirektion/de/themen/coronavirus.html
2020-07-13,14:30,ZH,care or nursing home,80,https://gd.zh.ch/internet/gesundheitsdirektion/de/themen/coronavirus.html
2020-07-13,14:30,ZH,decedent's home,2,https://gd.zh.ch/internet/gesundheitsdirektion/de/themen/coronavirus.html
2020-07-13,14:30,ZH,hospital,54,https://gd.zh.ch/internet/gesundheitsdirektion/de/themen/coronavirus.html
2020-07-14,14:30,ZH,care or nursing home,80,https://gd.zh.ch/internet/gesundheitsdirektion/de/themen/coronavirus.html
2020-07-14,14:30,ZH,decedent's home,2,https://gd.zh.ch/internet/gesundheitsdirektion/de/themen/coronavirus.html
2020-07-14,14:30,ZH,hospital,54,https://gd.zh.ch/internet/gesundheitsdirektion/de/themen/coronavirus.html
2020-07-15,14:30,ZH,care or nursing home,81,https://gd.zh.ch/internet/gesundheitsdirektion/de/themen/coronavirus.html
2020-07-15,14:30,ZH,decedent's home,2,https://gd.zh.ch/internet/gesundheitsdirektion/de/themen/coronavirus.html
2020-07-15,14:30,ZH,hospital,54,https://gd.zh.ch/internet/gesundheitsdirektion/de/themen/coronavirus.html
2020-07-16,14:30,ZH,care or nursing home,81,https://gd.zh.ch/internet/gesundheitsdirektion/de/themen/coronavirus.html
2020-07-16,14:30,ZH,decedent's home,2,https://gd.zh.ch/internet/gesundheitsdirektion/de/themen/coronavirus.html
2020-07-16,14:30,ZH,hospital,54,https://gd.zh.ch/internet/gesundheitsdirektion/de/themen/coronavirus.html
2020-07-17,14:30,ZH,care or nursing home,81,https://gd.zh.ch/internet/gesundheitsdirektion/de/themen/coronavirus.html
2020-07-17,14:30,ZH,decedent's home,2,https://gd.zh.ch/internet/gesundheitsdirektion/de/themen/coronavirus.html
2020-07-17,14:30,ZH,hospital,54,https://gd.zh.ch/internet/gesundheitsdirektion/de/themen/coronavirus.html
2020-07-18,14:30,ZH,care or nursing home,81,https://gd.zh.ch/internet/gesundheitsdirektion/de/themen/coronavirus.html
2020-07-18,14:30,ZH,decedent's home,2,https://gd.zh.ch/internet/gesundheitsdirektion/de/themen/coronavirus.html
2020-07-18,14:30,ZH,hospital,54,https://gd.zh.ch/internet/gesundheitsdirektion/de/themen/coronavirus.html
2020-07-19,14:30,ZH,care or nursing home,81,https://gd.zh.ch/internet/gesundheitsdirektion/de/themen/coronavirus.html
2020-07-19,14:30,ZH,decedent's home,2,https://gd.zh.ch/internet/gesundheitsdirektion/de/themen/coronavirus.html
2020-07-19,14:30,ZH,hospital,54,https://gd.zh.ch/internet/gesundheitsdirektion/de/themen/coronavirus.html
2020-07-20,14:30,ZH,care or nursing home,81,https://gd.zh.ch/internet/gesundheitsdirektion/de/themen/coronavirus.html
2020-07-20,14:30,ZH,decedent's home,2,https://gd.zh.ch/internet/gesundheitsdirektion/de/themen/coronavirus.html
2020-07-20,14:30,ZH,hospital,55,https://gd.zh.ch/internet/gesundheitsdirektion/de/themen/coronavirus.html
2020-07-21,14:30,ZH,care or nursing home,81,https://gd.zh.ch/internet/gesundheitsdirektion/de/themen/coronavirus.html
2020-07-21,14:30,ZH,decedent's home,2,https://gd.zh.ch/internet/gesundheitsdirektion/de/themen/coronavirus.html
2020-07-21,14:30,ZH,hospital,55,https://gd.zh.ch/internet/gesundheitsdirektion/de/themen/coronavirus.html
2020-07-22,14:30,ZH,care or nursing home,81,https://gd.zh.ch/internet/gesundheitsdirektion/de/themen/coronavirus.html
2020-07-22,14:30,ZH,decedent's home,2,https://gd.zh.ch/internet/gesundheitsdirektion/de/themen/coronavirus.html
2020-07-22,14:30,ZH,hospital,55,https://gd.zh.ch/internet/gesundheitsdirektion/de/themen/coronavirus.html
2020-07-23,14:30,ZH,care or nursing home,81,https://gd.zh.ch/internet/gesundheitsdirektion/de/themen/coronavirus.html
2020-07-23,14:30,ZH,decedent's home,2,https://gd.zh.ch/internet/gesundheitsdirektion/de/themen/coronavirus.html
2020-07-23,14:30,ZH,hospital,55,https://gd.zh.ch/internet/gesundheitsdirektion/de/themen/coronavirus.html
2020-07-24,14:30,ZH,care or nursing home,81,https://gd.zh.ch/internet/gesundheitsdirektion/de/themen/coronavirus.html
2020-07-24,14:30,ZH,decedent's home,2,https://gd.zh.ch/internet/gesundheitsdirektion/de/themen/coronavirus.html
2020-07-24,14:30,ZH,hospital,56,https://gd.zh.ch/internet/gesundheitsdirektion/de/themen/coronavirus.html
2020-07-25,14:30,ZH,care or nursing home,81,https://gd.zh.ch/internet/gesundheitsdirektion/de/themen/coronavirus.html
2020-07-25,14:30,ZH,decedent's home,2,https://gd.zh.ch/internet/gesundheitsdirektion/de/themen/coronavirus.html
2020-07-25,14:30,ZH,hospital,56,https://gd.zh.ch/internet/gesundheitsdirektion/de/themen/coronavirus.html
2020-07-26,14:30,ZH,care or nursing home,81,https://gd.zh.ch/internet/gesundheitsdirektion/de/themen/coronavirus.html
2020-07-26,14:30,ZH,decedent's home,2,https://gd.zh.ch/internet/gesundheitsdirektion/de/themen/coronavirus.html
2020-07-26,14:30,ZH,hospital,56,https://gd.zh.ch/internet/gesundheitsdirektion/de/themen/coronavirus.html
2020-07-27,14:30,ZH,care or nursing home,81,https://gd.zh.ch/internet/gesundheitsdirektion/de/themen/coronavirus.html
2020-07-27,14:30,ZH,decedent's home,2,https://gd.zh.ch/internet/gesundheitsdirektion/de/themen/coronavirus.html
2020-07-27,14:30,ZH,hospital,56,https://gd.zh.ch/internet/gesundheitsdirektion/de/themen/coronavirus.html
2020-07-28,14:30,ZH,care or nursing home,81,https://gd.zh.ch/internet/gesundheitsdirektion/de/themen/coronavirus.html
2020-07-28,14:30,ZH,decedent's home,2,https://gd.zh.ch/internet/gesundheitsdirektion/de/themen/coronavirus.html
2020-07-28,14:30,ZH,hospital,56,https://gd.zh.ch/internet/gesundheitsdirektion/de/themen/coronavirus.html
2020-07-29,14:30,ZH,care or nursing home,81,https://gd.zh.ch/internet/gesundheitsdirektion/de/themen/coronavirus.html
2020-07-29,14:30,ZH,decedent's home,2,https://gd.zh.ch/internet/gesundheitsdirektion/de/themen/coronavirus.html
2020-07-29,14:30,ZH,hospital,56,https://gd.zh.ch/internet/gesundheitsdirektion/de/themen/coronavirus.html
2020-07-30,14:30,ZH,care or nursing home,81,https://gd.zh.ch/internet/gesundheitsdirektion/de/themen/coronavirus.html
2020-07-30,14:30,ZH,decedent's home,2,https://gd.zh.ch/internet/gesundheitsdirektion/de/themen/coronavirus.html
2020-07-30,14:30,ZH,hospital,56,https://gd.zh.ch/internet/gesundheitsdirektion/de/themen/coronavirus.html
2020-07-31,14:30,ZH,care or nursing home,81,https://gd.zh.ch/internet/gesundheitsdirektion/de/themen/coronavirus.html
2020-07-31,14:30,ZH,decedent's home,2,https://gd.zh.ch/internet/gesundheitsdirektion/de/themen/coronavirus.html
2020-07-31,14:30,ZH,hospital,56,https://gd.zh.ch/internet/gesundheitsdirektion/de/themen/coronavirus.html
2020-08-01,14:30,ZH,care or nursing home,81,https://gd.zh.ch/internet/gesundheitsdirektion/de/themen/coronavirus.html
2020-08-01,14:30,ZH,decedent's home,2,https://gd.zh.ch/internet/gesundheitsdirektion/de/themen/coronavirus.html
2020-08-01,14:30,ZH,hospital,56,https://gd.zh.ch/internet/gesundheitsdirektion/de/themen/coronavirus.html
2020-08-02,14:30,ZH,care or nursing home,81,https://gd.zh.ch/internet/gesundheitsdirektion/de/themen/coronavirus.html
2020-08-02,14:30,ZH,decedent's home,2,https://gd.zh.ch/internet/gesundheitsdirektion/de/themen/coronavirus.html
2020-08-02,14:30,ZH,hospital,56,https://gd.zh.ch/internet/gesundheitsdirektion/de/themen/coronavirus.html
2020-08-03,14:30,ZH,care or nursing home,81,https://gd.zh.ch/internet/gesundheitsdirektion/de/themen/coronavirus.html
2020-08-03,14:30,ZH,decedent's home,2,https://gd.zh.ch/internet/gesundheitsdirektion/de/themen/coronavirus.html
2020-08-03,14:30,ZH,hospital,56,https://gd.zh.ch/internet/gesundheitsdirektion/de/themen/coronavirus.html
2020-08-04,14:30,ZH,care or nursing home,82,https://gd.zh.ch/internet/gesundheitsdirektion/de/themen/coronavirus.html
2020-08-04,14:30,ZH,decedent's home,2,https://gd.zh.ch/internet/gesundheitsdirektion/de/themen/coronavirus.html
2020-08-04,14:30,ZH,hospital,56,https://gd.zh.ch/internet/gesundheitsdirektion/de/themen/coronavirus.html
2020-08-05,14:30,ZH,care or nursing home,82,https://gd.zh.ch/internet/gesundheitsdirektion/de/themen/coronavirus.html
2020-08-05,14:30,ZH,decedent's home,2,https://gd.zh.ch/internet/gesundheitsdirektion/de/themen/coronavirus.html
2020-08-05,14:30,ZH,hospital,56,https://gd.zh.ch/internet/gesundheitsdirektion/de/themen/coronavirus.html
2020-08-06,14:30,ZH,care or nursing home,82,https://gd.zh.ch/internet/gesundheitsdirektion/de/themen/coronavirus.html
2020-08-06,14:30,ZH,decedent's home,2,https://gd.zh.ch/internet/gesundheitsdirektion/de/themen/coronavirus.html
2020-08-06,14:30,ZH,hospital,57,https://gd.zh.ch/internet/gesundheitsdirektion/de/themen/coronavirus.html
2020-08-07,14:30,ZH,care or nursing home,82,https://gd.zh.ch/internet/gesundheitsdirektion/de/themen/coronavirus.html
2020-08-07,14:30,ZH,decedent's home,2,https://gd.zh.ch/internet/gesundheitsdirektion/de/themen/coronavirus.html
2020-08-07,14:30,ZH,hospital,57,https://gd.zh.ch/internet/gesundheitsdirektion/de/themen/coronavirus.html
2020-08-08,14:30,ZH,care or nursing home,82,https://gd.zh.ch/internet/gesundheitsdirektion/de/themen/coronavirus.html
2020-08-08,14:30,ZH,decedent's home,2,https://gd.zh.ch/internet/gesundheitsdirektion/de/themen/coronavirus.html
2020-08-08,14:30,ZH,hospital,57,https://gd.zh.ch/internet/gesundheitsdirektion/de/themen/coronavirus.html
2020-08-09,14:30,ZH,care or nursing home,82,https://gd.zh.ch/internet/gesundheitsdirektion/de/themen/coronavirus.html
2020-08-09,14:30,ZH,decedent's home,2,https://gd.zh.ch/internet/gesundheitsdirektion/de/themen/coronavirus.html
2020-08-09,14:30,ZH,hospital,57,https://gd.zh.ch/internet/gesundheitsdirektion/de/themen/coronavirus.html
2020-08-10,14:30,ZH,care or nursing home,82,https://gd.zh.ch/internet/gesundheitsdirektion/de/themen/coronavirus.html
2020-08-10,14:30,ZH,decedent's home,2,https://gd.zh.ch/internet/gesundheitsdirektion/de/themen/coronavirus.html
2020-08-10,14:30,ZH,hospital,58,https://gd.zh.ch/internet/gesundheitsdirektion/de/themen/coronavirus.html
2020-08-11,14:30,ZH,care or nursing home,82,https://gd.zh.ch/internet/gesundheitsdirektion/de/themen/coronavirus.html
2020-08-11,14:30,ZH,decedent's home,2,https://gd.zh.ch/internet/gesundheitsdirektion/de/themen/coronavirus.html
2020-08-11,14:30,ZH,hospital,58,https://gd.zh.ch/internet/gesundheitsdirektion/de/themen/coronavirus.html
2020-08-12,14:30,ZH,care or nursing home,82,https://gd.zh.ch/internet/gesundheitsdirektion/de/themen/coronavirus.html
2020-08-12,14:30,ZH,decedent's home,2,https://gd.zh.ch/internet/gesundheitsdirektion/de/themen/coronavirus.html
2020-08-12,14:30,ZH,hospital,58,https://gd.zh.ch/internet/gesundheitsdirektion/de/themen/coronavirus.html
2020-08-13,14:30,ZH,care or nursing home,82,https://gd.zh.ch/internet/gesundheitsdirektion/de/themen/coronavirus.html
2020-08-13,14:30,ZH,decedent's home,2,https://gd.zh.ch/internet/gesundheitsdirektion/de/themen/coronavirus.html
2020-08-13,14:30,ZH,hospital,58,https://gd.zh.ch/internet/gesundheitsdirektion/de/themen/coronavirus.html
2020-08-14,14:30,ZH,care or nursing home,82,https://gd.zh.ch/internet/gesundheitsdirektion/de/themen/coronavirus.html
2020-08-14,14:30,ZH,decedent's home,2,https://gd.zh.ch/internet/gesundheitsdirektion/de/themen/coronavirus.html
2020-08-14,14:30,ZH,hospital,58,https://gd.zh.ch/internet/gesundheitsdirektion/de/themen/coronavirus.html
2020-08-15,14:30,ZH,care or nursing home,82,https://gd.zh.ch/internet/gesundheitsdirektion/de/themen/coronavirus.html
2020-08-15,14:30,ZH,decedent's home,2,https://gd.zh.ch/internet/gesundheitsdirektion/de/themen/coronavirus.html
2020-08-15,14:30,ZH,hospital,58,https://gd.zh.ch/internet/gesundheitsdirektion/de/themen/coronavirus.html
2020-08-16,14:30,ZH,care or nursing home,82,https://gd.zh.ch/internet/gesundheitsdirektion/de/themen/coronavirus.html
2020-08-16,14:30,ZH,decedent's home,2,https://gd.zh.ch/internet/gesundheitsdirektion/de/themen/coronavirus.html
2020-08-16,14:30,ZH,hospital,58,https://gd.zh.ch/internet/gesundheitsdirektion/de/themen/coronavirus.html
2020-08-17,14:30,ZH,care or nursing home,82,https://gd.zh.ch/internet/gesundheitsdirektion/de/themen/coronavirus.html
2020-08-17,14:30,ZH,decedent's home,2,https://gd.zh.ch/internet/gesundheitsdirektion/de/themen/coronavirus.html
2020-08-17,14:30,ZH,hospital,58,https://gd.zh.ch/internet/gesundheitsdirektion/de/themen/coronavirus.html
2020-08-18,14:30,ZH,care or nursing home,82,https://gd.zh.ch/internet/gesundheitsdirektion/de/themen/coronavirus.html
2020-08-18,14:30,ZH,decedent's home,2,https://gd.zh.ch/internet/gesundheitsdirektion/de/themen/coronavirus.html
2020-08-18,14:30,ZH,hospital,58,https://gd.zh.ch/internet/gesundheitsdirektion/de/themen/coronavirus.html
2020-08-19,14:30,ZH,care or nursing home,82,https://gd.zh.ch/internet/gesundheitsdirektion/de/themen/coronavirus.html
2020-08-19,14:30,ZH,decedent's home,2,https://gd.zh.ch/internet/gesundheitsdirektion/de/themen/coronavirus.html
2020-08-19,14:30,ZH,hospital,58,https://gd.zh.ch/internet/gesundheitsdirektion/de/themen/coronavirus.html
2020-08-20,14:30,ZH,care or nursing home,82,https://gd.zh.ch/internet/gesundheitsdirektion/de/themen/coronavirus.html
2020-08-20,14:30,ZH,decedent's home,2,https://gd.zh.ch/internet/gesundheitsdirektion/de/themen/coronavirus.html
2020-08-20,14:30,ZH,hospital,58,https://gd.zh.ch/internet/gesundheitsdirektion/de/themen/coronavirus.html
2020-08-21,14:30,ZH,care or nursing home,83,https://gd.zh.ch/internet/gesundheitsdirektion/de/themen/coronavirus.html
2020-08-21,14:30,ZH,decedent's home,2,https://gd.zh.ch/internet/gesundheitsdirektion/de/themen/coronavirus.html
2020-08-21,14:30,ZH,hospital,58,https://gd.zh.ch/internet/gesundheitsdirektion/de/themen/coronavirus.html
2020-08-22,14:30,ZH,care or nursing home,83,https://gd.zh.ch/internet/gesundheitsdirektion/de/themen/coronavirus.html
2020-08-22,14:30,ZH,decedent's home,2,https://gd.zh.ch/internet/gesundheitsdirektion/de/themen/coronavirus.html
2020-08-22,14:30,ZH,hospital,58,https://gd.zh.ch/internet/gesundheitsdirektion/de/themen/coronavirus.html
2020-08-23,14:30,ZH,care or nursing home,83,https://gd.zh.ch/internet/gesundheitsdirektion/de/themen/coronavirus.html
2020-08-23,14:30,ZH,decedent's home,2,https://gd.zh.ch/internet/gesundheitsdirektion/de/themen/coronavirus.html
2020-08-23,14:30,ZH,hospital,58,https://gd.zh.ch/internet/gesundheitsdirektion/de/themen/coronavirus.html
2020-08-24,14:30,ZH,care or nursing home,83,https://gd.zh.ch/internet/gesundheitsdirektion/de/themen/coronavirus.html
2020-08-24,14:30,ZH,decedent's home,2,https://gd.zh.ch/internet/gesundheitsdirektion/de/themen/coronavirus.html
2020-08-24,14:30,ZH,hospital,59,https://gd.zh.ch/internet/gesundheitsdirektion/de/themen/coronavirus.html
2020-08-25,14:30,ZH,care or nursing home,83,https://gd.zh.ch/internet/gesundheitsdirektion/de/themen/coronavirus.html
2020-08-25,14:30,ZH,decedent's home,2,https://gd.zh.ch/internet/gesundheitsdirektion/de/themen/coronavirus.html
2020-08-25,14:30,ZH,hospital,59,https://gd.zh.ch/internet/gesundheitsdirektion/de/themen/coronavirus.html
2020-08-26,14:30,ZH,care or nursing home,83,https://gd.zh.ch/internet/gesundheitsdirektion/de/themen/coronavirus.html
2020-08-26,14:30,ZH,decedent's home,2,https://gd.zh.ch/internet/gesundheitsdirektion/de/themen/coronavirus.html
2020-08-26,14:30,ZH,hospital,59,https://gd.zh.ch/internet/gesundheitsdirektion/de/themen/coronavirus.html
2020-08-27,14:30,ZH,care or nursing home,83,https://gd.zh.ch/internet/gesundheitsdirektion/de/themen/coronavirus.html
2020-08-27,14:30,ZH,decedent's home,2,https://gd.zh.ch/internet/gesundheitsdirektion/de/themen/coronavirus.html
2020-08-27,14:30,ZH,hospital,59,https://gd.zh.ch/internet/gesundheitsdirektion/de/themen/coronavirus.html
2020-08-28,14:30,ZH,care or nursing home,83,https://gd.zh.ch/internet/gesundheitsdirektion/de/themen/coronavirus.html
2020-08-28,14:30,ZH,decedent's home,2,https://gd.zh.ch/internet/gesundheitsdirektion/de/themen/coronavirus.html
2020-08-28,14:30,ZH,hospital,59,https://gd.zh.ch/internet/gesundheitsdirektion/de/themen/coronavirus.html
2020-08-29,14:30,ZH,care or nursing home,83,https://gd.zh.ch/internet/gesundheitsdirektion/de/themen/coronavirus.html
2020-08-29,14:30,ZH,decedent's home,2,https://gd.zh.ch/internet/gesundheitsdirektion/de/themen/coronavirus.html
2020-08-29,14:30,ZH,hospital,59,https://gd.zh.ch/internet/gesundheitsdirektion/de/themen/coronavirus.html
2020-08-30,14:30,ZH,care or nursing home,83,https://gd.zh.ch/internet/gesundheitsdirektion/de/themen/coronavirus.html
2020-08-30,14:30,ZH,decedent's home,2,https://gd.zh.ch/internet/gesundheitsdirektion/de/themen/coronavirus.html
2020-08-30,14:30,ZH,hospital,60,https://gd.zh.ch/internet/gesundheitsdirektion/de/themen/coronavirus.html
2020-08-31,14:30,ZH,care or nursing home,83,https://gd.zh.ch/internet/gesundheitsdirektion/de/themen/coronavirus.html
2020-08-31,14:30,ZH,decedent's home,2,https://gd.zh.ch/internet/gesundheitsdirektion/de/themen/coronavirus.html
2020-08-31,14:30,ZH,hospital,60,https://gd.zh.ch/internet/gesundheitsdirektion/de/themen/coronavirus.html
2020-09-01,14:30,ZH,care or nursing home,83,https://gd.zh.ch/internet/gesundheitsdirektion/de/themen/coronavirus.html
2020-09-01,14:30,ZH,decedent's home,2,https://gd.zh.ch/internet/gesundheitsdirektion/de/themen/coronavirus.html
2020-09-01,14:30,ZH,hospital,60,https://gd.zh.ch/internet/gesundheitsdirektion/de/themen/coronavirus.html
2020-09-02,14:30,ZH,care or nursing home,83,https://gd.zh.ch/internet/gesundheitsdirektion/de/themen/coronavirus.html
2020-09-02,14:30,ZH,decedent's home,2,https://gd.zh.ch/internet/gesundheitsdirektion/de/themen/coronavirus.html
2020-09-02,14:30,ZH,hospital,60,https://gd.zh.ch/internet/gesundheitsdirektion/de/themen/coronavirus.html
2020-09-03,14:30,ZH,care or nursing home,83,https://gd.zh.ch/internet/gesundheitsdirektion/de/themen/coronavirus.html
2020-09-03,14:30,ZH,decedent's home,2,https://gd.zh.ch/internet/gesundheitsdirektion/de/themen/coronavirus.html
2020-09-03,14:30,ZH,hospital,60,https://gd.zh.ch/internet/gesundheitsdirektion/de/themen/coronavirus.html
2020-09-04,14:30,ZH,care or nursing home,83,https://gd.zh.ch/internet/gesundheitsdirektion/de/themen/coronavirus.html
2020-09-04,14:30,ZH,decedent's home,2,https://gd.zh.ch/internet/gesundheitsdirektion/de/themen/coronavirus.html
2020-09-04,14:30,ZH,hospital,60,https://gd.zh.ch/internet/gesundheitsdirektion/de/themen/coronavirus.html
2020-09-05,14:30,ZH,care or nursing home,83,https://gd.zh.ch/internet/gesundheitsdirektion/de/themen/coronavirus.html
2020-09-05,14:30,ZH,decedent's home,2,https://gd.zh.ch/internet/gesundheitsdirektion/de/themen/coronavirus.html
2020-09-05,14:30,ZH,hospital,60,https://gd.zh.ch/internet/gesundheitsdirektion/de/themen/coronavirus.html
2020-09-06,14:30,ZH,care or nursing home,83,https://gd.zh.ch/internet/gesundheitsdirektion/de/themen/coronavirus.html
2020-09-06,14:30,ZH,decedent's home,2,https://gd.zh.ch/internet/gesundheitsdirektion/de/themen/coronavirus.html
2020-09-06,14:30,ZH,hospital,60,https://gd.zh.ch/internet/gesundheitsdirektion/de/themen/coronavirus.html
2020-09-07,14:30,ZH,care or nursing home,83,https://gd.zh.ch/internet/gesundheitsdirektion/de/themen/coronavirus.html
2020-09-07,14:30,ZH,decedent's home,2,https://gd.zh.ch/internet/gesundheitsdirektion/de/themen/coronavirus.html
2020-09-07,14:30,ZH,hospital,60,https://gd.zh.ch/internet/gesundheitsdirektion/de/themen/coronavirus.html
2020-09-08,14:30,ZH,care or nursing home,83,https://gd.zh.ch/internet/gesundheitsdirektion/de/themen/coronavirus.html
2020-09-08,14:30,ZH,decedent's home,2,https://gd.zh.ch/internet/gesundheitsdirektion/de/themen/coronavirus.html
2020-09-08,14:30,ZH,hospital,61,https://gd.zh.ch/internet/gesundheitsdirektion/de/themen/coronavirus.html
2020-09-09,14:30,ZH,care or nursing home,83,https://gd.zh.ch/internet/gesundheitsdirektion/de/themen/coronavirus.html
2020-09-09,14:30,ZH,decedent's home,2,https://gd.zh.ch/internet/gesundheitsdirektion/de/themen/coronavirus.html
2020-09-09,14:30,ZH,hospital,61,https://gd.zh.ch/internet/gesundheitsdirektion/de/themen/coronavirus.html
2020-09-10,14:30,ZH,care or nursing home,83,https://gd.zh.ch/internet/gesundheitsdirektion/de/themen/coronavirus.html
2020-09-10,14:30,ZH,decedent's home,2,https://gd.zh.ch/internet/gesundheitsdirektion/de/themen/coronavirus.html
2020-09-10,14:30,ZH,hospital,61,https://gd.zh.ch/internet/gesundheitsdirektion/de/themen/coronavirus.html
2020-09-11,14:30,ZH,care or nursing home,83,https://gd.zh.ch/internet/gesundheitsdirektion/de/themen/coronavirus.html
2020-09-11,14:30,ZH,decedent's home,2,https://gd.zh.ch/internet/gesundheitsdirektion/de/themen/coronavirus.html
2020-09-11,14:30,ZH,hospital,63,https://gd.zh.ch/internet/gesundheitsdirektion/de/themen/coronavirus.html
2020-09-12,14:30,ZH,care or nursing home,83,https://gd.zh.ch/internet/gesundheitsdirektion/de/themen/coronavirus.html
2020-09-12,14:30,ZH,decedent's home,2,https://gd.zh.ch/internet/gesundheitsdirektion/de/themen/coronavirus.html
2020-09-12,14:30,ZH,hospital,63,https://gd.zh.ch/internet/gesundheitsdirektion/de/themen/coronavirus.html
2020-09-13,14:30,ZH,care or nursing home,83,https://gd.zh.ch/internet/gesundheitsdirektion/de/themen/coronavirus.html
2020-09-13,14:30,ZH,decedent's home,2,https://gd.zh.ch/internet/gesundheitsdirektion/de/themen/coronavirus.html
2020-09-13,14:30,ZH,hospital,63,https://gd.zh.ch/internet/gesundheitsdirektion/de/themen/coronavirus.html
2020-09-14,14:30,ZH,care or nursing home,83,https://gd.zh.ch/internet/gesundheitsdirektion/de/themen/coronavirus.html
2020-09-14,14:30,ZH,decedent's home,2,https://gd.zh.ch/internet/gesundheitsdirektion/de/themen/coronavirus.html
2020-09-14,14:30,ZH,hospital,63,https://gd.zh.ch/internet/gesundheitsdirektion/de/themen/coronavirus.html
2020-09-15,14:30,ZH,care or nursing home,83,https://gd.zh.ch/internet/gesundheitsdirektion/de/themen/coronavirus.html
2020-09-15,14:30,ZH,decedent's home,2,https://gd.zh.ch/internet/gesundheitsdirektion/de/themen/coronavirus.html
2020-09-15,14:30,ZH,hospital,63,https://gd.zh.ch/internet/gesundheitsdirektion/de/themen/coronavirus.html
2020-09-16,14:30,ZH,care or nursing home,83,https://gd.zh.ch/internet/gesundheitsdirektion/de/themen/coronavirus.html
2020-09-16,14:30,ZH,decedent's home,2,https://gd.zh.ch/internet/gesundheitsdirektion/de/themen/coronavirus.html
2020-09-16,14:30,ZH,hospital,63,https://gd.zh.ch/internet/gesundheitsdirektion/de/themen/coronavirus.html
2020-09-17,14:30,ZH,care or nursing home,83,https://gd.zh.ch/internet/gesundheitsdirektion/de/themen/coronavirus.html
2020-09-17,14:30,ZH,decedent's home,2,https://gd.zh.ch/internet/gesundheitsdirektion/de/themen/coronavirus.html
2020-09-17,14:30,ZH,hospital,63,https://gd.zh.ch/internet/gesundheitsdirektion/de/themen/coronavirus.html
2020-09-18,14:30,ZH,care or nursing home,83,https://gd.zh.ch/internet/gesundheitsdirektion/de/themen/coronavirus.html
2020-09-18,14:30,ZH,decedent's home,2,https://gd.zh.ch/internet/gesundheitsdirektion/de/themen/coronavirus.html
2020-09-18,14:30,ZH,hospital,63,https://gd.zh.ch/internet/gesundheitsdirektion/de/themen/coronavirus.html
2020-09-19,14:30,ZH,care or nursing home,83,https://gd.zh.ch/internet/gesundheitsdirektion/de/themen/coronavirus.html
2020-09-19,14:30,ZH,decedent's home,2,https://gd.zh.ch/internet/gesundheitsdirektion/de/themen/coronavirus.html
2020-09-19,14:30,ZH,hospital,63,https://gd.zh.ch/internet/gesundheitsdirektion/de/themen/coronavirus.html
2020-09-20,14:30,ZH,care or nursing home,83,https://gd.zh.ch/internet/gesundheitsdirektion/de/themen/coronavirus.html
2020-09-20,14:30,ZH,decedent's home,2,https://gd.zh.ch/internet/gesundheitsdirektion/de/themen/coronavirus.html
2020-09-20,14:30,ZH,hospital,63,https://gd.zh.ch/internet/gesundheitsdirektion/de/themen/coronavirus.html
2020-09-21,14:30,ZH,care or nursing home,83,https://gd.zh.ch/internet/gesundheitsdirektion/de/themen/coronavirus.html
2020-09-21,14:30,ZH,decedent's home,2,https://gd.zh.ch/internet/gesundheitsdirektion/de/themen/coronavirus.html
2020-09-21,14:30,ZH,hospital,63,https://gd.zh.ch/internet/gesundheitsdirektion/de/themen/coronavirus.html
2020-09-22,14:30,ZH,care or nursing home,83,https://gd.zh.ch/internet/gesundheitsdirektion/de/themen/coronavirus.html
2020-09-22,14:30,ZH,decedent's home,2,https://gd.zh.ch/internet/gesundheitsdirektion/de/themen/coronavirus.html
2020-09-22,14:30,ZH,hospital,63,https://gd.zh.ch/internet/gesundheitsdirektion/de/themen/coronavirus.html
2020-09-23,14:30,ZH,care or nursing home,83,https://gd.zh.ch/internet/gesundheitsdirektion/de/themen/coronavirus.html
2020-09-23,14:30,ZH,decedent's home,2,https://gd.zh.ch/internet/gesundheitsdirektion/de/themen/coronavirus.html
2020-09-23,14:30,ZH,hospital,63,https://gd.zh.ch/internet/gesundheitsdirektion/de/themen/coronavirus.html
2020-09-24,14:30,ZH,care or nursing home,83,https://gd.zh.ch/internet/gesundheitsdirektion/de/themen/coronavirus.html
2020-09-24,14:30,ZH,decedent's home,2,https://gd.zh.ch/internet/gesundheitsdirektion/de/themen/coronavirus.html
2020-09-24,14:30,ZH,hospital,64,https://gd.zh.ch/internet/gesundheitsdirektion/de/themen/coronavirus.html
2020-09-25,14:30,ZH,care or nursing home,83,https://gd.zh.ch/internet/gesundheitsdirektion/de/themen/coronavirus.html
2020-09-25,14:30,ZH,decedent's home,2,https://gd.zh.ch/internet/gesundheitsdirektion/de/themen/coronavirus.html
2020-09-25,14:30,ZH,hospital,64,https://gd.zh.ch/internet/gesundheitsdirektion/de/themen/coronavirus.html
2020-09-26,14:30,ZH,care or nursing home,83,https://gd.zh.ch/internet/gesundheitsdirektion/de/themen/coronavirus.html
2020-09-26,14:30,ZH,decedent's home,2,https://gd.zh.ch/internet/gesundheitsdirektion/de/themen/coronavirus.html
2020-09-26,14:30,ZH,hospital,64,https://gd.zh.ch/internet/gesundheitsdirektion/de/themen/coronavirus.html
2020-09-27,14:30,ZH,care or nursing home,83,https://gd.zh.ch/internet/gesundheitsdirektion/de/themen/coronavirus.html
2020-09-27,14:30,ZH,decedent's home,2,https://gd.zh.ch/internet/gesundheitsdirektion/de/themen/coronavirus.html
2020-09-27,14:30,ZH,hospital,65,https://gd.zh.ch/internet/gesundheitsdirektion/de/themen/coronavirus.html
2020-09-28,14:30,ZH,care or nursing home,83,https://gd.zh.ch/internet/gesundheitsdirektion/de/themen/coronavirus.html
2020-09-28,14:30,ZH,decedent's home,2,https://gd.zh.ch/internet/gesundheitsdirektion/de/themen/coronavirus.html
2020-09-28,14:30,ZH,hospital,65,https://gd.zh.ch/internet/gesundheitsdirektion/de/themen/coronavirus.html
2020-09-29,14:30,ZH,care or nursing home,83,https://gd.zh.ch/internet/gesundheitsdirektion/de/themen/coronavirus.html
2020-09-29,14:30,ZH,decedent's home,2,https://gd.zh.ch/internet/gesundheitsdirektion/de/themen/coronavirus.html
2020-09-29,14:30,ZH,hospital,65,https://gd.zh.ch/internet/gesundheitsdirektion/de/themen/coronavirus.html
2020-09-30,14:30,ZH,care or nursing home,83,https://gd.zh.ch/internet/gesundheitsdirektion/de/themen/coronavirus.html
2020-09-30,14:30,ZH,decedent's home,2,https://gd.zh.ch/internet/gesundheitsdirektion/de/themen/coronavirus.html
2020-09-30,14:30,ZH,hospital,65,https://gd.zh.ch/internet/gesundheitsdirektion/de/themen/coronavirus.html
2020-10-01,14:30,ZH,care or nursing home,83,https://gd.zh.ch/internet/gesundheitsdirektion/de/themen/coronavirus.html
2020-10-01,14:30,ZH,decedent's home,2,https://gd.zh.ch/internet/gesundheitsdirektion/de/themen/coronavirus.html
2020-10-01,14:30,ZH,hospital,66,https://gd.zh.ch/internet/gesundheitsdirektion/de/themen/coronavirus.html
2020-10-02,14:30,ZH,care or nursing home,83,https://gd.zh.ch/internet/gesundheitsdirektion/de/themen/coronavirus.html
2020-10-02,14:30,ZH,decedent's home,2,https://gd.zh.ch/internet/gesundheitsdirektion/de/themen/coronavirus.html
2020-10-02,14:30,ZH,hospital,66,https://gd.zh.ch/internet/gesundheitsdirektion/de/themen/coronavirus.html
2020-10-03,14:30,ZH,care or nursing home,83,https://gd.zh.ch/internet/gesundheitsdirektion/de/themen/coronavirus.html
2020-10-03,14:30,ZH,decedent's home,2,https://gd.zh.ch/internet/gesundheitsdirektion/de/themen/coronavirus.html
2020-10-03,14:30,ZH,hospital,66,https://gd.zh.ch/internet/gesundheitsdirektion/de/themen/coronavirus.html
2020-10-04,14:30,ZH,care or nursing home,83,https://gd.zh.ch/internet/gesundheitsdirektion/de/themen/coronavirus.html
2020-10-04,14:30,ZH,decedent's home,2,https://gd.zh.ch/internet/gesundheitsdirektion/de/themen/coronavirus.html
2020-10-04,14:30,ZH,hospital,66,https://gd.zh.ch/internet/gesundheitsdirektion/de/themen/coronavirus.html
2020-10-05,14:30,ZH,care or nursing home,83,https://gd.zh.ch/internet/gesundheitsdirektion/de/themen/coronavirus.html
2020-10-05,14:30,ZH,decedent's home,2,https://gd.zh.ch/internet/gesundheitsdirektion/de/themen/coronavirus.html
2020-10-05,14:30,ZH,hospital,66,https://gd.zh.ch/internet/gesundheitsdirektion/de/themen/coronavirus.html
2020-10-06,14:30,ZH,care or nursing home,83,https://gd.zh.ch/internet/gesundheitsdirektion/de/themen/coronavirus.html
2020-10-06,14:30,ZH,decedent's home,2,https://gd.zh.ch/internet/gesundheitsdirektion/de/themen/coronavirus.html
2020-10-06,14:30,ZH,hospital,66,https://gd.zh.ch/internet/gesundheitsdirektion/de/themen/coronavirus.html
2020-10-07,14:30,ZH,care or nursing home,83,https://gd.zh.ch/internet/gesundheitsdirektion/de/themen/coronavirus.html
2020-10-07,14:30,ZH,decedent's home,2,https://gd.zh.ch/internet/gesundheitsdirektion/de/themen/coronavirus.html
2020-10-07,14:30,ZH,hospital,66,https://gd.zh.ch/internet/gesundheitsdirektion/de/themen/coronavirus.html
2020-10-08,14:30,ZH,care or nursing home,83,https://gd.zh.ch/internet/gesundheitsdirektion/de/themen/coronavirus.html
2020-10-08,14:30,ZH,decedent's home,3,https://gd.zh.ch/internet/gesundheitsdirektion/de/themen/coronavirus.html
2020-10-08,14:30,ZH,hospital,66,https://gd.zh.ch/internet/gesundheitsdirektion/de/themen/coronavirus.html
2020-10-09,14:30,ZH,care or nursing home,83,https://gd.zh.ch/internet/gesundheitsdirektion/de/themen/coronavirus.html
2020-10-09,14:30,ZH,decedent's home,3,https://gd.zh.ch/internet/gesundheitsdirektion/de/themen/coronavirus.html
2020-10-09,14:30,ZH,hospital,66,https://gd.zh.ch/internet/gesundheitsdirektion/de/themen/coronavirus.html
2020-10-10,14:30,ZH,care or nursing home,84,https://gd.zh.ch/internet/gesundheitsdirektion/de/themen/coronavirus.html
2020-10-10,14:30,ZH,decedent's home,3,https://gd.zh.ch/internet/gesundheitsdirektion/de/themen/coronavirus.html
2020-10-10,14:30,ZH,hospital,66,https://gd.zh.ch/internet/gesundheitsdirektion/de/themen/coronavirus.html
2020-10-11,14:30,ZH,care or nursing home,84,https://gd.zh.ch/internet/gesundheitsdirektion/de/themen/coronavirus.html
2020-10-11,14:30,ZH,decedent's home,3,https://gd.zh.ch/internet/gesundheitsdirektion/de/themen/coronavirus.html
2020-10-11,14:30,ZH,hospital,66,https://gd.zh.ch/internet/gesundheitsdirektion/de/themen/coronavirus.html
2020-10-12,14:30,ZH,care or nursing home,84,https://gd.zh.ch/internet/gesundheitsdirektion/de/themen/coronavirus.html
2020-10-12,14:30,ZH,decedent's home,3,https://gd.zh.ch/internet/gesundheitsdirektion/de/themen/coronavirus.html
2020-10-12,14:30,ZH,hospital,66,https://gd.zh.ch/internet/gesundheitsdirektion/de/themen/coronavirus.html
2020-10-13,14:30,ZH,care or nursing home,84,https://gd.zh.ch/internet/gesundheitsdirektion/de/themen/coronavirus.html
2020-10-13,14:30,ZH,decedent's home,3,https://gd.zh.ch/internet/gesundheitsdirektion/de/themen/coronavirus.html
2020-10-13,14:30,ZH,hospital,66,https://gd.zh.ch/internet/gesundheitsdirektion/de/themen/coronavirus.html
2020-10-14,14:30,ZH,care or nursing home,84,https://gd.zh.ch/internet/gesundheitsdirektion/de/themen/coronavirus.html
2020-10-14,14:30,ZH,decedent's home,3,https://gd.zh.ch/internet/gesundheitsdirektion/de/themen/coronavirus.html
2020-10-14,14:30,ZH,hospital,67,https://gd.zh.ch/internet/gesundheitsdirektion/de/themen/coronavirus.html
2020-10-15,14:30,ZH,care or nursing home,84,https://gd.zh.ch/internet/gesundheitsdirektion/de/themen/coronavirus.html
2020-10-15,14:30,ZH,decedent's home,3,https://gd.zh.ch/internet/gesundheitsdirektion/de/themen/coronavirus.html
2020-10-15,14:30,ZH,hospital,67,https://gd.zh.ch/internet/gesundheitsdirektion/de/themen/coronavirus.html
2020-10-16,14:30,ZH,care or nursing home,85,https://gd.zh.ch/internet/gesundheitsdirektion/de/themen/coronavirus.html
2020-10-16,14:30,ZH,decedent's home,3,https://gd.zh.ch/internet/gesundheitsdirektion/de/themen/coronavirus.html
2020-10-16,14:30,ZH,hospital,69,https://gd.zh.ch/internet/gesundheitsdirektion/de/themen/coronavirus.html
2020-10-17,14:30,ZH,care or nursing home,85,https://gd.zh.ch/internet/gesundheitsdirektion/de/themen/coronavirus.html
2020-10-17,14:30,ZH,decedent's home,3,https://gd.zh.ch/internet/gesundheitsdirektion/de/themen/coronavirus.html
2020-10-17,14:30,ZH,hospital,69,https://gd.zh.ch/internet/gesundheitsdirektion/de/themen/coronavirus.html
2020-10-18,14:30,ZH,care or nursing home,86,https://gd.zh.ch/internet/gesundheitsdirektion/de/themen/coronavirus.html
2020-10-18,14:30,ZH,decedent's home,3,https://gd.zh.ch/internet/gesundheitsdirektion/de/themen/coronavirus.html
2020-10-18,14:30,ZH,hospital,69,https://gd.zh.ch/internet/gesundheitsdirektion/de/themen/coronavirus.html
2020-10-19,14:30,ZH,care or nursing home,87,https://gd.zh.ch/internet/gesundheitsdirektion/de/themen/coronavirus.html
2020-10-19,14:30,ZH,decedent's home,3,https://gd.zh.ch/internet/gesundheitsdirektion/de/themen/coronavirus.html
2020-10-19,14:30,ZH,hospital,69,https://gd.zh.ch/internet/gesundheitsdirektion/de/themen/coronavirus.html
2020-10-20,14:30,ZH,care or nursing home,87,https://gd.zh.ch/internet/gesundheitsdirektion/de/themen/coronavirus.html
2020-10-20,14:30,ZH,decedent's home,3,https://gd.zh.ch/internet/gesundheitsdirektion/de/themen/coronavirus.html
2020-10-20,14:30,ZH,hospital,70,https://gd.zh.ch/internet/gesundheitsdirektion/de/themen/coronavirus.html
2020-10-21,14:30,ZH,care or nursing home,87,https://gd.zh.ch/internet/gesundheitsdirektion/de/themen/coronavirus.html
2020-10-21,14:30,ZH,decedent's home,3,https://gd.zh.ch/internet/gesundheitsdirektion/de/themen/coronavirus.html
2020-10-21,14:30,ZH,hospital,70,https://gd.zh.ch/internet/gesundheitsdirektion/de/themen/coronavirus.html
2020-10-22,14:30,ZH,care or nursing home,88,https://gd.zh.ch/internet/gesundheitsdirektion/de/themen/coronavirus.html
2020-10-22,14:30,ZH,decedent's home,3,https://gd.zh.ch/internet/gesundheitsdirektion/de/themen/coronavirus.html
2020-10-22,14:30,ZH,hospital,71,https://gd.zh.ch/internet/gesundheitsdirektion/de/themen/coronavirus.html
2020-10-23,14:30,ZH,care or nursing home,88,https://gd.zh.ch/internet/gesundheitsdirektion/de/themen/coronavirus.html
2020-10-23,14:30,ZH,decedent's home,3,https://gd.zh.ch/internet/gesundheitsdirektion/de/themen/coronavirus.html
2020-10-23,14:30,ZH,hospital,72,https://gd.zh.ch/internet/gesundheitsdirektion/de/themen/coronavirus.html
2020-10-24,14:30,ZH,care or nursing home,89,https://gd.zh.ch/internet/gesundheitsdirektion/de/themen/coronavirus.html
2020-10-24,14:30,ZH,decedent's home,3,https://gd.zh.ch/internet/gesundheitsdirektion/de/themen/coronavirus.html
2020-10-24,14:30,ZH,hospital,72,https://gd.zh.ch/internet/gesundheitsdirektion/de/themen/coronavirus.html
2020-10-25,14:30,ZH,care or nursing home,91,https://gd.zh.ch/internet/gesundheitsdirektion/de/themen/coronavirus.html
2020-10-25,14:30,ZH,decedent's home,3,https://gd.zh.ch/internet/gesundheitsdirektion/de/themen/coronavirus.html
2020-10-25,14:30,ZH,hospital,72,https://gd.zh.ch/internet/gesundheitsdirektion/de/themen/coronavirus.html
2020-10-26,14:30,ZH,care or nursing home,94,https://gd.zh.ch/internet/gesundheitsdirektion/de/themen/coronavirus.html
2020-10-26,14:30,ZH,decedent's home,4,https://gd.zh.ch/internet/gesundheitsdirektion/de/themen/coronavirus.html
2020-10-26,14:30,ZH,hospital,73,https://gd.zh.ch/internet/gesundheitsdirektion/de/themen/coronavirus.html
2020-10-27,14:30,ZH,care or nursing home,96,https://gd.zh.ch/internet/gesundheitsdirektion/de/themen/coronavirus.html
2020-10-27,14:30,ZH,decedent's home,4,https://gd.zh.ch/internet/gesundheitsdirektion/de/themen/coronavirus.html
2020-10-27,14:30,ZH,hospital,75,https://gd.zh.ch/internet/gesundheitsdirektion/de/themen/coronavirus.html
2020-10-28,14:30,ZH,care or nursing home,96,https://gd.zh.ch/internet/gesundheitsdirektion/de/themen/coronavirus.html
2020-10-28,14:30,ZH,decedent's home,4,https://gd.zh.ch/internet/gesundheitsdirektion/de/themen/coronavirus.html
2020-10-28,14:30,ZH,hospital,78,https://gd.zh.ch/internet/gesundheitsdirektion/de/themen/coronavirus.html
2020-10-29,14:30,ZH,care or nursing home,101,https://gd.zh.ch/internet/gesundheitsdirektion/de/themen/coronavirus.html
2020-10-29,14:30,ZH,decedent's home,4,https://gd.zh.ch/internet/gesundheitsdirektion/de/themen/coronavirus.html
2020-10-29,14:30,ZH,hospital,81,https://gd.zh.ch/internet/gesundheitsdirektion/de/themen/coronavirus.html
2020-10-30,14:30,ZH,care or nursing home,101,https://gd.zh.ch/internet/gesundheitsdirektion/de/themen/coronavirus.html
2020-10-30,14:30,ZH,decedent's home,4,https://gd.zh.ch/internet/gesundheitsdirektion/de/themen/coronavirus.html
2020-10-30,14:30,ZH,hospital,85,https://gd.zh.ch/internet/gesundheitsdirektion/de/themen/coronavirus.html
2020-10-31,14:30,ZH,care or nursing home,101,https://gd.zh.ch/internet/gesundheitsdirektion/de/themen/coronavirus.html
2020-10-31,14:30,ZH,decedent's home,4,https://gd.zh.ch/internet/gesundheitsdirektion/de/themen/coronavirus.html
2020-10-31,14:30,ZH,hospital,88,https://gd.zh.ch/internet/gesundheitsdirektion/de/themen/coronavirus.html
2020-11-01,14:30,ZH,care or nursing home,102,https://gd.zh.ch/internet/gesundheitsdirektion/de/themen/coronavirus.html
2020-11-01,14:30,ZH,decedent's home,4,https://gd.zh.ch/internet/gesundheitsdirektion/de/themen/coronavirus.html
2020-11-01,14:30,ZH,hospital,89,https://gd.zh.ch/internet/gesundheitsdirektion/de/themen/coronavirus.html
2020-11-02,14:30,ZH,care or nursing home,110,https://gd.zh.ch/internet/gesundheitsdirektion/de/themen/coronavirus.html
2020-11-02,14:30,ZH,decedent's home,4,https://gd.zh.ch/internet/gesundheitsdirektion/de/themen/coronavirus.html
2020-11-02,14:30,ZH,hospital,90,https://gd.zh.ch/internet/gesundheitsdirektion/de/themen/coronavirus.html
2020-11-03,14:30,ZH,care or nursing home,111,https://gd.zh.ch/internet/gesundheitsdirektion/de/themen/coronavirus.html
2020-11-03,14:30,ZH,decedent's home,4,https://gd.zh.ch/internet/gesundheitsdirektion/de/themen/coronavirus.html
2020-11-03,14:30,ZH,hospital,92,https://gd.zh.ch/internet/gesundheitsdirektion/de/themen/coronavirus.html
2020-11-04,14:30,ZH,care or nursing home,112,https://gd.zh.ch/internet/gesundheitsdirektion/de/themen/coronavirus.html
2020-11-04,14:30,ZH,decedent's home,4,https://gd.zh.ch/internet/gesundheitsdirektion/de/themen/coronavirus.html
2020-11-04,14:30,ZH,hospital,96,https://gd.zh.ch/internet/gesundheitsdirektion/de/themen/coronavirus.html
2020-11-05,14:30,ZH,care or nursing home,115,https://gd.zh.ch/internet/gesundheitsdirektion/de/themen/coronavirus.html
2020-11-05,14:30,ZH,decedent's home,4,https://gd.zh.ch/internet/gesundheitsdirektion/de/themen/coronavirus.html
2020-11-05,14:30,ZH,hospital,99,https://gd.zh.ch/internet/gesundheitsdirektion/de/themen/coronavirus.html
2020-11-06,14:30,ZH,care or nursing home,119,https://gd.zh.ch/internet/gesundheitsdirektion/de/themen/coronavirus.html
2020-11-06,14:30,ZH,decedent's home,4,https://gd.zh.ch/internet/gesundheitsdirektion/de/themen/coronavirus.html
2020-11-06,14:30,ZH,hospital,100,https://gd.zh.ch/internet/gesundheitsdirektion/de/themen/coronavirus.html
2020-11-07,14:30,ZH,care or nursing home,121,https://gd.zh.ch/internet/gesundheitsdirektion/de/themen/coronavirus.html
2020-11-07,14:30,ZH,decedent's home,4,https://gd.zh.ch/internet/gesundheitsdirektion/de/themen/coronavirus.html
2020-11-07,14:30,ZH,hospital,102,https://gd.zh.ch/internet/gesundheitsdirektion/de/themen/coronavirus.html
2020-11-08,14:30,ZH,care or nursing home,126,https://gd.zh.ch/internet/gesundheitsdirektion/de/themen/coronavirus.html
2020-11-08,14:30,ZH,decedent's home,4,https://gd.zh.ch/internet/gesundheitsdirektion/de/themen/coronavirus.html
2020-11-08,14:30,ZH,hospital,106,https://gd.zh.ch/internet/gesundheitsdirektion/de/themen/coronavirus.html
2020-11-09,14:30,ZH,care or nursing home,128,https://gd.zh.ch/internet/gesundheitsdirektion/de/themen/coronavirus.html
2020-11-09,14:30,ZH,decedent's home,4,https://gd.zh.ch/internet/gesundheitsdirektion/de/themen/coronavirus.html
2020-11-09,14:30,ZH,hospital,106,https://gd.zh.ch/internet/gesundheitsdirektion/de/themen/coronavirus.html
2020-11-10,14:30,ZH,care or nursing home,132,https://gd.zh.ch/internet/gesundheitsdirektion/de/themen/coronavirus.html
2020-11-10,14:30,ZH,decedent's home,4,https://gd.zh.ch/internet/gesundheitsdirektion/de/themen/coronavirus.html
2020-11-10,14:30,ZH,hospital,112,https://gd.zh.ch/internet/gesundheitsdirektion/de/themen/coronavirus.html
2020-11-11,14:30,ZH,care or nursing home,137,https://gd.zh.ch/internet/gesundheitsdirektion/de/themen/coronavirus.html
2020-11-11,14:30,ZH,decedent's home,4,https://gd.zh.ch/internet/gesundheitsdirektion/de/themen/coronavirus.html
2020-11-11,14:30,ZH,hospital,115,https://gd.zh.ch/internet/gesundheitsdirektion/de/themen/coronavirus.html
2020-11-12,14:30,ZH,care or nursing home,141,https://gd.zh.ch/internet/gesundheitsdirektion/de/themen/coronavirus.html
2020-11-12,14:30,ZH,decedent's home,4,https://gd.zh.ch/internet/gesundheitsdirektion/de/themen/coronavirus.html
2020-11-12,14:30,ZH,hospital,120,https://gd.zh.ch/internet/gesundheitsdirektion/de/themen/coronavirus.html
2020-11-13,14:30,ZH,care or nursing home,150,https://gd.zh.ch/internet/gesundheitsdirektion/de/themen/coronavirus.html
2020-11-13,14:30,ZH,decedent's home,4,https://gd.zh.ch/internet/gesundheitsdirektion/de/themen/coronavirus.html
2020-11-13,14:30,ZH,hospital,122,https://gd.zh.ch/internet/gesundheitsdirektion/de/themen/coronavirus.html
2020-11-14,14:30,ZH,care or nursing home,155,https://gd.zh.ch/internet/gesundheitsdirektion/de/themen/coronavirus.html
2020-11-14,14:30,ZH,decedent's home,5,https://gd.zh.ch/internet/gesundheitsdirektion/de/themen/coronavirus.html
2020-11-14,14:30,ZH,hospital,123,https://gd.zh.ch/internet/gesundheitsdirektion/de/themen/coronavirus.html
2020-11-15,14:30,ZH,care or nursing home,160,https://gd.zh.ch/internet/gesundheitsdirektion/de/themen/coronavirus.html
2020-11-15,14:30,ZH,decedent's home,5,https://gd.zh.ch/internet/gesundheitsdirektion/de/themen/coronavirus.html
2020-11-15,14:30,ZH,hospital,127,https://gd.zh.ch/internet/gesundheitsdirektion/de/themen/coronavirus.html
2020-11-16,14:30,ZH,care or nursing home,168,https://gd.zh.ch/internet/gesundheitsdirektion/de/themen/coronavirus.html
2020-11-16,14:30,ZH,decedent's home,5,https://gd.zh.ch/internet/gesundheitsdirektion/de/themen/coronavirus.html
2020-11-16,14:30,ZH,hospital,129,https://gd.zh.ch/internet/gesundheitsdirektion/de/themen/coronavirus.html
2020-11-17,14:30,ZH,care or nursing home,172,https://gd.zh.ch/internet/gesundheitsdirektion/de/themen/coronavirus.html
2020-11-17,14:30,ZH,decedent's home,5,https://gd.zh.ch/internet/gesundheitsdirektion/de/themen/coronavirus.html
2020-11-17,14:30,ZH,hospital,133,https://gd.zh.ch/internet/gesundheitsdirektion/de/themen/coronavirus.html
2020-11-18,14:30,ZH,care or nursing home,178,https://gd.zh.ch/internet/gesundheitsdirektion/de/themen/coronavirus.html
2020-11-18,14:30,ZH,decedent's home,5,https://gd.zh.ch/internet/gesundheitsdirektion/de/themen/coronavirus.html
2020-11-18,14:30,ZH,hospital,136,https://gd.zh.ch/internet/gesundheitsdirektion/de/themen/coronavirus.html
2020-11-19,14:30,ZH,care or nursing home,184,https://gd.zh.ch/internet/gesundheitsdirektion/de/themen/coronavirus.html
2020-11-19,14:30,ZH,decedent's home,5,https://gd.zh.ch/internet/gesundheitsdirektion/de/themen/coronavirus.html
2020-11-19,14:30,ZH,hospital,137,https://gd.zh.ch/internet/gesundheitsdirektion/de/themen/coronavirus.html
2020-11-20,14:30,ZH,care or nursing home,191,https://gd.zh.ch/internet/gesundheitsdirektion/de/themen/coronavirus.html
2020-11-20,14:30,ZH,decedent's home,5,https://gd.zh.ch/internet/gesundheitsdirektion/de/themen/coronavirus.html
2020-11-20,14:30,ZH,hospital,140,https://gd.zh.ch/internet/gesundheitsdirektion/de/themen/coronavirus.html
2020-11-21,14:30,ZH,care or nursing home,198,https://gd.zh.ch/internet/gesundheitsdirektion/de/themen/coronavirus.html
2020-11-21,14:30,ZH,decedent's home,5,https://gd.zh.ch/internet/gesundheitsdirektion/de/themen/coronavirus.html
2020-11-21,14:30,ZH,hospital,144,https://gd.zh.ch/internet/gesundheitsdirektion/de/themen/coronavirus.html
2020-11-22,14:30,ZH,care or nursing home,203,https://gd.zh.ch/internet/gesundheitsdirektion/de/themen/coronavirus.html
2020-11-22,14:30,ZH,decedent's home,5,https://gd.zh.ch/internet/gesundheitsdirektion/de/themen/coronavirus.html
2020-11-22,14:30,ZH,hospital,147,https://gd.zh.ch/internet/gesundheitsdirektion/de/themen/coronavirus.html
2020-11-23,14:30,ZH,care or nursing home,216,https://gd.zh.ch/internet/gesundheitsdirektion/de/themen/coronavirus.html
2020-11-23,14:30,ZH,decedent's home,5,https://gd.zh.ch/internet/gesundheitsdirektion/de/themen/coronavirus.html
2020-11-23,14:30,ZH,hospital,149,https://gd.zh.ch/internet/gesundheitsdirektion/de/themen/coronavirus.html
2020-11-24,14:30,ZH,care or nursing home,219,https://gd.zh.ch/internet/gesundheitsdirektion/de/themen/coronavirus.html
2020-11-24,14:30,ZH,decedent's home,6,https://gd.zh.ch/internet/gesundheitsdirektion/de/themen/coronavirus.html
2020-11-24,14:30,ZH,hospital,153,https://gd.zh.ch/internet/gesundheitsdirektion/de/themen/coronavirus.html
2020-11-25,14:30,ZH,care or nursing home,232,https://gd.zh.ch/internet/gesundheitsdirektion/de/themen/coronavirus.html
2020-11-25,14:30,ZH,decedent's home,6,https://gd.zh.ch/internet/gesundheitsdirektion/de/themen/coronavirus.html
2020-11-25,14:30,ZH,hospital,155,https://gd.zh.ch/internet/gesundheitsdirektion/de/themen/coronavirus.html
2020-11-26,14:30,ZH,care or nursing home,236,https://gd.zh.ch/internet/gesundheitsdirektion/de/themen/coronavirus.html
2020-11-26,14:30,ZH,decedent's home,6,https://gd.zh.ch/internet/gesundheitsdirektion/de/themen/coronavirus.html
2020-11-26,14:30,ZH,hospital,161,https://gd.zh.ch/internet/gesundheitsdirektion/de/themen/coronavirus.html
2020-11-27,14:30,ZH,care or nursing home,244,https://gd.zh.ch/internet/gesundheitsdirektion/de/themen/coronavirus.html
2020-11-27,14:30,ZH,decedent's home,6,https://gd.zh.ch/internet/gesundheitsdirektion/de/themen/coronavirus.html
2020-11-27,14:30,ZH,hospital,164,https://gd.zh.ch/internet/gesundheitsdirektion/de/themen/coronavirus.html
2020-11-28,14:30,ZH,care or nursing home,252,https://gd.zh.ch/internet/gesundheitsdirektion/de/themen/coronavirus.html
2020-11-28,14:30,ZH,decedent's home,6,https://gd.zh.ch/internet/gesundheitsdirektion/de/themen/coronavirus.html
2020-11-28,14:30,ZH,hospital,166,https://gd.zh.ch/internet/gesundheitsdirektion/de/themen/coronavirus.html
2020-11-29,14:30,ZH,care or nursing home,259,https://gd.zh.ch/internet/gesundheitsdirektion/de/themen/coronavirus.html
2020-11-29,14:30,ZH,decedent's home,6,https://gd.zh.ch/internet/gesundheitsdirektion/de/themen/coronavirus.html
2020-11-29,14:30,ZH,hospital,168,https://gd.zh.ch/internet/gesundheitsdirektion/de/themen/coronavirus.html
2020-11-30,14:30,ZH,care or nursing home,266,https://gd.zh.ch/internet/gesundheitsdirektion/de/themen/coronavirus.html
2020-11-30,14:30,ZH,decedent's home,6,https://gd.zh.ch/internet/gesundheitsdirektion/de/themen/coronavirus.html
2020-11-30,14:30,ZH,hospital,169,https://gd.zh.ch/internet/gesundheitsdirektion/de/themen/coronavirus.html
2020-12-01,14:30,ZH,care or nursing home,281,https://gd.zh.ch/internet/gesundheitsdirektion/de/themen/coronavirus.html
2020-12-01,14:30,ZH,decedent's home,6,https://gd.zh.ch/internet/gesundheitsdirektion/de/themen/coronavirus.html
2020-12-01,14:30,ZH,hospital,173,https://gd.zh.ch/internet/gesundheitsdirektion/de/themen/coronavirus.html
2020-12-02,14:30,ZH,care or nursing home,289,https://gd.zh.ch/internet/gesundheitsdirektion/de/themen/coronavirus.html
2020-12-02,14:30,ZH,decedent's home,6,https://gd.zh.ch/internet/gesundheitsdirektion/de/themen/coronavirus.html
2020-12-02,14:30,ZH,hospital,178,https://gd.zh.ch/internet/gesundheitsdirektion/de/themen/coronavirus.html
2020-12-03,14:30,ZH,care or nursing home,298,https://gd.zh.ch/internet/gesundheitsdirektion/de/themen/coronavirus.html
2020-12-03,14:30,ZH,decedent's home,6,https://gd.zh.ch/internet/gesundheitsdirektion/de/themen/coronavirus.html
2020-12-03,14:30,ZH,hospital,179,https://gd.zh.ch/internet/gesundheitsdirektion/de/themen/coronavirus.html
2020-12-04,14:30,ZH,care or nursing home,305,https://gd.zh.ch/internet/gesundheitsdirektion/de/themen/coronavirus.html
2020-12-04,14:30,ZH,decedent's home,6,https://gd.zh.ch/internet/gesundheitsdirektion/de/themen/coronavirus.html
2020-12-04,14:30,ZH,hospital,184,https://gd.zh.ch/internet/gesundheitsdirektion/de/themen/coronavirus.html
2020-12-05,14:30,ZH,care or nursing home,311,https://gd.zh.ch/internet/gesundheitsdirektion/de/themen/coronavirus.html
2020-12-05,14:30,ZH,decedent's home,6,https://gd.zh.ch/internet/gesundheitsdirektion/de/themen/coronavirus.html
2020-12-05,14:30,ZH,hospital,187,https://gd.zh.ch/internet/gesundheitsdirektion/de/themen/coronavirus.html
2020-12-06,14:30,ZH,care or nursing home,322,https://gd.zh.ch/internet/gesundheitsdirektion/de/themen/coronavirus.html
2020-12-06,14:30,ZH,decedent's home,7,https://gd.zh.ch/internet/gesundheitsdirektion/de/themen/coronavirus.html
2020-12-06,14:30,ZH,hospital,190,https://gd.zh.ch/internet/gesundheitsdirektion/de/themen/coronavirus.html
2020-12-07,14:30,ZH,care or nursing home,331,https://gd.zh.ch/internet/gesundheitsdirektion/de/themen/coronavirus.html
2020-12-07,14:30,ZH,decedent's home,8,https://gd.zh.ch/internet/gesundheitsdirektion/de/themen/coronavirus.html
2020-12-07,14:30,ZH,hospital,191,https://gd.zh.ch/internet/gesundheitsdirektion/de/themen/coronavirus.html
2020-12-08,14:30,ZH,care or nursing home,342,https://gd.zh.ch/internet/gesundheitsdirektion/de/themen/coronavirus.html
2020-12-08,14:30,ZH,decedent's home,8,https://gd.zh.ch/internet/gesundheitsdirektion/de/themen/coronavirus.html
2020-12-08,14:30,ZH,hospital,199,https://gd.zh.ch/internet/gesundheitsdirektion/de/themen/coronavirus.html
2020-12-09,14:30,ZH,care or nursing home,350,https://gd.zh.ch/internet/gesundheitsdirektion/de/themen/coronavirus.html
2020-12-09,14:30,ZH,decedent's home,8,https://gd.zh.ch/internet/gesundheitsdirektion/de/themen/coronavirus.html
2020-12-09,14:30,ZH,hospital,207,https://gd.zh.ch/internet/gesundheitsdirektion/de/themen/coronavirus.html
2020-12-10,14:30,ZH,care or nursing home,364,https://gd.zh.ch/internet/gesundheitsdirektion/de/themen/coronavirus.html
2020-12-10,14:30,ZH,decedent's home,8,https://gd.zh.ch/internet/gesundheitsdirektion/de/themen/coronavirus.html
2020-12-10,14:30,ZH,hospital,214,https://gd.zh.ch/internet/gesundheitsdirektion/de/themen/coronavirus.html
2020-12-11,14:30,ZH,care or nursing home,374,https://gd.zh.ch/internet/gesundheitsdirektion/de/themen/coronavirus.html
2020-12-11,14:30,ZH,decedent's home,8,https://gd.zh.ch/internet/gesundheitsdirektion/de/themen/coronavirus.html
2020-12-11,14:30,ZH,hospital,222,https://gd.zh.ch/internet/gesundheitsdirektion/de/themen/coronavirus.html
2020-12-12,14:30,ZH,care or nursing home,384,https://gd.zh.ch/internet/gesundheitsdirektion/de/themen/coronavirus.html
2020-12-12,14:30,ZH,decedent's home,8,https://gd.zh.ch/internet/gesundheitsdirektion/de/themen/coronavirus.html
2020-12-12,14:30,ZH,hospital,230,https://gd.zh.ch/internet/gesundheitsdirektion/de/themen/coronavirus.html
2020-12-13,14:30,ZH,care or nursing home,396,https://gd.zh.ch/internet/gesundheitsdirektion/de/themen/coronavirus.html
2020-12-13,14:30,ZH,decedent's home,8,https://gd.zh.ch/internet/gesundheitsdirektion/de/themen/coronavirus.html
2020-12-13,14:30,ZH,hospital,234,https://gd.zh.ch/internet/gesundheitsdirektion/de/themen/coronavirus.html
2020-12-14,14:30,ZH,care or nursing home,405,https://gd.zh.ch/internet/gesundheitsdirektion/de/themen/coronavirus.html
2020-12-14,14:30,ZH,decedent's home,8,https://gd.zh.ch/internet/gesundheitsdirektion/de/themen/coronavirus.html
2020-12-14,14:30,ZH,hospital,238,https://gd.zh.ch/internet/gesundheitsdirektion/de/themen/coronavirus.html
2020-12-15,14:30,ZH,care or nursing home,419,https://gd.zh.ch/internet/gesundheitsdirektion/de/themen/coronavirus.html
2020-12-15,14:30,ZH,decedent's home,8,https://gd.zh.ch/internet/gesundheitsdirektion/de/themen/coronavirus.html
2020-12-15,14:30,ZH,hospital,241,https://gd.zh.ch/internet/gesundheitsdirektion/de/themen/coronavirus.html
2020-12-16,14:30,ZH,care or nursing home,429,https://gd.zh.ch/internet/gesundheitsdirektion/de/themen/coronavirus.html
2020-12-16,14:30,ZH,decedent's home,9,https://gd.zh.ch/internet/gesundheitsdirektion/de/themen/coronavirus.html
2020-12-16,14:30,ZH,hospital,245,https://gd.zh.ch/internet/gesundheitsdirektion/de/themen/coronavirus.html
2020-12-17,14:30,ZH,care or nursing home,436,https://gd.zh.ch/internet/gesundheitsdirektion/de/themen/coronavirus.html
2020-12-17,14:30,ZH,decedent's home,9,https://gd.zh.ch/internet/gesundheitsdirektion/de/themen/coronavirus.html
2020-12-17,14:30,ZH,hospital,252,https://gd.zh.ch/internet/gesundheitsdirektion/de/themen/coronavirus.html
2020-12-18,14:30,ZH,care or nursing home,445,https://gd.zh.ch/internet/gesundheitsdirektion/de/themen/coronavirus.html
2020-12-18,14:30,ZH,decedent's home,9,https://gd.zh.ch/internet/gesundheitsdirektion/de/themen/coronavirus.html
2020-12-18,14:30,ZH,hospital,256,https://gd.zh.ch/internet/gesundheitsdirektion/de/themen/coronavirus.html
2020-12-19,14:30,ZH,care or nursing home,455,https://gd.zh.ch/internet/gesundheitsdirektion/de/themen/coronavirus.html
2020-12-19,14:30,ZH,decedent's home,9,https://gd.zh.ch/internet/gesundheitsdirektion/de/themen/coronavirus.html
2020-12-19,14:30,ZH,hospital,259,https://gd.zh.ch/internet/gesundheitsdirektion/de/themen/coronavirus.html
2020-12-20,14:30,ZH,care or nursing home,471,https://gd.zh.ch/internet/gesundheitsdirektion/de/themen/coronavirus.html
2020-12-20,14:30,ZH,decedent's home,9,https://gd.zh.ch/internet/gesundheitsdirektion/de/themen/coronavirus.html
2020-12-20,14:30,ZH,hospital,268,https://gd.zh.ch/internet/gesundheitsdirektion/de/themen/coronavirus.html
2020-12-21,14:30,ZH,care or nursing home,485,https://gd.zh.ch/internet/gesundheitsdirektion/de/themen/coronavirus.html
2020-12-21,14:30,ZH,decedent's home,9,https://gd.zh.ch/internet/gesundheitsdirektion/de/themen/coronavirus.html
2020-12-21,14:30,ZH,hospital,274,https://gd.zh.ch/internet/gesundheitsdirektion/de/themen/coronavirus.html
2020-12-22,14:30,ZH,care or nursing home,494,https://gd.zh.ch/internet/gesundheitsdirektion/de/themen/coronavirus.html
2020-12-22,14:30,ZH,decedent's home,10,https://gd.zh.ch/internet/gesundheitsdirektion/de/themen/coronavirus.html
2020-12-22,14:30,ZH,hospital,284,https://gd.zh.ch/internet/gesundheitsdirektion/de/themen/coronavirus.html
2020-12-23,14:30,ZH,care or nursing home,500,https://gd.zh.ch/internet/gesundheitsdirektion/de/themen/coronavirus.html
2020-12-23,14:30,ZH,decedent's home,10,https://gd.zh.ch/internet/gesundheitsdirektion/de/themen/coronavirus.html
2020-12-23,14:30,ZH,hospital,291,https://gd.zh.ch/internet/gesundheitsdirektion/de/themen/coronavirus.html
2020-12-24,14:30,ZH,care or nursing home,506,https://gd.zh.ch/internet/gesundheitsdirektion/de/themen/coronavirus.html
2020-12-24,14:30,ZH,decedent's home,10,https://gd.zh.ch/internet/gesundheitsdirektion/de/themen/coronavirus.html
2020-12-24,14:30,ZH,hospital,296,https://gd.zh.ch/internet/gesundheitsdirektion/de/themen/coronavirus.html
2020-12-25,14:30,ZH,care or nursing home,509,https://gd.zh.ch/internet/gesundheitsdirektion/de/themen/coronavirus.html
2020-12-25,14:30,ZH,decedent's home,10,https://gd.zh.ch/internet/gesundheitsdirektion/de/themen/coronavirus.html
2020-12-25,14:30,ZH,hospital,302,https://gd.zh.ch/internet/gesundheitsdirektion/de/themen/coronavirus.html
2020-12-26,14:30,ZH,care or nursing home,518,https://gd.zh.ch/internet/gesundheitsdirektion/de/themen/coronavirus.html
2020-12-26,14:30,ZH,decedent's home,10,https://gd.zh.ch/internet/gesundheitsdirektion/de/themen/coronavirus.html
2020-12-26,14:30,ZH,hospital,308,https://gd.zh.ch/internet/gesundheitsdirektion/de/themen/coronavirus.html
2020-12-27,14:30,ZH,care or nursing home,524,https://gd.zh.ch/internet/gesundheitsdirektion/de/themen/coronavirus.html
2020-12-27,14:30,ZH,decedent's home,10,https://gd.zh.ch/internet/gesundheitsdirektion/de/themen/coronavirus.html
2020-12-27,14:30,ZH,hospital,314,https://gd.zh.ch/internet/gesundheitsdirektion/de/themen/coronavirus.html
2020-12-28,14:30,ZH,care or nursing home,524,https://gd.zh.ch/internet/gesundheitsdirektion/de/themen/coronavirus.html
2020-12-28,14:30,ZH,decedent's home,10,https://gd.zh.ch/internet/gesundheitsdirektion/de/themen/coronavirus.html
2020-12-28,14:30,ZH,hospital,315,https://gd.zh.ch/internet/gesundheitsdirektion/de/themen/coronavirus.html
