date,time,abbreviation_canton_and_fl,hospital_name,current_icu_service_certified,current_icu_target_covid,current_hosp_covid,current_icu_covid,current_vent_covid,current_icu_not_covid,source
2020-10-29,14:30,ZH,GZO Spital Wetzikon,7,1,,1,,5,https://gd.zh.ch/internet/gesundheitsdirektion/de/themen/coronavirus.html
2020-10-29,14:30,ZH,Hirslanden Klinik Hirslanden,22,3,,2,,15,https://gd.zh.ch/internet/gesundheitsdirektion/de/themen/coronavirus.html
2020-10-29,14:30,ZH,Hirslanden Klinik im Park,6,1,,0,,5,https://gd.zh.ch/internet/gesundheitsdirektion/de/themen/coronavirus.html
2020-10-29,14:30,ZH,Kantonsspital Winterthur,18,2,,3,,9,https://gd.zh.ch/internet/gesundheitsdirektion/de/themen/coronavirus.html
2020-10-29,14:30,ZH,Kinderspital Zürich,25,0,,0,,21,https://gd.zh.ch/internet/gesundheitsdirektion/de/themen/coronavirus.html
2020-10-29,14:30,ZH,See-Spital Horgen und Kilchberg,6,1,,1,,3,https://gd.zh.ch/internet/gesundheitsdirektion/de/themen/coronavirus.html
2020-10-29,14:30,ZH,Spital Bülach,7,1,,1,,3,https://gd.zh.ch/internet/gesundheitsdirektion/de/themen/coronavirus.html
2020-10-29,14:30,ZH,Spital Limmattal,8,1,,2,,2,https://gd.zh.ch/internet/gesundheitsdirektion/de/themen/coronavirus.html
2020-10-29,14:30,ZH,Spital Männedorf,7,1,,1,,2,https://gd.zh.ch/internet/gesundheitsdirektion/de/themen/coronavirus.html
2020-10-29,14:30,ZH,Spital Uster,7,1,,1,,4,https://gd.zh.ch/internet/gesundheitsdirektion/de/themen/coronavirus.html
2020-10-29,14:30,ZH,Spital Zollikerberg,6,1,,1,,4,https://gd.zh.ch/internet/gesundheitsdirektion/de/themen/coronavirus.html
2020-10-29,14:30,ZH,Stadtspital Triemli,18,2,,4,,10,https://gd.zh.ch/internet/gesundheitsdirektion/de/themen/coronavirus.html
2020-10-29,14:30,ZH,Stadtspital Waid,8,1,,2,,4,https://gd.zh.ch/internet/gesundheitsdirektion/de/themen/coronavirus.html
2020-10-29,14:30,ZH,Universitätsklinik Balgrist,6,1,,0,,2,https://gd.zh.ch/internet/gesundheitsdirektion/de/themen/coronavirus.html
2020-10-29,14:30,ZH,UniversitätsSpital Zürich,64,9,,7,,55,https://gd.zh.ch/internet/gesundheitsdirektion/de/themen/coronavirus.html
2020-10-30,14:30,ZH,GZO Spital Wetzikon,7,1,,2,,5,https://gd.zh.ch/internet/gesundheitsdirektion/de/themen/coronavirus.html
2020-10-30,14:30,ZH,Hirslanden Klinik Hirslanden,22,4,,1,,13,https://gd.zh.ch/internet/gesundheitsdirektion/de/themen/coronavirus.html
2020-10-30,14:30,ZH,Hirslanden Klinik im Park,6,1,,0,,6,https://gd.zh.ch/internet/gesundheitsdirektion/de/themen/coronavirus.html
2020-10-30,14:30,ZH,Kantonsspital Winterthur,18,3,,4,,8,https://gd.zh.ch/internet/gesundheitsdirektion/de/themen/coronavirus.html
2020-10-30,14:30,ZH,Kinderspital Zürich,25,0,,0,,20,https://gd.zh.ch/internet/gesundheitsdirektion/de/themen/coronavirus.html
2020-10-30,14:30,ZH,See-Spital Horgen und Kilchberg,6,1,,1,,3,https://gd.zh.ch/internet/gesundheitsdirektion/de/themen/coronavirus.html
2020-10-30,14:30,ZH,Spital Bülach,7,1,,1,,4,https://gd.zh.ch/internet/gesundheitsdirektion/de/themen/coronavirus.html
2020-10-30,14:30,ZH,Spital Limmattal,8,1,,3,,1,https://gd.zh.ch/internet/gesundheitsdirektion/de/themen/coronavirus.html
2020-10-30,14:30,ZH,Spital Männedorf,7,1,,1,,4,https://gd.zh.ch/internet/gesundheitsdirektion/de/themen/coronavirus.html
2020-10-30,14:30,ZH,Spital Uster,7,1,,2,,5,https://gd.zh.ch/internet/gesundheitsdirektion/de/themen/coronavirus.html
2020-10-30,14:30,ZH,Spital Zollikerberg,6,1,,1,,2,https://gd.zh.ch/internet/gesundheitsdirektion/de/themen/coronavirus.html
2020-10-30,14:30,ZH,Stadtspital Triemli,18,3,,2,,12,https://gd.zh.ch/internet/gesundheitsdirektion/de/themen/coronavirus.html
2020-10-30,14:30,ZH,Stadtspital Waid,8,1,,2,,4,https://gd.zh.ch/internet/gesundheitsdirektion/de/themen/coronavirus.html
2020-10-30,14:30,ZH,Universitätsklinik Balgrist,6,1,,0,,3,https://gd.zh.ch/internet/gesundheitsdirektion/de/themen/coronavirus.html
2020-10-30,14:30,ZH,UniversitätsSpital Zürich,64,10,,11,,47,https://gd.zh.ch/internet/gesundheitsdirektion/de/themen/coronavirus.html
2020-10-31,14:30,ZH,GZO Spital Wetzikon,7,1,,2,,5,https://gd.zh.ch/internet/gesundheitsdirektion/de/themen/coronavirus.html
2020-10-31,14:30,ZH,Hirslanden Klinik Hirslanden,22,5,,3,,15,https://gd.zh.ch/internet/gesundheitsdirektion/de/themen/coronavirus.html
2020-10-31,14:30,ZH,Hirslanden Klinik im Park,6,1,,0,,6,https://gd.zh.ch/internet/gesundheitsdirektion/de/themen/coronavirus.html
2020-10-31,14:30,ZH,Kantonsspital Winterthur,18,4,,4,,7,https://gd.zh.ch/internet/gesundheitsdirektion/de/themen/coronavirus.html
2020-10-31,14:30,ZH,Kinderspital Zürich,25,0,,0,,18,https://gd.zh.ch/internet/gesundheitsdirektion/de/themen/coronavirus.html
2020-10-31,14:30,ZH,See-Spital Horgen und Kilchberg,6,1,,3,,0,https://gd.zh.ch/internet/gesundheitsdirektion/de/themen/coronavirus.html
2020-10-31,14:30,ZH,Spital Bülach,7,1,,2,,3,https://gd.zh.ch/internet/gesundheitsdirektion/de/themen/coronavirus.html
2020-10-31,14:30,ZH,Spital Limmattal,8,2,,3,,1,https://gd.zh.ch/internet/gesundheitsdirektion/de/themen/coronavirus.html
2020-10-31,14:30,ZH,Spital Männedorf,7,1,,1,,3,https://gd.zh.ch/internet/gesundheitsdirektion/de/themen/coronavirus.html
2020-10-31,14:30,ZH,Spital Uster,7,1,,2,,5,https://gd.zh.ch/internet/gesundheitsdirektion/de/themen/coronavirus.html
2020-10-31,14:30,ZH,Spital Zollikerberg,6,1,,2,,0,https://gd.zh.ch/internet/gesundheitsdirektion/de/themen/coronavirus.html
2020-10-31,14:30,ZH,Stadtspital Triemli,18,4,,3,,10,https://gd.zh.ch/internet/gesundheitsdirektion/de/themen/coronavirus.html
2020-10-31,14:30,ZH,Stadtspital Waid,8,2,,2,,4,https://gd.zh.ch/internet/gesundheitsdirektion/de/themen/coronavirus.html
2020-10-31,14:30,ZH,Universitätsklinik Balgrist,6,1,,0,,3,https://gd.zh.ch/internet/gesundheitsdirektion/de/themen/coronavirus.html
2020-10-31,14:30,ZH,UniversitätsSpital Zürich,64,13,,12,,46,https://gd.zh.ch/internet/gesundheitsdirektion/de/themen/coronavirus.html
2020-11-01,14:30,ZH,GZO Spital Wetzikon,7,1,,0,,3,https://gd.zh.ch/internet/gesundheitsdirektion/de/themen/coronavirus.html
2020-11-01,14:30,ZH,Hirslanden Klinik Hirslanden,22,4,,6,,9,https://gd.zh.ch/internet/gesundheitsdirektion/de/themen/coronavirus.html
2020-11-01,14:30,ZH,Hirslanden Klinik im Park,6,1,,0,,6,https://gd.zh.ch/internet/gesundheitsdirektion/de/themen/coronavirus.html
2020-11-01,14:30,ZH,Kantonsspital Winterthur,18,4,,4,,5,https://gd.zh.ch/internet/gesundheitsdirektion/de/themen/coronavirus.html
2020-11-01,14:30,ZH,Kinderspital Zürich,25,0,,0,,15,https://gd.zh.ch/internet/gesundheitsdirektion/de/themen/coronavirus.html
2020-11-01,14:30,ZH,See-Spital Horgen und Kilchberg,6,1,,1,,2,https://gd.zh.ch/internet/gesundheitsdirektion/de/themen/coronavirus.html
2020-11-01,14:30,ZH,Spital Bülach,7,1,,2,,3,https://gd.zh.ch/internet/gesundheitsdirektion/de/themen/coronavirus.html
2020-11-01,14:30,ZH,Spital Limmattal,8,2,,3,,0,https://gd.zh.ch/internet/gesundheitsdirektion/de/themen/coronavirus.html
2020-11-01,14:30,ZH,Spital Männedorf,7,1,,1,,2,https://gd.zh.ch/internet/gesundheitsdirektion/de/themen/coronavirus.html
2020-11-01,14:30,ZH,Spital Uster,7,1,,2,,4,https://gd.zh.ch/internet/gesundheitsdirektion/de/themen/coronavirus.html
2020-11-01,14:30,ZH,Spital Zollikerberg,6,1,,2,,0,https://gd.zh.ch/internet/gesundheitsdirektion/de/themen/coronavirus.html
2020-11-01,14:30,ZH,Stadtspital Triemli,18,4,,3,,9,https://gd.zh.ch/internet/gesundheitsdirektion/de/themen/coronavirus.html
2020-11-01,14:30,ZH,Stadtspital Waid,8,2,,2,,5,https://gd.zh.ch/internet/gesundheitsdirektion/de/themen/coronavirus.html
2020-11-01,14:30,ZH,Universitätsklinik Balgrist,6,1,,0,,3,https://gd.zh.ch/internet/gesundheitsdirektion/de/themen/coronavirus.html
2020-11-01,14:30,ZH,UniversitätsSpital Zürich,64,13,,12,,44,https://gd.zh.ch/internet/gesundheitsdirektion/de/themen/coronavirus.html
2020-11-02,14:30,ZH,GZO Spital Wetzikon,7,2,,1,,2,https://gd.zh.ch/internet/gesundheitsdirektion/de/themen/coronavirus.html
2020-11-02,14:30,ZH,Hirslanden Klinik Hirslanden,22,5,,6,,11,https://gd.zh.ch/internet/gesundheitsdirektion/de/themen/coronavirus.html
2020-11-02,14:30,ZH,Hirslanden Klinik im Park,6,1,,0,,6,https://gd.zh.ch/internet/gesundheitsdirektion/de/themen/coronavirus.html
2020-11-02,14:30,ZH,Kantonsspital Winterthur,18,4,,4,,4,https://gd.zh.ch/internet/gesundheitsdirektion/de/themen/coronavirus.html
2020-11-02,14:30,ZH,Kinderspital Zürich,25,0,,0,,18,https://gd.zh.ch/internet/gesundheitsdirektion/de/themen/coronavirus.html
2020-11-02,14:30,ZH,See-Spital Horgen und Kilchberg,6,1,,2,,2,https://gd.zh.ch/internet/gesundheitsdirektion/de/themen/coronavirus.html
2020-11-02,14:30,ZH,Spital Bülach,7,2,,2,,1,https://gd.zh.ch/internet/gesundheitsdirektion/de/themen/coronavirus.html
2020-11-02,14:30,ZH,Spital Limmattal,8,2,,3,,1,https://gd.zh.ch/internet/gesundheitsdirektion/de/themen/coronavirus.html
2020-11-02,14:30,ZH,Spital Männedorf,7,2,,1,,2,https://gd.zh.ch/internet/gesundheitsdirektion/de/themen/coronavirus.html
2020-11-02,14:30,ZH,Spital Uster,7,2,,2,,4,https://gd.zh.ch/internet/gesundheitsdirektion/de/themen/coronavirus.html
2020-11-02,14:30,ZH,Spital Zollikerberg,6,1,,1,,2,https://gd.zh.ch/internet/gesundheitsdirektion/de/themen/coronavirus.html
2020-11-02,14:30,ZH,Stadtspital Triemli,18,4,,4,,8,https://gd.zh.ch/internet/gesundheitsdirektion/de/themen/coronavirus.html
2020-11-02,14:30,ZH,Stadtspital Waid,8,2,,1,,7,https://gd.zh.ch/internet/gesundheitsdirektion/de/themen/coronavirus.html
2020-11-02,14:30,ZH,Universitätsklinik Balgrist,6,1,,0,,2,https://gd.zh.ch/internet/gesundheitsdirektion/de/themen/coronavirus.html
2020-11-02,14:30,ZH,UniversitätsSpital Zürich,64,14,,14,,43,https://gd.zh.ch/internet/gesundheitsdirektion/de/themen/coronavirus.html
2020-11-03,14:30,ZH,GZO Spital Wetzikon,7,2,,4,,3,https://gd.zh.ch/internet/gesundheitsdirektion/de/themen/coronavirus.html
2020-11-03,14:30,ZH,Hirslanden Klinik Hirslanden,22,6,,7,,12,https://gd.zh.ch/internet/gesundheitsdirektion/de/themen/coronavirus.html
2020-11-03,14:30,ZH,Hirslanden Klinik im Park,6,2,,0,,6,https://gd.zh.ch/internet/gesundheitsdirektion/de/themen/coronavirus.html
2020-11-03,14:30,ZH,Kantonsspital Winterthur,18,5,,5,,6,https://gd.zh.ch/internet/gesundheitsdirektion/de/themen/coronavirus.html
2020-11-03,14:30,ZH,Kinderspital Zürich,25,0,,0,,17,https://gd.zh.ch/internet/gesundheitsdirektion/de/themen/coronavirus.html
2020-11-03,14:30,ZH,See-Spital Horgen und Kilchberg,6,2,,1,,2,https://gd.zh.ch/internet/gesundheitsdirektion/de/themen/coronavirus.html
2020-11-03,14:30,ZH,Spital Bülach,7,2,,3,,4,https://gd.zh.ch/internet/gesundheitsdirektion/de/themen/coronavirus.html
2020-11-03,14:30,ZH,Spital Limmattal,8,2,,3,,5,https://gd.zh.ch/internet/gesundheitsdirektion/de/themen/coronavirus.html
2020-11-03,14:30,ZH,Spital Männedorf,7,2,,1,,4,https://gd.zh.ch/internet/gesundheitsdirektion/de/themen/coronavirus.html
2020-11-03,14:30,ZH,Spital Uster,7,2,,3,,4,https://gd.zh.ch/internet/gesundheitsdirektion/de/themen/coronavirus.html
2020-11-03,14:30,ZH,Spital Zollikerberg,6,2,,2,,3,https://gd.zh.ch/internet/gesundheitsdirektion/de/themen/coronavirus.html
2020-11-03,14:30,ZH,Stadtspital Triemli,18,5,,4,,9,https://gd.zh.ch/internet/gesundheitsdirektion/de/themen/coronavirus.html
2020-11-03,14:30,ZH,Stadtspital Waid,8,2,,2,,6,https://gd.zh.ch/internet/gesundheitsdirektion/de/themen/coronavirus.html
2020-11-03,14:30,ZH,Universitätsklinik Balgrist,6,2,,0,,3,https://gd.zh.ch/internet/gesundheitsdirektion/de/themen/coronavirus.html
2020-11-03,14:30,ZH,UniversitätsSpital Zürich,64,16,,13,,48,https://gd.zh.ch/internet/gesundheitsdirektion/de/themen/coronavirus.html
2020-11-04,14:30,ZH,GZO Spital Wetzikon,7,2,,4,,3,https://gd.zh.ch/internet/gesundheitsdirektion/de/themen/coronavirus.html
2020-11-04,14:30,ZH,Hirslanden Klinik Hirslanden,22,6,,6,,12,https://gd.zh.ch/internet/gesundheitsdirektion/de/themen/coronavirus.html
2020-11-04,14:30,ZH,Hirslanden Klinik im Park,6,2,,0,,6,https://gd.zh.ch/internet/gesundheitsdirektion/de/themen/coronavirus.html
2020-11-04,14:30,ZH,Kantonsspital Winterthur,18,5,,6,,6,https://gd.zh.ch/internet/gesundheitsdirektion/de/themen/coronavirus.html
2020-11-04,14:30,ZH,Kinderspital Zürich,25,0,,0,,18,https://gd.zh.ch/internet/gesundheitsdirektion/de/themen/coronavirus.html
2020-11-04,14:30,ZH,See-Spital Horgen und Kilchberg,6,2,,2,,2,https://gd.zh.ch/internet/gesundheitsdirektion/de/themen/coronavirus.html
2020-11-04,14:30,ZH,Spital Bülach,7,2,,3,,4,https://gd.zh.ch/internet/gesundheitsdirektion/de/themen/coronavirus.html
2020-11-04,14:30,ZH,Spital Limmattal,8,2,,3,,5,https://gd.zh.ch/internet/gesundheitsdirektion/de/themen/coronavirus.html
2020-11-04,14:30,ZH,Spital Männedorf,7,2,,1,,3,https://gd.zh.ch/internet/gesundheitsdirektion/de/themen/coronavirus.html
2020-11-04,14:30,ZH,Spital Uster,7,2,,2,,3,https://gd.zh.ch/internet/gesundheitsdirektion/de/themen/coronavirus.html
2020-11-04,14:30,ZH,Spital Zollikerberg,6,2,,3,,2,https://gd.zh.ch/internet/gesundheitsdirektion/de/themen/coronavirus.html
2020-11-04,14:30,ZH,Stadtspital Triemli,18,5,,6,,8,https://gd.zh.ch/internet/gesundheitsdirektion/de/themen/coronavirus.html
2020-11-04,14:30,ZH,Stadtspital Waid,8,2,,2,,6,https://gd.zh.ch/internet/gesundheitsdirektion/de/themen/coronavirus.html
2020-11-04,14:30,ZH,Universitätsklinik Balgrist,6,2,,0,,6,https://gd.zh.ch/internet/gesundheitsdirektion/de/themen/coronavirus.html
2020-11-04,14:30,ZH,UniversitätsSpital Zürich,64,18,,14,,47,https://gd.zh.ch/internet/gesundheitsdirektion/de/themen/coronavirus.html
2020-11-05,14:30,ZH,GZO Spital Wetzikon,7,2,,0,,4,https://gd.zh.ch/internet/gesundheitsdirektion/de/themen/coronavirus.html
2020-11-05,14:30,ZH,Hirslanden Klinik Hirslanden,22,6,,7,,11,https://gd.zh.ch/internet/gesundheitsdirektion/de/themen/coronavirus.html
2020-11-05,14:30,ZH,Hirslanden Klinik im Park,6,2,,0,,6,https://gd.zh.ch/internet/gesundheitsdirektion/de/themen/coronavirus.html
2020-11-05,14:30,ZH,Kantonsspital Winterthur,18,5,,6,,7,https://gd.zh.ch/internet/gesundheitsdirektion/de/themen/coronavirus.html
2020-11-05,14:30,ZH,Kinderspital Zürich,25,0,,0,,20,https://gd.zh.ch/internet/gesundheitsdirektion/de/themen/coronavirus.html
2020-11-05,14:30,ZH,See-Spital Horgen und Kilchberg,6,2,,2,,3,https://gd.zh.ch/internet/gesundheitsdirektion/de/themen/coronavirus.html
2020-11-05,14:30,ZH,Spital Bülach,7,2,,2,,2,https://gd.zh.ch/internet/gesundheitsdirektion/de/themen/coronavirus.html
2020-11-05,14:30,ZH,Spital Limmattal,8,2,,4,,4,https://gd.zh.ch/internet/gesundheitsdirektion/de/themen/coronavirus.html
2020-11-05,14:30,ZH,Spital Männedorf,7,2,,1,,3,https://gd.zh.ch/internet/gesundheitsdirektion/de/themen/coronavirus.html
2020-11-05,14:30,ZH,Spital Uster,7,2,,2,,3,https://gd.zh.ch/internet/gesundheitsdirektion/de/themen/coronavirus.html
2020-11-05,14:30,ZH,Spital Zollikerberg,6,2,,3,,1,https://gd.zh.ch/internet/gesundheitsdirektion/de/themen/coronavirus.html
2020-11-05,14:30,ZH,Stadtspital Triemli,18,5,,8,,5,https://gd.zh.ch/internet/gesundheitsdirektion/de/themen/coronavirus.html
2020-11-05,14:30,ZH,Stadtspital Waid,8,2,,2,,6,https://gd.zh.ch/internet/gesundheitsdirektion/de/themen/coronavirus.html
2020-11-05,14:30,ZH,Universitätsklinik Balgrist,6,2,,0,,3,https://gd.zh.ch/internet/gesundheitsdirektion/de/themen/coronavirus.html
2020-11-05,14:30,ZH,UniversitätsSpital Zürich,64,18,,15,,41,https://gd.zh.ch/internet/gesundheitsdirektion/de/themen/coronavirus.html
2020-11-06,14:30,ZH,GZO Spital Wetzikon,7,2,,0,,6,https://gd.zh.ch/internet/gesundheitsdirektion/de/themen/coronavirus.html
2020-11-06,14:30,ZH,Hirslanden Klinik Hirslanden,22,6,,7,,12,https://gd.zh.ch/internet/gesundheitsdirektion/de/themen/coronavirus.html
2020-11-06,14:30,ZH,Hirslanden Klinik im Park,6,2,,0,,4,https://gd.zh.ch/internet/gesundheitsdirektion/de/themen/coronavirus.html
2020-11-06,14:30,ZH,Kantonsspital Winterthur,18,5,,5,,6,https://gd.zh.ch/internet/gesundheitsdirektion/de/themen/coronavirus.html
2020-11-06,14:30,ZH,Kinderspital Zürich,25,0,,0,,20,https://gd.zh.ch/internet/gesundheitsdirektion/de/themen/coronavirus.html
2020-11-06,14:30,ZH,See-Spital Horgen und Kilchberg,6,2,,2,,2,https://gd.zh.ch/internet/gesundheitsdirektion/de/themen/coronavirus.html
2020-11-06,14:30,ZH,Spital Bülach,7,2,,4,,3,https://gd.zh.ch/internet/gesundheitsdirektion/de/themen/coronavirus.html
2020-11-06,14:30,ZH,Spital Limmattal,8,2,,4,,4,https://gd.zh.ch/internet/gesundheitsdirektion/de/themen/coronavirus.html
2020-11-06,14:30,ZH,Spital Männedorf,7,2,,3,,3,https://gd.zh.ch/internet/gesundheitsdirektion/de/themen/coronavirus.html
2020-11-06,14:30,ZH,Spital Uster,7,2,,1,,3,https://gd.zh.ch/internet/gesundheitsdirektion/de/themen/coronavirus.html
2020-11-06,14:30,ZH,Spital Zollikerberg,6,2,,3,,0,https://gd.zh.ch/internet/gesundheitsdirektion/de/themen/coronavirus.html
2020-11-06,14:30,ZH,Stadtspital Triemli,18,5,,8,,5,https://gd.zh.ch/internet/gesundheitsdirektion/de/themen/coronavirus.html
2020-11-06,14:30,ZH,Stadtspital Waid,8,2,,1,,7,https://gd.zh.ch/internet/gesundheitsdirektion/de/themen/coronavirus.html
2020-11-06,14:30,ZH,Universitätsklinik Balgrist,6,2,,0,,3,https://gd.zh.ch/internet/gesundheitsdirektion/de/themen/coronavirus.html
2020-11-06,14:30,ZH,UniversitätsSpital Zürich,64,19,,17,,39,https://gd.zh.ch/internet/gesundheitsdirektion/de/themen/coronavirus.html
2020-11-07,14:30,ZH,Hirslanden Klinik Hirslanden,22,7,,8,,8,https://gd.zh.ch/internet/gesundheitsdirektion/de/themen/coronavirus.html
2020-11-07,14:30,ZH,Hirslanden Klinik im Park,6,2,,1,,5,https://gd.zh.ch/internet/gesundheitsdirektion/de/themen/coronavirus.html
2020-11-07,14:30,ZH,Kantonsspital Winterthur,18,6,,5,,5,https://gd.zh.ch/internet/gesundheitsdirektion/de/themen/coronavirus.html
2020-11-07,14:30,ZH,Kinderspital Zürich,25,0,,0,,15,https://gd.zh.ch/internet/gesundheitsdirektion/de/themen/coronavirus.html
2020-11-07,14:30,ZH,GZO Spital Wetzikon,7,2,,1,,5,https://gd.zh.ch/internet/gesundheitsdirektion/de/themen/coronavirus.html
2020-11-07,14:30,ZH,See-Spital Horgen und Kilchberg,6,2,,2,,2,https://gd.zh.ch/internet/gesundheitsdirektion/de/themen/coronavirus.html
2020-11-07,14:30,ZH,Spital Bülach,7,2,,4,,2,https://gd.zh.ch/internet/gesundheitsdirektion/de/themen/coronavirus.html
2020-11-07,14:30,ZH,Spital Limmattal,8,3,,4,,4,https://gd.zh.ch/internet/gesundheitsdirektion/de/themen/coronavirus.html
2020-11-07,14:30,ZH,Spital Männedorf,7,2,,3,,3,https://gd.zh.ch/internet/gesundheitsdirektion/de/themen/coronavirus.html
2020-11-07,14:30,ZH,Spital Uster,7,2,,2,,3,https://gd.zh.ch/internet/gesundheitsdirektion/de/themen/coronavirus.html
2020-11-07,14:30,ZH,Spital Zollikerberg,6,2,,3,,2,https://gd.zh.ch/internet/gesundheitsdirektion/de/themen/coronavirus.html
2020-11-07,14:30,ZH,Stadtspital Triemli,18,6,,7,,6,https://gd.zh.ch/internet/gesundheitsdirektion/de/themen/coronavirus.html
2020-11-07,14:30,ZH,Stadtspital Waid,8,3,,4,,2,https://gd.zh.ch/internet/gesundheitsdirektion/de/themen/coronavirus.html
2020-11-07,14:30,ZH,Universitätsklinik Balgrist,6,2,,0,,3,https://gd.zh.ch/internet/gesundheitsdirektion/de/themen/coronavirus.html
2020-11-07,14:30,ZH,UniversitätsSpital Zürich,64,20,,16,,39,https://gd.zh.ch/internet/gesundheitsdirektion/de/themen/coronavirus.html
2020-11-08,14:30,ZH,GZO Spital Wetzikon,7,2,,1,,5,https://gd.zh.ch/internet/gesundheitsdirektion/de/themen/coronavirus.html
2020-11-08,14:30,ZH,Hirslanden Klinik Hirslanden,22,7,,7,,6,https://gd.zh.ch/internet/gesundheitsdirektion/de/themen/coronavirus.html
2020-11-08,14:30,ZH,Hirslanden Klinik im Park,6,2,,2,,4,https://gd.zh.ch/internet/gesundheitsdirektion/de/themen/coronavirus.html
2020-11-08,14:30,ZH,Kantonsspital Winterthur,18,6,,7,,6,https://gd.zh.ch/internet/gesundheitsdirektion/de/themen/coronavirus.html
2020-11-08,14:30,ZH,Kinderspital Zürich,25,0,,0,,15,https://gd.zh.ch/internet/gesundheitsdirektion/de/themen/coronavirus.html
2020-11-08,14:30,ZH,See-Spital Horgen und Kilchberg,6,2,,2,,2,https://gd.zh.ch/internet/gesundheitsdirektion/de/themen/coronavirus.html
2020-11-08,14:30,ZH,Spital Bülach,7,2,,4,,2,https://gd.zh.ch/internet/gesundheitsdirektion/de/themen/coronavirus.html
2020-11-08,14:30,ZH,Spital Limmattal,8,3,,5,,3,https://gd.zh.ch/internet/gesundheitsdirektion/de/themen/coronavirus.html
2020-11-08,14:30,ZH,Spital Männedorf,7,2,,2,,1,https://gd.zh.ch/internet/gesundheitsdirektion/de/themen/coronavirus.html
2020-11-08,14:30,ZH,Spital Uster,7,2,,1,,5,https://gd.zh.ch/internet/gesundheitsdirektion/de/themen/coronavirus.html
2020-11-08,14:30,ZH,Spital Zollikerberg,6,2,,3,,1,https://gd.zh.ch/internet/gesundheitsdirektion/de/themen/coronavirus.html
2020-11-08,14:30,ZH,Stadtspital Triemli,18,6,,6,,6,https://gd.zh.ch/internet/gesundheitsdirektion/de/themen/coronavirus.html
2020-11-08,14:30,ZH,Stadtspital Waid,8,3,,3,,3,https://gd.zh.ch/internet/gesundheitsdirektion/de/themen/coronavirus.html
2020-11-08,14:30,ZH,Universitätsklinik Balgrist,6,2,,0,,3,https://gd.zh.ch/internet/gesundheitsdirektion/de/themen/coronavirus.html
2020-11-08,14:30,ZH,UniversitätsSpital Zürich,64,22,,21,,37,https://gd.zh.ch/internet/gesundheitsdirektion/de/themen/coronavirus.html
2020-11-09,14:30,ZH,GZO Spital Wetzikon,7,3,,2,,3,https://gd.zh.ch/internet/gesundheitsdirektion/de/themen/coronavirus.html
2020-11-09,14:30,ZH,Hirslanden Klinik Hirslanden,22,8,,10,,8,https://gd.zh.ch/internet/gesundheitsdirektion/de/themen/coronavirus.html
2020-11-09,14:30,ZH,Hirslanden Klinik im Park,6,2,,1,,5,https://gd.zh.ch/internet/gesundheitsdirektion/de/themen/coronavirus.html
2020-11-09,14:30,ZH,Kantonsspital Winterthur,18,7,,8,,6,https://gd.zh.ch/internet/gesundheitsdirektion/de/themen/coronavirus.html
2020-11-09,14:30,ZH,Kinderspital Zürich,25,0,,0,,18,https://gd.zh.ch/internet/gesundheitsdirektion/de/themen/coronavirus.html
2020-11-09,14:30,ZH,See-Spital Horgen und Kilchberg,6,2,,2,,3,https://gd.zh.ch/internet/gesundheitsdirektion/de/themen/coronavirus.html
2020-11-09,14:30,ZH,Spital Bülach,7,3,,3,,1,https://gd.zh.ch/internet/gesundheitsdirektion/de/themen/coronavirus.html
2020-11-09,14:30,ZH,Spital Limmattal,8,3,,4,,2,https://gd.zh.ch/internet/gesundheitsdirektion/de/themen/coronavirus.html
2020-11-09,14:30,ZH,Spital Männedorf,7,3,,3,,1,https://gd.zh.ch/internet/gesundheitsdirektion/de/themen/coronavirus.html
2020-11-09,14:30,ZH,Spital Uster,7,3,,2,,3,https://gd.zh.ch/internet/gesundheitsdirektion/de/themen/coronavirus.html
2020-11-09,14:30,ZH,Spital Zollikerberg,6,2,,3,,1,https://gd.zh.ch/internet/gesundheitsdirektion/de/themen/coronavirus.html
2020-11-09,14:30,ZH,Stadtspital Triemli,18,7,,6,,6,https://gd.zh.ch/internet/gesundheitsdirektion/de/themen/coronavirus.html
2020-11-09,14:30,ZH,Stadtspital Waid,8,3,,3,,3,https://gd.zh.ch/internet/gesundheitsdirektion/de/themen/coronavirus.html
2020-11-09,14:30,ZH,Universitätsklinik Balgrist,6,2,,0,,4,https://gd.zh.ch/internet/gesundheitsdirektion/de/themen/coronavirus.html
2020-11-09,14:30,ZH,UniversitätsSpital Zürich,64,23,,22,,30,https://gd.zh.ch/internet/gesundheitsdirektion/de/themen/coronavirus.html
2020-11-10,14:30,ZH,GZO Spital Wetzikon,7,2,,3,,3,https://gd.zh.ch/internet/gesundheitsdirektion/de/themen/coronavirus.html
2020-11-10,14:30,ZH,Hirslanden Klinik Hirslanden,22,8,,10,,9,https://gd.zh.ch/internet/gesundheitsdirektion/de/themen/coronavirus.html
2020-11-10,14:30,ZH,Hirslanden Klinik im Park,6,2,,1,,5,https://gd.zh.ch/internet/gesundheitsdirektion/de/themen/coronavirus.html
2020-11-10,14:30,ZH,Kantonsspital Winterthur,18,6,,7,,7,https://gd.zh.ch/internet/gesundheitsdirektion/de/themen/coronavirus.html
2020-11-10,14:30,ZH,Kinderspital Zürich,25,0,,0,,18,https://gd.zh.ch/internet/gesundheitsdirektion/de/themen/coronavirus.html
2020-11-10,14:30,ZH,See-Spital Horgen und Kilchberg,6,2,,1,,3,https://gd.zh.ch/internet/gesundheitsdirektion/de/themen/coronavirus.html
2020-11-10,14:30,ZH,Spital Bülach,7,2,,3,,1,https://gd.zh.ch/internet/gesundheitsdirektion/de/themen/coronavirus.html
2020-11-10,14:30,ZH,Spital Limmattal,8,3,,4,,4,https://gd.zh.ch/internet/gesundheitsdirektion/de/themen/coronavirus.html
2020-11-10,14:30,ZH,Spital Männedorf,7,2,,2,,2,https://gd.zh.ch/internet/gesundheitsdirektion/de/themen/coronavirus.html
2020-11-10,14:30,ZH,Spital Uster,7,2,,3,,2,https://gd.zh.ch/internet/gesundheitsdirektion/de/themen/coronavirus.html
2020-11-10,14:30,ZH,Spital Zollikerberg,6,2,,2,,1,https://gd.zh.ch/internet/gesundheitsdirektion/de/themen/coronavirus.html
2020-11-10,14:30,ZH,Stadtspital Triemli,18,6,,5,,9,https://gd.zh.ch/internet/gesundheitsdirektion/de/themen/coronavirus.html
2020-11-10,14:30,ZH,Stadtspital Waid,8,3,,3,,3,https://gd.zh.ch/internet/gesundheitsdirektion/de/themen/coronavirus.html
2020-11-10,14:30,ZH,Universitätsklinik Balgrist,6,2,,0,,3,https://gd.zh.ch/internet/gesundheitsdirektion/de/themen/coronavirus.html
2020-11-10,14:30,ZH,UniversitätsSpital Zürich,64,22,,21,,37,https://gd.zh.ch/internet/gesundheitsdirektion/de/themen/coronavirus.html
2020-11-11,14:30,ZH,GZO Spital Wetzikon,7,2,,2,,2,https://gd.zh.ch/internet/gesundheitsdirektion/de/themen/coronavirus.html
2020-11-11,14:30,ZH,Hirslanden Klinik Hirslanden,22,8,,10,,9,https://gd.zh.ch/internet/gesundheitsdirektion/de/themen/coronavirus.html
2020-11-11,14:30,ZH,Hirslanden Klinik im Park,6,2,,1,,5,https://gd.zh.ch/internet/gesundheitsdirektion/de/themen/coronavirus.html
2020-11-11,14:30,ZH,Kantonsspital Winterthur,18,6,,10,,6,https://gd.zh.ch/internet/gesundheitsdirektion/de/themen/coronavirus.html
2020-11-11,14:30,ZH,Kinderspital Zürich,25,0,,0,,17,https://gd.zh.ch/internet/gesundheitsdirektion/de/themen/coronavirus.html
2020-11-11,14:30,ZH,See-Spital Horgen und Kilchberg,6,2,,2,,3,https://gd.zh.ch/internet/gesundheitsdirektion/de/themen/coronavirus.html
2020-11-11,14:30,ZH,Spital Bülach,7,2,,4,,0,https://gd.zh.ch/internet/gesundheitsdirektion/de/themen/coronavirus.html
2020-11-11,14:30,ZH,Spital Limmattal,8,3,,4,,4,https://gd.zh.ch/internet/gesundheitsdirektion/de/themen/coronavirus.html
2020-11-11,14:30,ZH,Spital Männedorf,7,2,,3,,1,https://gd.zh.ch/internet/gesundheitsdirektion/de/themen/coronavirus.html
2020-11-11,14:30,ZH,Spital Uster,7,2,,3,,2,https://gd.zh.ch/internet/gesundheitsdirektion/de/themen/coronavirus.html
2020-11-11,14:30,ZH,Spital Zollikerberg,6,2,,3,,1,https://gd.zh.ch/internet/gesundheitsdirektion/de/themen/coronavirus.html
2020-11-11,14:30,ZH,Stadtspital Triemli,18,6,,3,,11,https://gd.zh.ch/internet/gesundheitsdirektion/de/themen/coronavirus.html
2020-11-11,14:30,ZH,Stadtspital Waid,8,3,,3,,3,https://gd.zh.ch/internet/gesundheitsdirektion/de/themen/coronavirus.html
2020-11-11,14:30,ZH,Universitätsklinik Balgrist,6,2,,0,,5,https://gd.zh.ch/internet/gesundheitsdirektion/de/themen/coronavirus.html
2020-11-11,14:30,ZH,UniversitätsSpital Zürich,64,22,,18,,35,https://gd.zh.ch/internet/gesundheitsdirektion/de/themen/coronavirus.html
2020-11-12,14:30,ZH,Hirslanden Klinik Hirslanden,22,8,,9,,10,https://gd.zh.ch/internet/gesundheitsdirektion/de/themen/coronavirus.html
2020-11-12,14:30,ZH,Kantonsspital Winterthur,18,6,,7,,8,https://gd.zh.ch/internet/gesundheitsdirektion/de/themen/coronavirus.html
2020-11-12,14:30,ZH,Kinderspital Zürich,25,0,,0,,18,https://gd.zh.ch/internet/gesundheitsdirektion/de/themen/coronavirus.html
2020-11-12,14:30,ZH,Stadtspital Triemli,18,6,,6,,8,https://gd.zh.ch/internet/gesundheitsdirektion/de/themen/coronavirus.html
2020-11-12,14:30,ZH,UniversitätsSpital Zürich,64,23,,18,,42,https://gd.zh.ch/internet/gesundheitsdirektion/de/themen/coronavirus.html
2020-11-12,14:30,ZH,GZO Spital Wetzikon,7,2,,1,,4,https://gd.zh.ch/internet/gesundheitsdirektion/de/themen/coronavirus.html
2020-11-12,14:30,ZH,Hirslanden Klinik im Park,6,2,,1,,5,https://gd.zh.ch/internet/gesundheitsdirektion/de/themen/coronavirus.html
2020-11-12,14:30,ZH,See-Spital Horgen und Kilchberg,6,2,,3,,1,https://gd.zh.ch/internet/gesundheitsdirektion/de/themen/coronavirus.html
2020-11-12,14:30,ZH,Spital Bülach,7,2,,6,,0,https://gd.zh.ch/internet/gesundheitsdirektion/de/themen/coronavirus.html
2020-11-12,14:30,ZH,Spital Limmattal,8,3,,4,,4,https://gd.zh.ch/internet/gesundheitsdirektion/de/themen/coronavirus.html
2020-11-12,14:30,ZH,Spital Männedorf,7,2,,5,,1,https://gd.zh.ch/internet/gesundheitsdirektion/de/themen/coronavirus.html
2020-11-12,14:30,ZH,Spital Uster,7,2,,2,,2,https://gd.zh.ch/internet/gesundheitsdirektion/de/themen/coronavirus.html
2020-11-12,14:30,ZH,Spital Zollikerberg,6,2,,2,,3,https://gd.zh.ch/internet/gesundheitsdirektion/de/themen/coronavirus.html
2020-11-12,14:30,ZH,Stadtspital Waid,8,3,,3,,3,https://gd.zh.ch/internet/gesundheitsdirektion/de/themen/coronavirus.html
2020-11-12,14:30,ZH,Universitätsklinik Balgrist,6,2,,0,,3,https://gd.zh.ch/internet/gesundheitsdirektion/de/themen/coronavirus.html
2020-11-13,14:30,ZH,Hirslanden Klinik Hirslanden,22,8,,9,,7,https://gd.zh.ch/internet/gesundheitsdirektion/de/themen/coronavirus.html
2020-11-13,14:30,ZH,Kantonsspital Winterthur,18,6,,8,,7,https://gd.zh.ch/internet/gesundheitsdirektion/de/themen/coronavirus.html
2020-11-13,14:30,ZH,Kinderspital Zürich,25,0,,0,,21,https://gd.zh.ch/internet/gesundheitsdirektion/de/themen/coronavirus.html
2020-11-13,14:30,ZH,Stadtspital Triemli,18,6,,5,,9,https://gd.zh.ch/internet/gesundheitsdirektion/de/themen/coronavirus.html
2020-11-13,14:30,ZH,UniversitätsSpital Zürich,64,22,,19,,39,https://gd.zh.ch/internet/gesundheitsdirektion/de/themen/coronavirus.html
2020-11-13,14:30,ZH,GZO Spital Wetzikon,7,2,,1,,5,https://gd.zh.ch/internet/gesundheitsdirektion/de/themen/coronavirus.html
2020-11-13,14:30,ZH,Hirslanden Klinik im Park,6,2,,1,,5,https://gd.zh.ch/internet/gesundheitsdirektion/de/themen/coronavirus.html
2020-11-13,14:30,ZH,See-Spital Horgen und Kilchberg,6,2,,2,,1,https://gd.zh.ch/internet/gesundheitsdirektion/de/themen/coronavirus.html
2020-11-13,14:30,ZH,Spital Bülach,7,2,,6,,0,https://gd.zh.ch/internet/gesundheitsdirektion/de/themen/coronavirus.html
2020-11-13,14:30,ZH,Spital Limmattal,8,3,,5,,3,https://gd.zh.ch/internet/gesundheitsdirektion/de/themen/coronavirus.html
2020-11-13,14:30,ZH,Spital Männedorf,7,2,,4,,0,https://gd.zh.ch/internet/gesundheitsdirektion/de/themen/coronavirus.html
2020-11-13,14:30,ZH,Spital Uster,7,2,,1,,2,https://gd.zh.ch/internet/gesundheitsdirektion/de/themen/coronavirus.html
2020-11-13,14:30,ZH,Spital Zollikerberg,6,2,,2,,3,https://gd.zh.ch/internet/gesundheitsdirektion/de/themen/coronavirus.html
2020-11-13,14:30,ZH,Stadtspital Waid,8,3,,3,,3,https://gd.zh.ch/internet/gesundheitsdirektion/de/themen/coronavirus.html
2020-11-13,14:30,ZH,Universitätsklinik Balgrist,6,2,,0,,4,https://gd.zh.ch/internet/gesundheitsdirektion/de/themen/coronavirus.html
2020-11-14,14:30,ZH,Hirslanden Klinik Hirslanden,22,8,,11,,8,https://gd.zh.ch/internet/gesundheitsdirektion/de/themen/coronavirus.html
2020-11-14,14:30,ZH,Kantonsspital Winterthur,18,7,,8,,5,https://gd.zh.ch/internet/gesundheitsdirektion/de/themen/coronavirus.html
2020-11-14,14:30,ZH,Kinderspital Zürich,25,0,,0,,23,https://gd.zh.ch/internet/gesundheitsdirektion/de/themen/coronavirus.html
2020-11-14,14:30,ZH,Stadtspital Triemli,18,7,,5,,13,https://gd.zh.ch/internet/gesundheitsdirektion/de/themen/coronavirus.html
2020-11-14,14:30,ZH,UniversitätsSpital Zürich,64,25,,23,,39,https://gd.zh.ch/internet/gesundheitsdirektion/de/themen/coronavirus.html
2020-11-14,14:30,ZH,GZO Spital Wetzikon,7,3,,1,,3,https://gd.zh.ch/internet/gesundheitsdirektion/de/themen/coronavirus.html
2020-11-14,14:30,ZH,Hirslanden Klinik im Park,6,2,,1,,5,https://gd.zh.ch/internet/gesundheitsdirektion/de/themen/coronavirus.html
2020-11-14,14:30,ZH,See-Spital Horgen und Kilchberg,6,2,,2,,2,https://gd.zh.ch/internet/gesundheitsdirektion/de/themen/coronavirus.html
2020-11-14,14:30,ZH,Spital Bülach,7,3,,6,,0,https://gd.zh.ch/internet/gesundheitsdirektion/de/themen/coronavirus.html
2020-11-14,14:30,ZH,Spital Limmattal,8,3,,5,,3,https://gd.zh.ch/internet/gesundheitsdirektion/de/themen/coronavirus.html
2020-11-14,14:30,ZH,Spital Männedorf,7,3,,4,,0,https://gd.zh.ch/internet/gesundheitsdirektion/de/themen/coronavirus.html
2020-11-14,14:30,ZH,Spital Uster,7,3,,2,,3,https://gd.zh.ch/internet/gesundheitsdirektion/de/themen/coronavirus.html
2020-11-14,14:30,ZH,Spital Zollikerberg,6,2,,2,,3,https://gd.zh.ch/internet/gesundheitsdirektion/de/themen/coronavirus.html
2020-11-14,14:30,ZH,Stadtspital Waid,8,3,,3,,5,https://gd.zh.ch/internet/gesundheitsdirektion/de/themen/coronavirus.html
2020-11-14,14:30,ZH,Universitätsklinik Balgrist,6,2,,0,,3,https://gd.zh.ch/internet/gesundheitsdirektion/de/themen/coronavirus.html
2020-11-15,14:30,ZH,Hirslanden Klinik Hirslanden,22,9,,11,,8,https://gd.zh.ch/internet/gesundheitsdirektion/de/themen/coronavirus.html
2020-11-15,14:30,ZH,Kantonsspital Winterthur,18,7,,8,,7,https://gd.zh.ch/internet/gesundheitsdirektion/de/themen/coronavirus.html
2020-11-15,14:30,ZH,Kinderspital Zürich,25,0,,1,,16,https://gd.zh.ch/internet/gesundheitsdirektion/de/themen/coronavirus.html
2020-11-15,14:30,ZH,Stadtspital Triemli,18,7,,6,,12,https://gd.zh.ch/internet/gesundheitsdirektion/de/themen/coronavirus.html
2020-11-15,14:30,ZH,UniversitätsSpital Zürich,64,25,,23,,26,https://gd.zh.ch/internet/gesundheitsdirektion/de/themen/coronavirus.html
2020-11-15,14:30,ZH,GZO Spital Wetzikon,7,3,,1,,3,https://gd.zh.ch/internet/gesundheitsdirektion/de/themen/coronavirus.html
2020-11-15,14:30,ZH,Hirslanden Klinik im Park,6,2,,0,,6,https://gd.zh.ch/internet/gesundheitsdirektion/de/themen/coronavirus.html
2020-11-15,14:30,ZH,See-Spital Horgen und Kilchberg,6,2,,2,,4,https://gd.zh.ch/internet/gesundheitsdirektion/de/themen/coronavirus.html
2020-11-15,14:30,ZH,Spital Bülach,7,3,,7,,0,https://gd.zh.ch/internet/gesundheitsdirektion/de/themen/coronavirus.html
2020-11-15,14:30,ZH,Spital Limmattal,8,3,,4,,4,https://gd.zh.ch/internet/gesundheitsdirektion/de/themen/coronavirus.html
2020-11-15,14:30,ZH,Spital Männedorf,7,3,,4,,2,https://gd.zh.ch/internet/gesundheitsdirektion/de/themen/coronavirus.html
2020-11-15,14:30,ZH,Spital Uster,7,3,,3,,2,https://gd.zh.ch/internet/gesundheitsdirektion/de/themen/coronavirus.html
2020-11-15,14:30,ZH,Spital Zollikerberg,6,2,,2,,2,https://gd.zh.ch/internet/gesundheitsdirektion/de/themen/coronavirus.html
2020-11-15,14:30,ZH,Stadtspital Waid,8,3,,3,,5,https://gd.zh.ch/internet/gesundheitsdirektion/de/themen/coronavirus.html
2020-11-15,14:30,ZH,Universitätsklinik Balgrist,6,2,,0,,3,https://gd.zh.ch/internet/gesundheitsdirektion/de/themen/coronavirus.html
2020-11-16,14:30,ZH,Hirslanden Klinik Hirslanden,22,8,,10,,12,https://gd.zh.ch/internet/gesundheitsdirektion/de/themen/coronavirus.html
2020-11-16,14:30,ZH,Kantonsspital Winterthur,18,7,,7,,6,https://gd.zh.ch/internet/gesundheitsdirektion/de/themen/coronavirus.html
2020-11-16,14:30,ZH,Kinderspital Zürich,25,0,,0,,19,https://gd.zh.ch/internet/gesundheitsdirektion/de/themen/coronavirus.html
2020-11-16,14:30,ZH,Stadtspital Triemli,18,7,,5,,12,https://gd.zh.ch/internet/gesundheitsdirektion/de/themen/coronavirus.html
2020-11-16,14:30,ZH,UniversitätsSpital Zürich,64,23,,23,,35,https://gd.zh.ch/internet/gesundheitsdirektion/de/themen/coronavirus.html
2020-11-16,14:30,ZH,GZO Spital Wetzikon,7,3,,1,,4,https://gd.zh.ch/internet/gesundheitsdirektion/de/themen/coronavirus.html
2020-11-16,14:30,ZH,Hirslanden Klinik im Park,6,2,,0,,6,https://gd.zh.ch/internet/gesundheitsdirektion/de/themen/coronavirus.html
2020-11-16,14:30,ZH,See-Spital Horgen und Kilchberg,6,2,,2,,4,https://gd.zh.ch/internet/gesundheitsdirektion/de/themen/coronavirus.html
2020-11-16,14:30,ZH,Spital Bülach,7,3,,6,,0,https://gd.zh.ch/internet/gesundheitsdirektion/de/themen/coronavirus.html
2020-11-16,14:30,ZH,Spital Limmattal,8,3,,4,,2,https://gd.zh.ch/internet/gesundheitsdirektion/de/themen/coronavirus.html
2020-11-16,14:30,ZH,Spital Männedorf,7,3,,3,,1,https://gd.zh.ch/internet/gesundheitsdirektion/de/themen/coronavirus.html
2020-11-16,14:30,ZH,Spital Uster,7,3,,3,,3,https://gd.zh.ch/internet/gesundheitsdirektion/de/themen/coronavirus.html
2020-11-16,14:30,ZH,Spital Zollikerberg,6,2,,2,,2,https://gd.zh.ch/internet/gesundheitsdirektion/de/themen/coronavirus.html
2020-11-16,14:30,ZH,Stadtspital Waid,8,3,,3,,5,https://gd.zh.ch/internet/gesundheitsdirektion/de/themen/coronavirus.html
2020-11-16,14:30,ZH,Universitätsklinik Balgrist,6,2,,0,,3,https://gd.zh.ch/internet/gesundheitsdirektion/de/themen/coronavirus.html
2020-11-17,14:30,ZH,Hirslanden Klinik Hirslanden,22,8,,8,,14,https://gd.zh.ch/internet/gesundheitsdirektion/de/themen/coronavirus.html
2020-11-17,14:30,ZH,Kantonsspital Winterthur,18,7,,7,,7,https://gd.zh.ch/internet/gesundheitsdirektion/de/themen/coronavirus.html
2020-11-17,14:30,ZH,Kinderspital Zürich,25,0,,0,,21,https://gd.zh.ch/internet/gesundheitsdirektion/de/themen/coronavirus.html
2020-11-17,14:30,ZH,Stadtspital Triemli,18,7,,5,,13,https://gd.zh.ch/internet/gesundheitsdirektion/de/themen/coronavirus.html
2020-11-17,14:30,ZH,UniversitätsSpital Zürich,64,23,,24,,31,https://gd.zh.ch/internet/gesundheitsdirektion/de/themen/coronavirus.html
2020-11-17,14:30,ZH,GZO Spital Wetzikon,7,3,,2,,5,https://gd.zh.ch/internet/gesundheitsdirektion/de/themen/coronavirus.html
2020-11-17,14:30,ZH,Hirslanden Klinik im Park,6,2,,1,,5,https://gd.zh.ch/internet/gesundheitsdirektion/de/themen/coronavirus.html
2020-11-17,14:30,ZH,See-Spital Horgen und Kilchberg,6,2,,2,,3,https://gd.zh.ch/internet/gesundheitsdirektion/de/themen/coronavirus.html
2020-11-17,14:30,ZH,Spital Bülach,7,3,,6,,0,https://gd.zh.ch/internet/gesundheitsdirektion/de/themen/coronavirus.html
2020-11-17,14:30,ZH,Spital Limmattal,8,3,,4,,4,https://gd.zh.ch/internet/gesundheitsdirektion/de/themen/coronavirus.html
2020-11-17,14:30,ZH,Spital Männedorf,7,3,,2,,1,https://gd.zh.ch/internet/gesundheitsdirektion/de/themen/coronavirus.html
2020-11-17,14:30,ZH,Spital Uster,7,3,,3,,4,https://gd.zh.ch/internet/gesundheitsdirektion/de/themen/coronavirus.html
2020-11-17,14:30,ZH,Spital Zollikerberg,6,2,,2,,2,https://gd.zh.ch/internet/gesundheitsdirektion/de/themen/coronavirus.html
2020-11-17,14:30,ZH,Stadtspital Waid,8,3,,3,,5,https://gd.zh.ch/internet/gesundheitsdirektion/de/themen/coronavirus.html
2020-11-17,14:30,ZH,Universitätsklinik Balgrist,6,2,,0,,3,https://gd.zh.ch/internet/gesundheitsdirektion/de/themen/coronavirus.html
2020-11-18,14:30,ZH,Hirslanden Klinik Hirslanden,22,8,,7,,15,https://gd.zh.ch/internet/gesundheitsdirektion/de/themen/coronavirus.html
2020-11-18,14:30,ZH,Kantonsspital Winterthur,18,7,,6,,6,https://gd.zh.ch/internet/gesundheitsdirektion/de/themen/coronavirus.html
2020-11-18,14:30,ZH,Kinderspital Zürich,25,0,,0,,20,https://gd.zh.ch/internet/gesundheitsdirektion/de/themen/coronavirus.html
2020-11-18,14:30,ZH,Stadtspital Triemli,18,7,,5,,13,https://gd.zh.ch/internet/gesundheitsdirektion/de/themen/coronavirus.html
2020-11-18,14:30,ZH,UniversitätsSpital Zürich,64,23,,25,,33,https://gd.zh.ch/internet/gesundheitsdirektion/de/themen/coronavirus.html
2020-11-18,14:30,ZH,GZO Spital Wetzikon,7,3,,2,,5,https://gd.zh.ch/internet/gesundheitsdirektion/de/themen/coronavirus.html
2020-11-18,14:30,ZH,Hirslanden Klinik im Park,6,2,,1,,5,https://gd.zh.ch/internet/gesundheitsdirektion/de/themen/coronavirus.html
2020-11-18,14:30,ZH,See-Spital Horgen und Kilchberg,6,2,,2,,2,https://gd.zh.ch/internet/gesundheitsdirektion/de/themen/coronavirus.html
2020-11-18,14:30,ZH,Spital Bülach,7,3,,6,,0,https://gd.zh.ch/internet/gesundheitsdirektion/de/themen/coronavirus.html
2020-11-18,14:30,ZH,Spital Limmattal,8,3,,4,,3,https://gd.zh.ch/internet/gesundheitsdirektion/de/themen/coronavirus.html
2020-11-18,14:30,ZH,Spital Männedorf,7,3,,3,,0,https://gd.zh.ch/internet/gesundheitsdirektion/de/themen/coronavirus.html
2020-11-18,14:30,ZH,Spital Uster,7,3,,3,,4,https://gd.zh.ch/internet/gesundheitsdirektion/de/themen/coronavirus.html
2020-11-18,14:30,ZH,Spital Zollikerberg,6,2,,2,,3,https://gd.zh.ch/internet/gesundheitsdirektion/de/themen/coronavirus.html
2020-11-18,14:30,ZH,Stadtspital Waid,8,3,,3,,5,https://gd.zh.ch/internet/gesundheitsdirektion/de/themen/coronavirus.html
2020-11-18,14:30,ZH,Universitätsklinik Balgrist,6,2,,0,,3,https://gd.zh.ch/internet/gesundheitsdirektion/de/themen/coronavirus.html
2020-11-19,14:30,ZH,Hirslanden Klinik Hirslanden,22,8,,8,,10,https://gd.zh.ch/internet/gesundheitsdirektion/de/themen/coronavirus.html
2020-11-19,14:30,ZH,Kantonsspital Winterthur,18,6,,7,,8,https://gd.zh.ch/internet/gesundheitsdirektion/de/themen/coronavirus.html
2020-11-19,14:30,ZH,Kinderspital Zürich,25,0,,0,,19,https://gd.zh.ch/internet/gesundheitsdirektion/de/themen/coronavirus.html
2020-11-19,14:30,ZH,Stadtspital Triemli,18,6,,5,,13,https://gd.zh.ch/internet/gesundheitsdirektion/de/themen/coronavirus.html
2020-11-19,14:30,ZH,UniversitätsSpital Zürich,64,22,,22,,36,https://gd.zh.ch/internet/gesundheitsdirektion/de/themen/coronavirus.html
2020-11-19,14:30,ZH,GZO Spital Wetzikon,7,2,,2,,5,https://gd.zh.ch/internet/gesundheitsdirektion/de/themen/coronavirus.html
2020-11-19,14:30,ZH,Hirslanden Klinik im Park,6,2,,0,,6,https://gd.zh.ch/internet/gesundheitsdirektion/de/themen/coronavirus.html
2020-11-19,14:30,ZH,See-Spital Horgen und Kilchberg,6,2,,2,,2,https://gd.zh.ch/internet/gesundheitsdirektion/de/themen/coronavirus.html
2020-11-19,14:30,ZH,Spital Bülach,7,2,,7,,1,https://gd.zh.ch/internet/gesundheitsdirektion/de/themen/coronavirus.html
2020-11-19,14:30,ZH,Spital Limmattal,8,3,,4,,4,https://gd.zh.ch/internet/gesundheitsdirektion/de/themen/coronavirus.html
2020-11-19,14:30,ZH,Spital Männedorf,7,2,,1,,2,https://gd.zh.ch/internet/gesundheitsdirektion/de/themen/coronavirus.html
2020-11-19,14:30,ZH,Spital Uster,7,2,,2,,3,https://gd.zh.ch/internet/gesundheitsdirektion/de/themen/coronavirus.html
2020-11-19,14:30,ZH,Spital Zollikerberg,6,2,,2,,4,https://gd.zh.ch/internet/gesundheitsdirektion/de/themen/coronavirus.html
2020-11-19,14:30,ZH,Stadtspital Waid,8,3,,3,,5,https://gd.zh.ch/internet/gesundheitsdirektion/de/themen/coronavirus.html
2020-11-19,14:30,ZH,Universitätsklinik Balgrist,6,2,,0,,4,https://gd.zh.ch/internet/gesundheitsdirektion/de/themen/coronavirus.html
2020-11-20,14:30,ZH,Hirslanden Klinik Hirslanden,22,8,,8,,10,https://gd.zh.ch/internet/gesundheitsdirektion/de/themen/coronavirus.html
2020-11-20,14:30,ZH,Kantonsspital Winterthur,18,7,,8,,7,https://gd.zh.ch/internet/gesundheitsdirektion/de/themen/coronavirus.html
2020-11-20,14:30,ZH,Kinderspital Zürich,25,0,,0,,21,https://gd.zh.ch/internet/gesundheitsdirektion/de/themen/coronavirus.html
2020-11-20,14:30,ZH,Stadtspital Triemli,18,7,,7,,9,https://gd.zh.ch/internet/gesundheitsdirektion/de/themen/coronavirus.html
2020-11-20,14:30,ZH,UniversitätsSpital Zürich,64,24,,22,,32,https://gd.zh.ch/internet/gesundheitsdirektion/de/themen/coronavirus.html
2020-11-20,14:30,ZH,GZO Spital Wetzikon,7,3,,3,,4,https://gd.zh.ch/internet/gesundheitsdirektion/de/themen/coronavirus.html
2020-11-20,14:30,ZH,Hirslanden Klinik im Park,6,2,,1,,5,https://gd.zh.ch/internet/gesundheitsdirektion/de/themen/coronavirus.html
2020-11-20,14:30,ZH,See-Spital Horgen und Kilchberg,6,2,,2,,4,https://gd.zh.ch/internet/gesundheitsdirektion/de/themen/coronavirus.html
2020-11-20,14:30,ZH,Spital Bülach,7,3,,7,,0,https://gd.zh.ch/internet/gesundheitsdirektion/de/themen/coronavirus.html
2020-11-20,14:30,ZH,Spital Limmattal,8,3,,4,,4,https://gd.zh.ch/internet/gesundheitsdirektion/de/themen/coronavirus.html
2020-11-20,14:30,ZH,Spital Männedorf,7,3,,1,,4,https://gd.zh.ch/internet/gesundheitsdirektion/de/themen/coronavirus.html
2020-11-20,14:30,ZH,Spital Uster,7,3,,3,,3,https://gd.zh.ch/internet/gesundheitsdirektion/de/themen/coronavirus.html
2020-11-20,14:30,ZH,Spital Zollikerberg,6,2,,1,,3,https://gd.zh.ch/internet/gesundheitsdirektion/de/themen/coronavirus.html
2020-11-20,14:30,ZH,Stadtspital Waid,8,3,,3,,4,https://gd.zh.ch/internet/gesundheitsdirektion/de/themen/coronavirus.html
2020-11-20,14:30,ZH,Universitätsklinik Balgrist,6,2,,0,,2,https://gd.zh.ch/internet/gesundheitsdirektion/de/themen/coronavirus.html
2020-11-21,14:30,ZH,Hirslanden Klinik Hirslanden,22,8,,11,,8,https://gd.zh.ch/internet/gesundheitsdirektion/de/themen/coronavirus.html
2020-11-21,14:30,ZH,Kantonsspital Winterthur,18,7,,5,,7,https://gd.zh.ch/internet/gesundheitsdirektion/de/themen/coronavirus.html
2020-11-21,14:30,ZH,Kinderspital Zürich,25,0,,0,,17,https://gd.zh.ch/internet/gesundheitsdirektion/de/themen/coronavirus.html
2020-11-21,14:30,ZH,Stadtspital Triemli,18,7,,5,,10,https://gd.zh.ch/internet/gesundheitsdirektion/de/themen/coronavirus.html
2020-11-21,14:30,ZH,UniversitätsSpital Zürich,64,24,,27,,33,https://gd.zh.ch/internet/gesundheitsdirektion/de/themen/coronavirus.html
2020-11-21,14:30,ZH,GZO Spital Wetzikon,7,3,,3,,3,https://gd.zh.ch/internet/gesundheitsdirektion/de/themen/coronavirus.html
2020-11-21,14:30,ZH,Hirslanden Klinik im Park,6,2,,1,,5,https://gd.zh.ch/internet/gesundheitsdirektion/de/themen/coronavirus.html
2020-11-21,14:30,ZH,See-Spital Horgen und Kilchberg,6,2,,2,,4,https://gd.zh.ch/internet/gesundheitsdirektion/de/themen/coronavirus.html
2020-11-21,14:30,ZH,Spital Bülach,7,3,,7,,0,https://gd.zh.ch/internet/gesundheitsdirektion/de/themen/coronavirus.html
2020-11-21,14:30,ZH,Spital Limmattal,8,3,,3,,5,https://gd.zh.ch/internet/gesundheitsdirektion/de/themen/coronavirus.html
2020-11-21,14:30,ZH,Spital Männedorf,7,3,,0,,5,https://gd.zh.ch/internet/gesundheitsdirektion/de/themen/coronavirus.html
2020-11-21,14:30,ZH,Spital Uster,7,3,,4,,2,https://gd.zh.ch/internet/gesundheitsdirektion/de/themen/coronavirus.html
2020-11-21,14:30,ZH,Spital Zollikerberg,6,2,,1,,4,https://gd.zh.ch/internet/gesundheitsdirektion/de/themen/coronavirus.html
2020-11-21,14:30,ZH,Stadtspital Waid,8,3,,3,,3,https://gd.zh.ch/internet/gesundheitsdirektion/de/themen/coronavirus.html
2020-11-21,14:30,ZH,Universitätsklinik Balgrist,6,2,,0,,2,https://gd.zh.ch/internet/gesundheitsdirektion/de/themen/coronavirus.html
2020-11-22,14:30,ZH,Hirslanden Klinik Hirslanden,22,8,,11,,8,https://gd.zh.ch/internet/gesundheitsdirektion/de/themen/coronavirus.html
2020-11-22,14:30,ZH,Kantonsspital Winterthur,18,7,,5,,6,https://gd.zh.ch/internet/gesundheitsdirektion/de/themen/coronavirus.html
2020-11-22,14:30,ZH,Kinderspital Zürich,25,0,,0,,16,https://gd.zh.ch/internet/gesundheitsdirektion/de/themen/coronavirus.html
2020-11-22,14:30,ZH,Stadtspital Triemli,18,7,,6,,9,https://gd.zh.ch/internet/gesundheitsdirektion/de/themen/coronavirus.html
2020-11-22,14:30,ZH,UniversitätsSpital Zürich,64,24,,26,,32,https://gd.zh.ch/internet/gesundheitsdirektion/de/themen/coronavirus.html
2020-11-22,14:30,ZH,GZO Spital Wetzikon,7,3,,3,,3,https://gd.zh.ch/internet/gesundheitsdirektion/de/themen/coronavirus.html
2020-11-22,14:30,ZH,Hirslanden Klinik im Park,6,2,,1,,4,https://gd.zh.ch/internet/gesundheitsdirektion/de/themen/coronavirus.html
2020-11-22,14:30,ZH,See-Spital Horgen und Kilchberg,6,2,,2,,4,https://gd.zh.ch/internet/gesundheitsdirektion/de/themen/coronavirus.html
2020-11-22,14:30,ZH,Spital Bülach,7,3,,6,,0,https://gd.zh.ch/internet/gesundheitsdirektion/de/themen/coronavirus.html
2020-11-22,14:30,ZH,Spital Limmattal,8,3,,3,,5,https://gd.zh.ch/internet/gesundheitsdirektion/de/themen/coronavirus.html
2020-11-22,14:30,ZH,Spital Männedorf,7,3,,1,,5,https://gd.zh.ch/internet/gesundheitsdirektion/de/themen/coronavirus.html
2020-11-22,14:30,ZH,Spital Uster,7,3,,3,,3,https://gd.zh.ch/internet/gesundheitsdirektion/de/themen/coronavirus.html
2020-11-22,14:30,ZH,Spital Zollikerberg,6,2,,2,,2,https://gd.zh.ch/internet/gesundheitsdirektion/de/themen/coronavirus.html
2020-11-22,14:30,ZH,Stadtspital Waid,8,3,,3,,3,https://gd.zh.ch/internet/gesundheitsdirektion/de/themen/coronavirus.html
2020-11-22,14:30,ZH,Universitätsklinik Balgrist,6,2,,0,,3,https://gd.zh.ch/internet/gesundheitsdirektion/de/themen/coronavirus.html
2020-11-23,14:30,ZH,Hirslanden Klinik Hirslanden,22,8,,10,,9,https://gd.zh.ch/internet/gesundheitsdirektion/de/themen/coronavirus.html
2020-11-23,14:30,ZH,Kantonsspital Winterthur,18,6,,6,,6,https://gd.zh.ch/internet/gesundheitsdirektion/de/themen/coronavirus.html
2020-11-23,14:30,ZH,Kinderspital Zürich,25,0,,0,,18,https://gd.zh.ch/internet/gesundheitsdirektion/de/themen/coronavirus.html
2020-11-23,14:30,ZH,Stadtspital Triemli,18,6,,5,,11,https://gd.zh.ch/internet/gesundheitsdirektion/de/themen/coronavirus.html
2020-11-23,14:30,ZH,UniversitätsSpital Zürich,64,23,,24,,33,https://gd.zh.ch/internet/gesundheitsdirektion/de/themen/coronavirus.html
2020-11-23,14:30,ZH,GZO Spital Wetzikon,7,3,,3,,3,https://gd.zh.ch/internet/gesundheitsdirektion/de/themen/coronavirus.html
2020-11-23,14:30,ZH,Hirslanden Klinik im Park,6,2,,1,,5,https://gd.zh.ch/internet/gesundheitsdirektion/de/themen/coronavirus.html
2020-11-23,14:30,ZH,See-Spital Horgen und Kilchberg,6,2,,1,,4,https://gd.zh.ch/internet/gesundheitsdirektion/de/themen/coronavirus.html
2020-11-23,14:30,ZH,Spital Bülach,7,3,,5,,0,https://gd.zh.ch/internet/gesundheitsdirektion/de/themen/coronavirus.html
2020-11-23,14:30,ZH,Spital Limmattal,8,3,,3,,4,https://gd.zh.ch/internet/gesundheitsdirektion/de/themen/coronavirus.html
2020-11-23,14:30,ZH,Spital Männedorf,7,3,,1,,4,https://gd.zh.ch/internet/gesundheitsdirektion/de/themen/coronavirus.html
2020-11-23,14:30,ZH,Spital Uster,7,3,,3,,2,https://gd.zh.ch/internet/gesundheitsdirektion/de/themen/coronavirus.html
2020-11-23,14:30,ZH,Spital Zollikerberg,6,2,,3,,3,https://gd.zh.ch/internet/gesundheitsdirektion/de/themen/coronavirus.html
2020-11-23,14:30,ZH,Stadtspital Waid,8,3,,3,,2,https://gd.zh.ch/internet/gesundheitsdirektion/de/themen/coronavirus.html
2020-11-23,14:30,ZH,Universitätsklinik Balgrist,6,2,,0,,3,https://gd.zh.ch/internet/gesundheitsdirektion/de/themen/coronavirus.html
2020-11-24,14:30,ZH,Hirslanden Klinik Hirslanden,22,8,,9,,9,https://gd.zh.ch/internet/gesundheitsdirektion/de/themen/coronavirus.html
2020-11-24,14:30,ZH,Kantonsspital Winterthur,18,7,,9,,7,https://gd.zh.ch/internet/gesundheitsdirektion/de/themen/coronavirus.html
2020-11-24,14:30,ZH,Kinderspital Zürich,25,0,,0,,21,https://gd.zh.ch/internet/gesundheitsdirektion/de/themen/coronavirus.html
2020-11-24,14:30,ZH,Stadtspital Triemli,18,7,,3,,12,https://gd.zh.ch/internet/gesundheitsdirektion/de/themen/coronavirus.html
2020-11-24,14:30,ZH,UniversitätsSpital Zürich,64,25,,28,,34,https://gd.zh.ch/internet/gesundheitsdirektion/de/themen/coronavirus.html
2020-11-24,14:30,ZH,GZO Spital Wetzikon,7,3,,4,,1,https://gd.zh.ch/internet/gesundheitsdirektion/de/themen/coronavirus.html
2020-11-24,14:30,ZH,Hirslanden Klinik im Park,6,2,,0,,6,https://gd.zh.ch/internet/gesundheitsdirektion/de/themen/coronavirus.html
2020-11-24,14:30,ZH,See-Spital Horgen und Kilchberg,6,2,,1,,4,https://gd.zh.ch/internet/gesundheitsdirektion/de/themen/coronavirus.html
2020-11-24,14:30,ZH,Spital Bülach,7,3,,4,,2,https://gd.zh.ch/internet/gesundheitsdirektion/de/themen/coronavirus.html
2020-11-24,14:30,ZH,Spital Limmattal,8,3,,3,,5,https://gd.zh.ch/internet/gesundheitsdirektion/de/themen/coronavirus.html
2020-11-24,14:30,ZH,Spital Männedorf,7,3,,2,,2,https://gd.zh.ch/internet/gesundheitsdirektion/de/themen/coronavirus.html
2020-11-24,14:30,ZH,Spital Uster,7,3,,5,,2,https://gd.zh.ch/internet/gesundheitsdirektion/de/themen/coronavirus.html
2020-11-24,14:30,ZH,Spital Zollikerberg,6,2,,2,,4,https://gd.zh.ch/internet/gesundheitsdirektion/de/themen/coronavirus.html
2020-11-24,14:30,ZH,Stadtspital Waid,8,3,,3,,2,https://gd.zh.ch/internet/gesundheitsdirektion/de/themen/coronavirus.html
2020-11-24,14:30,ZH,Universitätsklinik Balgrist,6,2,,0,,3,https://gd.zh.ch/internet/gesundheitsdirektion/de/themen/coronavirus.html
2020-11-25,14:30,ZH,Hirslanden Klinik Hirslanden,22,8,,9,,9,https://gd.zh.ch/internet/gesundheitsdirektion/de/themen/coronavirus.html
2020-11-25,14:30,ZH,Kantonsspital Winterthur,18,6,,8,,8,https://gd.zh.ch/internet/gesundheitsdirektion/de/themen/coronavirus.html
2020-11-25,14:30,ZH,Kinderspital Zürich,25,0,,0,,21,https://gd.zh.ch/internet/gesundheitsdirektion/de/themen/coronavirus.html
2020-11-25,14:30,ZH,Stadtspital Triemli,18,6,,6,,10,https://gd.zh.ch/internet/gesundheitsdirektion/de/themen/coronavirus.html
2020-11-25,14:30,ZH,UniversitätsSpital Zürich,64,23,,24,,36,https://gd.zh.ch/internet/gesundheitsdirektion/de/themen/coronavirus.html
2020-11-25,14:30,ZH,GZO Spital Wetzikon,7,3,,4,,2,https://gd.zh.ch/internet/gesundheitsdirektion/de/themen/coronavirus.html
2020-11-25,14:30,ZH,Hirslanden Klinik im Park,6,2,,0,,6,https://gd.zh.ch/internet/gesundheitsdirektion/de/themen/coronavirus.html
2020-11-25,14:30,ZH,See-Spital Horgen und Kilchberg,6,2,,1,,5,https://gd.zh.ch/internet/gesundheitsdirektion/de/themen/coronavirus.html
2020-11-25,14:30,ZH,Spital Bülach,7,3,,4,,2,https://gd.zh.ch/internet/gesundheitsdirektion/de/themen/coronavirus.html
2020-11-25,14:30,ZH,Spital Limmattal,8,3,,2,,6,https://gd.zh.ch/internet/gesundheitsdirektion/de/themen/coronavirus.html
2020-11-25,14:30,ZH,Spital Männedorf,7,3,,1,,4,https://gd.zh.ch/internet/gesundheitsdirektion/de/themen/coronavirus.html
2020-11-25,14:30,ZH,Spital Uster,7,3,,4,,1,https://gd.zh.ch/internet/gesundheitsdirektion/de/themen/coronavirus.html
2020-11-25,14:30,ZH,Spital Zollikerberg,6,2,,2,,2,https://gd.zh.ch/internet/gesundheitsdirektion/de/themen/coronavirus.html
2020-11-25,14:30,ZH,Stadtspital Waid,8,3,,3,,2,https://gd.zh.ch/internet/gesundheitsdirektion/de/themen/coronavirus.html
2020-11-25,14:30,ZH,Universitätsklinik Balgrist,6,2,,0,,4,https://gd.zh.ch/internet/gesundheitsdirektion/de/themen/coronavirus.html
2020-11-26,14:30,ZH,Hirslanden Klinik Hirslanden,22,8,,10,,10,https://gd.zh.ch/internet/gesundheitsdirektion/de/themen/coronavirus.html
2020-11-26,14:30,ZH,Kantonsspital Winterthur,18,7,,7,,10,https://gd.zh.ch/internet/gesundheitsdirektion/de/themen/coronavirus.html
2020-11-26,14:30,ZH,Kinderspital Zürich,25,0,,0,,22,https://gd.zh.ch/internet/gesundheitsdirektion/de/themen/coronavirus.html
2020-11-26,14:30,ZH,Stadtspital Triemli,18,7,,4,,12,https://gd.zh.ch/internet/gesundheitsdirektion/de/themen/coronavirus.html
2020-11-26,14:30,ZH,UniversitätsSpital Zürich,64,25,,27,,36,https://gd.zh.ch/internet/gesundheitsdirektion/de/themen/coronavirus.html
2020-11-26,14:30,ZH,GZO Spital Wetzikon,7,3,,4,,3,https://gd.zh.ch/internet/gesundheitsdirektion/de/themen/coronavirus.html
2020-11-26,14:30,ZH,Hirslanden Klinik im Park,6,2,,0,,6,https://gd.zh.ch/internet/gesundheitsdirektion/de/themen/coronavirus.html
2020-11-26,14:30,ZH,See-Spital Horgen und Kilchberg,6,2,,1,,4,https://gd.zh.ch/internet/gesundheitsdirektion/de/themen/coronavirus.html
2020-11-26,14:30,ZH,Spital Bülach,7,3,,4,,1,https://gd.zh.ch/internet/gesundheitsdirektion/de/themen/coronavirus.html
2020-11-26,14:30,ZH,Spital Limmattal,8,3,,2,,6,https://gd.zh.ch/internet/gesundheitsdirektion/de/themen/coronavirus.html
2020-11-26,14:30,ZH,Spital Männedorf,7,3,,4,,3,https://gd.zh.ch/internet/gesundheitsdirektion/de/themen/coronavirus.html
2020-11-26,14:30,ZH,Spital Uster,7,3,,4,,1,https://gd.zh.ch/internet/gesundheitsdirektion/de/themen/coronavirus.html
2020-11-26,14:30,ZH,Spital Zollikerberg,6,2,,3,,2,https://gd.zh.ch/internet/gesundheitsdirektion/de/themen/coronavirus.html
2020-11-26,14:30,ZH,Stadtspital Waid,8,3,,3,,2,https://gd.zh.ch/internet/gesundheitsdirektion/de/themen/coronavirus.html
2020-11-26,14:30,ZH,Universitätsklinik Balgrist,6,2,,0,,1,https://gd.zh.ch/internet/gesundheitsdirektion/de/themen/coronavirus.html
