date,time,abbreviation_canton_and_fl,ncumul_tested,ncumul_conf,new_hosp,current_hosp,current_icu,current_vent,ncumul_released,ncumul_deceased,source,current_isolated,current_quarantined,ncumul_confirmed_non_resident,current_hosp_non_resident,current_quarantined_riskareatravel,current_quarantined_total,current_hosp_resident
2020-02-27,19:17,BS,,1,,3,0,,,,https://www.coronavirus.bs.ch/nm/2020-coronavirus-erster-positiver-fall-in-basel-stadt-zweiter-positiv-getesteter-ausserkantonaler-fall-gd.html,,,1,1,,,2
2020-02-28,10:15,BS,,1,,3,0,,,,https://twitter.com/BR_Sprecher/status/1233316679863631873?s=20,,,1,1,,,2
2020-02-29,15:23,BS,,1,,4,0,,,,https://twitter.com/BAG_OFSP_UFSP/status/1233759578241863681?s=20,,,1,2,,,2
2020-03-01,17:29,BS,,1,,4,0,,,,https://www.coronavirus.bs.ch/nm/2020-coronavirus-anzahl-der-getesteten-faelle-und-zwischenstand-kita-riehen-gd.html,,,1,2,,,2
2020-03-02,17:15,BS,235,1,,7,0,,,,https://www.coronavirus.bs.ch/nm/2020-coronavirus-zwei-neue-positive-faelle-in-basel-stadt-gd.html,,,3,3,,,4
2020-03-03,17:30,BS,,3,,9,1,,,,https://twitter.com/BAG_OFSP_UFSP/status/1234880556095213569?s=20,,,3,3,,,6
2020-03-04,17:20,BS,,3,,11,2,,,,https://twitter.com/BAG_OFSP_UFSP/status/1235240377134862336?s=20,,,3,4,,,7
2020-03-05,17:15,BS,,8,,12,1,,,,https://www.coronavirus.bs.ch/nm/2020-coronavirus-fuenf-neue-positive-faelle-in-basel-stadt-gd.html,,,3,4,,,8
2020-03-06,14:00,BS,,15,,12,1,,,,https://twitter.com/BAG_OFSP_UFSP/status/1235934884167852035?s=20,,,3,3,,,9
2020-03-07,12:00,BS,,21,,12,1,,,,https://twitter.com/BAG_OFSP_UFSP/status/1236249864473894914?s=20,,,3,3,,,9
2020-03-08,12:00,BS,,24,,13,1,,,,https://twitter.com/BAG_OFSP_UFSP/status/1236609191831384064?s=20,,,3,4,,,9
2020-03-09,12:00,BS,,28,,19,1,,,,https://twitter.com/BAG_OFSP_UFSP/status/1236973685602426881?s=20,,,3,6,,,13
2020-03-10,12:00,BS,,33,,28,3,,,,https://twitter.com/BAG_OFSP_UFSP/status/1237336196772175873?s=20,,,3,9,,,19
2020-03-11,12:00,BS,,49,,33,3,,4,,https://www.coronavirus.bs.ch/nm/2020-coronavirus-ende-der-quarantaenemassnahmen-im-fall-kita-riehen-gd.html,36,,3,9,,,24
2020-03-12,12:00,BS,,73,,36,3,,4,1,https://twitter.com/BAG_OFSP_UFSP/status/1238073089902235648?s=20 https://www.coronavirus.bs.ch/nm/2020-coronavirus-erster-todesfall-im-kanton-basel-stadt-gd.html,,,3,10,,,26
2020-03-13,12:30,BS,,92,,37,5,,4,1,https://twitter.com/BAG_OFSP_UFSP/status/1238430659762364417?s=20,,,3,10,,,27
2020-03-14,11:27,BS,,100,,40,6,,4,1,https://twitter.com/BAG_OFSP_UFSP/status/1238773726423941127?s=20,,,3,10,,,30
2020-03-15,12:00,BS,,,,42,7,,,,,,,,11,,,31
2020-03-16,12:00,BS,,143,,47,6,,4,4,https://www.coronavirus.bs.ch/nm/2020-tagesbulletin-coronavirus-144-bestaetigte-faelle-im-kanton-basel-stadt-gd.html,,,122,13,,,34
2020-03-17,12:00,BS,,164,,52,7,,25,4,https://www.coronavirus.bs.ch/nm/2020-tagesbulletin-coronavirus-165-bestaetigte-faelle-im-kanton-basel-stadt-gd.html,,,141,13,,,39
2020-03-18,11:15,BS,,181,,55,5,,36,4,https://www.coronavirus.bs.ch/nm/2020-tagesbulletin-coronavirus-182-bestaetigte-faelle-im-kanton-basel-stadt-treffen-mit-allen-spitaelern-gd.html,,,160,15,,,40
2020-03-19,11:00,BS,,220,,52,7,,44,4,https://www.coronavirus.bs.ch/nm/2020-tagesbulletin-coronavirus-222-bestaetigte-faelle-basel-stadt-trifft-gemeinsam-mit-den-spitaelern-vorkehrungen-fuer-intensiv--und-beatmungskapazitaeten-gd.html,,,195,14,,,38
2020-03-20,10:00,BS,,270,,52,6,,46,4,https://www.coronavirus.bs.ch/nm/2020-tagesbulletin-coronavirus-272-bestaetigte-faelle-im-kanton-basel-stadt-gd.html,,,227,14,,,38
2020-03-21,10:00,BS,,297,,66,7,,57,5,https://www.coronavirus.bs.ch/nm/2020-tagesbulletin-coronavirus-299-bestaetigte-faelle-im-kanton-basel-stadt-gd.html,,,237,19,,,47
2020-03-22,10:30,BS,,356,,69,7,,73,5,https://www.coronavirus.bs.ch/nm/2020-tagesbulletin-coronavirus-358-bestaetigte-faelle-im-kanton-basel-stadt-gd.html,,,259,21,,,48
2020-03-23,10:00,BS,,374,,77,7,,78,5,https://www.coronavirus.bs.ch/nm/2020-tagesbulletin-coronavirus-376-bestaetigte-faelle-im-kanton-basel-stadt-gd.html,,,269,23,,,54
2020-03-24,09:00,BS,,410,,73,7,,105,5,https://www.coronavirus.bs.ch/nm/2020-tagesbulletin-coronavirus-414-bestaetigte-faelle-im-kanton-basel-stadt-gd.html,,,284,21,,,52
2020-03-25,10:00,BS,,462,,74,8,,128,8,https://www.coronavirus.bs.ch/nm/2020-tagesbulletin-coronavirus-466-bestaetigte-faelle-im-kanton-basel-stadt-gd.html,,,299,20,,,54
2020-03-26,10:30,BS,,501,,76,8,,155,12,https://www.coronavirus.bs.ch/nm/2020-tagesbulletin-coronavirus-505-bestaetigte-faelle-im-kanton-basel-stadt-gd.html,,,318,19,,,57
2020-03-27,10:00,BS,,530,,79,11,,191,13,https://www.coronavirus.bs.ch/nm/2020-tagesbulletin-coronavirus-534-bestaetigte-faelle-im-kanton-basel-stadt-gd.html,,,335,20,,,59
2020-03-28,10:00,BS,,569,,87,12,,211,13,https://www.coronavirus.bs.ch/nm/2020-tagesbulletin-coronavirus-573-bestaetigte-faelle-im-kanton-basel-stadt-gd.html,,,357,22,,,65
2020-03-29,10:00,BS,,605,,90,12,,228,15,https://www.coronavirus.bs.ch/nm/2020-tagesbulletin-coronavirus-609-bestaetigte-faelle-im-kanton-basel-stadt-gd.html,,,365,20,,,70
2020-03-30,10:00,BS,,617,,105,15,,263,15,https://www.coronavirus.bs.ch/nm/2020-tagesbulletin-coronavirus-621-bestaetigte-faelle-im-kanton-basel-stadt-gd.html,,,368,23,,,82
2020-03-31,10:00,BS,,653,,108,16,,292,16,https://www.coronavirus.bs.ch/nm/2020-tagesbulletin-coronavirus-628-bestaetigte-faelle-im-kanton-basel-stadt-gd.html https://www.coronavirus.bs.ch/nm/2020-tagesbulletin-coronavirus-691-bestaetigte-faelle-im-kanton-basel-stadt-gd.html,,,373,20,,,88
2020-04-01,10:00,BS,,687,,119,17,,323,18,https://www.coronavirus.bs.ch/nm/2020-tagesbulletin-coronavirus-691-bestaetigte-faelle-im-kanton-basel-stadt-gd.html,,,395,24,,,95
2020-04-02,10:00,BS,,714,,115,17,,350,19,https://www.gd.bs.ch//nm/2020-tagesbulletin-coronavirus-718-bestaetigte-faelle-im-kanton-basel-stadt-gd.html,,,400,22,,,93
2020-04-03,08:30,BS,,754,,112,16,,397,21,https://www.gd.bs.ch/nm/2020-tagesbulletin-coronavirus-748-bestaetigte-faelle-im-kanton-basel-stadt-gd.html https://www.coronavirus.bs.ch/nm/2020-tagesbulletin-coronavirus-771-bestaetigte-faelle-im-kanton-basel-stadt-gd.html,,,411,21,,,91
2020-04-04,10:15,BS,,767,,108,15,,434,24,https://www.gd.bs.ch//nm/2020-tagesbulletin-coronavirus-771-bestaetigte-faelle-im-kanton-basel-stadt-gd.html,,,414,23,,,85
2020-04-05,10:15,BS,,789,,100,13,,460,26,https://www.gd.bs.ch//nm/2020-tagesbulletin-coronavirus-794-bestaetigte-faelle-im-kanton-basel-stadt-gd.html,,,425,21,,,79
2020-04-06,09:45,BS,,798,,101,13,,481,26,https://www.coronavirus.bs.ch/nm/2020-tagesbulletin-coronavirus-803-bestaetigte-faelle-im-kanton-basel-stadt-gd.html,,,427,18,,,83
2020-04-07,09:30,BS,,808,,99,14,,508,28,https://www.gd.bs.ch//nm/2020-tagesbulletin-coronavirus-813-bestaetigte-faelle-im-kanton-basel-stadt-gd.html,,,430,16,,,83
2020-04-08,10:00,BS,,829,,93,13,,535,31,https://www.gd.bs.ch//nm/2020-tagesbulletin-coronavirus-834-bestaetigte-faelle-im-kanton-basel-stadt-gd.html,,,447,19,,,74
2020-04-09,10:00,BS,,841,,87,13,,572,33,https://www.gd.bs.ch//nm/2020-tagesbulletin-coronavirus-846-bestaetigte-faelle-im-kanton-basel-stadt-gd.html,,,454,21,,,66
2020-04-10,10:00,BS,,854,,93,14,,593,33,https://www.gd.bs.ch//nm/2020-tagesbulletin-coronavirus-859-bestaetigte-faelle-im-kanton-basel-stadt-gd.html,,,459,24,,,69
2020-04-11,09:30,BS,,861,,87,12,,612,33,https://www.gd.bs.ch//nm/2020-tagesbulletin-coronavirus-866-bestaetigte-faelle-im-kanton-basel-stadt-gd.html,,,462,23,,,64
2020-04-12,10:00,BS,,877,,91,9,,629,33,https://www.gd.bs.ch//nm/2020-tagesbulletin-coronavirus-882-bestaetigte-faelle-im-kanton-basel-stadt-gd.html,,,473,24,,,67
2020-04-13,10:00,BS,,888,,86,9,,653,34,https://www.gd.bs.ch//nm/2020-tagesbulletin-coronavirus-893-bestaetigte-faelle-im-kanton-basel-stadt-gd.html,,,475,25,,,61
2020-04-14,10:00,BS,,894,,80,7,,663,34,https://www.gd.bs.ch//nm/2020-tagesbulletin-coronavirus-899-bestaetigte-faelle-im-kanton-basel-stadt-gd.html,,,478,22,,,58
2020-04-15,10:00,BS,,904,,76,6,,682,36,https://www.gd.bs.ch//nm/2020-tagesbulletin-coronavirus-909-bestaetigte-faelle-im-kanton-basel-stadt-gd.html,,,480,22,,,54
2020-04-16,09:00,BS,,912,,68,7,,711,37,https://www.gd.bs.ch//nm/2020-tagesbulletin-coronavirus-917-bestaetigte-faelle-im-kanton-basel-stadt-gd.html,,,486,18,,,50
2020-04-17,09:00,BS,,918,,67,8,,720,37,https://www.gd.bs.ch//nm/2020-tagesbulletin-coronavirus-923-bestaetigte-faelle-im-kanton-basel-stadt-gd.html,,,488,18,,,49
2020-04-18,09:45,BS,,924,,61,7,,753,40,https://www.gd.bs.ch//nm/2020-tagesbulletin-coronavirus-929-bestaetigte-faelle-im-kanton-basel-stadt-gd.html,,,492,19,,,42
2020-04-19,10:00,BS,,927,,57,8,,764,40,https://www.gd.bs.ch//nm/2020-tagesbulletin-coronavirus-932-bestaetigte-faelle-im-kanton-basel-stadt-gd.html,,,494,20,,,37
2020-04-20,09:30,BS,,928,,54,9,,770,42,https://www.gd.bs.ch//nm/2020-tagesbulletin-coronavirus-933-bestaetigte-faelle-im-kanton-basel-stadt-gd.html,,,494,19,,,35
2020-04-21,09:15,BS,,928,,49,7,,781,44,https://www.gd.bs.ch//nm/2020-tagesbulletin-coronavirus-933-bestaetigte-faelle-im-kanton-basel-stadt-gd-2.html,,,494,16,,,33
2020-04-22,09:45,BS,,928,,42,7,,786,45,https://www.gd.bs.ch//nm/2020-tagesbulletin-coronavirus-933-bestaetigte-faelle-im-kanton-basel-stadt-gd-3.html,,,496,13,,,29
2020-04-23,09:00,BS,,931,,40,7,,793,45,https://www.gd.bs.ch//nm/2020-tagesbulletin-coronavirus-931-bestaetigte-faelle-im-kanton-basel-stadt-gd.html,,,496,13,,,27
2020-04-24,09:15,BS,,936,,32,7,,800,46,https://www.gd.bs.ch//nm/2020-tagesbulletin-coronavirus-936-bestaetigte-faelle-im-kanton-basel-stadt-gd.html,,,496,9,,,23
2020-04-25,09:30,BS,,938,,30,8,,,46,https://www.gd.bs.ch//nm/2020-tagesbulletin-coronavirus-941-bestaetigte-faelle-im-kanton-basel-stadt-gd.html,,,,8,,,22
2020-04-26,09:30,BS,,940,,29,7,,,46,https://www.gd.bs.ch//nm/2020-tagesbulletin-coronavirus-941-bestaetigte-faelle-im-kanton-basel-stadt-gd.html,,,,7,,,22
2020-04-27,10:30,BS,,941,,28,7,,,46,https://www.gd.bs.ch//nm/2020-tagesbulletin-coronavirus-941-bestaetigte-faelle-im-kanton-basel-stadt-gd.html,,,497,7,,,21
2020-04-28,09:30,BS,,943,,26,7,,,49,https://www.gd.bs.ch//nm/2020-tagesbulletin-coronavirus-943-bestaetigte-faelle-im-kanton-basel-stadt-gd.html,,,497,8,,,18
2020-04-29,10:30,BS,,946,,24,8,,810,49,https://www.gd.bs.ch//nm/2020-tagesbulletin-coronavirus-946-bestaetigte-faelle-im-kanton-basel-stadt-gd.html,,,499,7,,,17
2020-04-30,09:00,BS,,951,,22,6,,828,50,https://www.gd.bs.ch//nm/2020-tagesbulletin-coronavirus-951-bestaetigte-faelle-im-kanton-basel-stadt-gd.html,,,500,8,,,14
2020-05-01,10:00,BS,,952,,21,5,,833,50,https://www.gd.bs.ch//nm/2020-tagesbulletin-coronavirus-958-bestaetigte-faelle-im-kanton-basel-stadt-gd.html,,,,8,,,13
2020-05-02,10:00,BS,,955,,21,5,,835,50,https://www.gd.bs.ch//nm/2020-tagesbulletin-coronavirus-958-bestaetigte-faelle-im-kanton-basel-stadt-gd.html,,,,8,,,13
2020-05-03,10:00,BS,,956,,22,4,,839,50,https://www.gd.bs.ch//nm/2020-tagesbulletin-coronavirus-958-bestaetigte-faelle-im-kanton-basel-stadt-gd.html,,,,8,,,14
2020-05-04,10:00,BS,,958,,21,4,,840,50,https://www.gd.bs.ch//nm/2020-tagesbulletin-coronavirus-958-bestaetigte-faelle-im-kanton-basel-stadt-gd.html,,,503,8,,,13
2020-05-05,09:00,BS,,959,,21,4,,842,50,https://www.gd.bs.ch//nm/2020-tagesbulletin-coronavirus-959-bestaetigte-faelle-im-kanton-basel-stadt-gd.html,,,503,8,,,13
2020-05-06,09:30,BS,,962,,20,4,,868,50,https://www.gd.bs.ch//nm/2020-tagesbulletin-coronavirus-962-bestaetigte-faelle-im-kanton-basel-stadt-gd.html,,,504,7,,,13
2020-05-07,10:00,BS,,965,,19,4,,870,50,https://www.gd.bs.ch//nm/2020-tagesbulletin-coronavirus-965-bestaetigte-faelle-im-kanton-basel-stadt-gd.html,,,505,7,,,12
2020-05-08,08:30,BS,,966,,16,3,,874,50,https://www.gd.bs.ch//nm/2020-tagesbulletin-coronavirus-966-bestaetigte-faelle-im-kanton-basel-stadt-gd.html,,,505,5,,,11
2020-05-09,09:00,BS,,967,,14,3,,881,50,https://www.gd.bs.ch//nm/2020-tagesbulletin-coronavirus-970-bestaetigte-faelle-im-kanton-basel-stadt-gd.html,,,,5,,,9
2020-05-10,09:00,BS,,968,,14,3,,882,50,https://www.gd.bs.ch//nm/2020-tagesbulletin-coronavirus-970-bestaetigte-faelle-im-kanton-basel-stadt-gd.html,,,,5,,,9
2020-05-11,09:00,BS,,970,,15,3,,884,50,https://www.gd.bs.ch//nm/2020-tagesbulletin-coronavirus-970-bestaetigte-faelle-im-kanton-basel-stadt-gd.html,,,505,5,,,10
2020-05-12,09:50,BS,,970,,12,3,,892,50,https://www.gd.bs.ch//nm/2020-tagesbulletin-coronavirus-970-bestaetigte-faelle-im-kanton-basel-stadt-gd-2.html,,,505,5,,,7
2020-05-13,08:30,BS,,970,,11,3,,894,50,https://www.gd.bs.ch//nm/2020-tagesbulletin-coronavirus-970-bestaetigte-faelle-im-kanton-basel-stadt-gd-3.html,,,505,5,,,6
2020-05-14,09:15,BS,,971,,11,3,,895,50,https://www.gd.bs.ch//nm/2020-tagesbulletin-coronavirus-971-bestaetigte-faelle-im-kanton-basel-stadt-gd.html,,,505,5,,,6
2020-05-15,08:30,BS,,972,,11,3,,897,50,https://www.gd.bs.ch//nm/2020-tagesbulletin-coronavirus-972-bestaetigte-faelle-im-kanton-basel-stadt-gd.html,,,505,5,,,6
2020-05-16,08:30,BS,,974,,11,3,,904,50,https://www.gd.bs.ch//nm/2020-tagesbulletin-coronavirus-974-bestaetigte-faelle-im-kanton-basel-stadt-gd.html,,,,5,,,6
2020-05-17,08:30,BS,,974,,12,3,,904,50,https://www.gd.bs.ch//nm/2020-tagesbulletin-coronavirus-974-bestaetigte-faelle-im-kanton-basel-stadt-gd.html,,,,5,,,7
2020-05-18,08:30,BS,,974,,12,3,,904,50,https://www.gd.bs.ch//nm/2020-tagesbulletin-coronavirus-974-bestaetigte-faelle-im-kanton-basel-stadt-gd.html,,,505,5,,,7
2020-05-19,08:30,BS,,975,,7,3,,916,50,https://www.gd.bs.ch//nm/2020-tagesbulletin-coronavirus-975-bestaetigte-faelle-im-kanton-basel-stadt-gd.html,,,505,3,,,4
2020-05-20,08:30,BS,,976,,7,3,,916,50,https://www.gd.bs.ch//nm/2020-tagesbulletin-coronavirus-976-bestaetigte-faelle-im-kanton-basel-stadt-gd.html,,,505,3,,,4
2020-05-21,09:00,BS,,976,,7,3,,916,50,https://www.gd.bs.ch//nm/2020-tagesbulletin-coronavirus-976-bestaetigte-faelle-im-kanton-basel-stadt-gd-2.html,,,,3,,,4
2020-05-22,09:00,BS,,976,,6,3,,916,50,https://www.gd.bs.ch//nm/2020-tagesbulletin-coronavirus-976-bestaetigte-faelle-im-kanton-basel-stadt-gd-2.html,,,505,3,,,3
2020-05-23,09:00,BS,,976,,5,2,,916,50,https://www.gd.bs.ch//nm/2020-tagesbulletin-coronavirus-976-bestaetigte-faelle-im-kanton-basel-stadt-gd-3.html,,,505,2,,,3
2020-05-24,09:00,BS,,976,,5,2,,916,50,https://www.gd.bs.ch//nm/2020-tagesbulletin-coronavirus-976-bestaetigte-faelle-im-kanton-basel-stadt-gd-3.html,,,505,2,,,3
2020-05-25,09:00,BS,,976,,4,2,,920,50,https://www.gd.bs.ch//nm/2020-tagesbulletin-coronavirus-976-bestaetigte-faelle-im-kanton-basel-stadt-gd-3.html,6,9,505,2,,9,2
2020-05-26,10:00,BS,,976,,4,2,,922,50,https://www.gd.bs.ch//nm/2020-tagesbulletin-coronavirus-weiterhin-976-bestaetigte-faelle-im-kanton-basel-stadt-gd.html,4,7,505,2,,7,2
2020-05-27,09:00,BS,,976,,4,2,,923,50,https://www.coronavirus.bs.ch//nm/2020-tagesbulletin-coronavirus-noch-drei-aktive-faelle-im-kanton-basel-stadt-gd.html,1,6,506,2,,6,2
2020-05-28,09:30,BS,,976,,4,2,,923,50,https://www.gd.bs.ch/nm/2020-tagesbulletin-coronavirus-weiterhin-total-976-bestaetigte-infektionen-und-noch-drei-aktive-faelle-im-kanton-basel-stadt-gd.html,1,0,506,2,,0,2
2020-05-29,10:00,BS,,978,,5,3,,923,50,https://www.gd.bs.ch//nm/2020-tagesbulletin-coronavirus-978-bestaetigte-infektionen-im-kanton-basel-stadt-gd.html,3,3,507,3,,3,2
2020-05-30,10:00,BS,,978,,5,3,,923,50,https://www.gd.bs.ch//nm/2020-tagesbulletin-coronavirus-978-bestaetigte-faelle-im-kanton-basel-stadt-gd.html,3,73,508,3,,73,2
2020-05-31,10:00,BS,,978,,5,3,,923,50,https://www.gd.bs.ch//nm/2020-tagesbulletin-coronavirus-978-bestaetigte-faelle-im-kanton-basel-stadt-gd.html,3,73,508,3,,73,2
2020-06-01,10:00,BS,,978,,5,3,,923,50,https://www.gd.bs.ch//nm/2020-tagesbulletin-coronavirus-978-bestaetigte-faelle-im-kanton-basel-stadt-gd.html,3,84,508,3,,84,2
2020-06-02,10:00,BS,,978,,6,3,,923,50,https://www.gd.bs.ch//nm/2020-tagesbulletin-coronavirus-978-bestaetigte-faelle-im-kanton-basel-stadt-gd.html,3,84,509,3,,84,3
2020-06-03,10:30,BS,,979,,6,3,,923,50,https://www.gd.bs.ch//nm/2020-tagesbulletin-coronavirus-979-bestaetigte-faelle-im-kanton-basel-stadt-gd.html,6,91,509,3,,91,3
2020-06-04,10:00,BS,,979,,6,3,,924,50,https://www.gd.bs.ch//nm/2020-tagesbulletin-coronavirus-979-bestaetigte-faelle-im-kanton-basel-stadt-gd-2.html,5,92,509,3,,92,3
2020-06-05,08:45,BS,,982,,5,3,,924,50,https://www.gd.bs.ch//nm/2020-tagesbulletin-coronavirus-982-bestaetigte-faelle-im-kanton-basel-stadt-gd.html,5,93,509,3,,93,2
2020-06-06,10:00,BS,,982,,4,3,,926,50,https://www.gd.bs.ch//nm/2020-tagesbulletin-coronavirus-unveraendert-982-bestaetigte-faelle-im-kanton-basel-stadt-gd.html,6,15,509,3,,15,1
2020-06-07,10:00,BS,,982,,4,3,,926,50,https://www.gd.bs.ch//nm/2020-tagesbulletin-coronavirus-unveraendert-982-bestaetigte-faelle-im-kanton-basel-stadt-gd.html,7,14,509,3,,14,1
2020-06-08,10:00,BS,,982,,4,3,,928,50,https://www.gd.bs.ch//nm/2020-tagesbulletin-coronavirus-unveraendert-982-bestaetigte-faelle-im-kanton-basel-stadt-gd.html,4,8,509,3,,8,1
2020-06-09,10:00,BS,,983,,4,3,,928,50,https://www.gd.bs.ch//nm/2020-tagesbulletin-coronavirus-983-bestaetigte-faelle-im-kanton-basel-stadt-gd.html,5,7,509,3,,7,1
2020-06-10,09:30,BS,,983,,3,2,,928,50,https://www.gd.bs.ch//nm/2020-tagesbulletin-coronavirus-983-bestaetigte-faelle-im-kanton-basel-stadt-gd-2.html,5,5,509,3,,5,0
2020-06-11,09:30,BS,,983,,3,2,,929,50,https://www.gd.bs.ch//nm/2020-tagesbulletin-coronavirus-983-bestaetigte-faelle-im-kanton-basel-stadt-gd-3.html,4,5,509,3,,5,0
2020-06-12,09:30,BS,,983,,3,2,,930,50,https://www.gd.bs.ch//nm/2020-tagesbulletin-coronavirus-983-bestaetigte-faelle-im-kanton-basel-stadt-gd-4.html,3,5,509,3,,5,0
2020-06-13,09:30,BS,,983,,3,2,,931,50,https://www.gd.bs.ch//nm/2020-tagesbulletin-coronavirus-unveraendert-983-bestaetigte-faelle-im-kanton-basel-stadt-gd.html,2,4,509,3,,4,0
2020-06-14,09:30,BS,,983,,3,2,,932,50,https://www.gd.bs.ch//nm/2020-tagesbulletin-coronavirus-unveraendert-983-bestaetigte-faelle-im-kanton-basel-stadt-gd.html https://www.bag.admin.ch/dam/bag/de/dokumente/mt/k-und-i/aktuelle-ausbrueche-pandemien/2019-nCoV/bisherige-lageberichte-zip.zip.download.zip/Epidemiologische_Lage_Schweiz.zip,1,2,509,3,,2,0
2020-06-15,09:30,BS,,983,,3,2,,932,50,https://www.gd.bs.ch//nm/2020-tagesbulletin-coronavirus-unveraendert-983-bestaetigte-faelle-im-kanton-basel-stadt-gd.html,1,0,509,3,,0,0
2020-06-16,09:30,BS,,983,,3,2,,932,50,https://www.gd.bs.ch//nm/2020-tagesbulletin-coronavirus-unveraendert-983-bestaetigte-faelle-im-kanton-basel-stadt-gd-2.html,1,0,509,3,,0,0
2020-06-17,09:30,BS,,984,,3,2,,932,50,https://www.gd.bs.ch//nm/2020-tagesbulletin-coronavirus-984-bestaetigte-faelle-im-kanton-basel-stadt-gd.html,2,3,509,3,,3,0
2020-06-18,09:30,BS,,984,,3,2,,933,50,https://www.gd.bs.ch//nm/2020-tagesbulletin-coronavirus-984-bestaetigte-faelle-im-kanton-basel-stadt-gd-2.html,1,3,509,3,,3,0
2020-06-19,09:30,BS,,985,,3,2,,933,50,https://www.gd.bs.ch//nm/2020-tagesbulletin-coronavirus-985-bestaetigte-faelle-im-kanton-basel-stadt-gd.html,2,3,509,3,,3,0
2020-06-20,09:30,BS,,985,,2,1,,933,50,https://www.gd.bs.ch//nm/2020-tagesbulletin-coronavirus-unveraendert-985-bestaetigte-faelle-im-kanton-basel-stadt-gd.html,2,4,509,2,,4,0
2020-06-21,09:30,BS,,985,,2,1,,934,50,https://www.gd.bs.ch//nm/2020-tagesbulletin-coronavirus-unveraendert-985-bestaetigte-faelle-im-kanton-basel-stadt-gd.html https://www.bag.admin.ch/dam/bag/de/dokumente/mt/k-und-i/aktuelle-ausbrueche-pandemien/2019-nCoV/bisherige-lageberichte-zip.zip.download.zip/Epidemiologische_Lage_Schweiz.zip,1,4,509,2,,4,0
2020-06-22,09:30,BS,,985,,2,1,,934,50,https://www.gd.bs.ch//nm/2020-tagesbulletin-coronavirus-unveraendert-985-bestaetigte-faelle-im-kanton-basel-stadt-gd.html,1,6,509,2,,6,0
2020-06-23,10:00,BS,,985,,2,1,,934,50,https://www.gd.bs.ch//nm/2020-tagesbulletin-coronavirus-unveraendert-985-bestaetigte-faelle-im-kanton-basel-stadt-gd-2.html,1,4,509,2,,4,0
2020-06-24,09:30,BS,,985,,1,1,,934,50,https://www.gd.bs.ch//nm/2020-tagesbulletin-coronavirus-unveraendert-985-bestaetigte-faelle-im-kanton-basel-stadt-gd-3.html,1,5,509,1,,5,0
2020-06-25,09:30,BS,,985,,1,1,,934,50,https://www.gd.bs.ch//nm/2020-tagesbulletin-coronavirus-unveraendert-985-bestaetigte-faelle-im-kanton-basel-stadt-gd-4.html,1,6,509,1,,6,0
2020-06-26,08:50,BS,,985,,1,1,,934,50,https://www.gesundheit.bs.ch,1,6,509,1,,6,0
2020-06-27,09:20,BS,,985,,1,1,,934,50,https://www.gesundheit.bs.ch,1,5,509,1,,5,0
2020-06-28,13:00,BS,,985,,1,1,,934,50,https://www.gesundheit.bs.ch https://www.bag.admin.ch/dam/bag/de/dokumente/mt/k-und-i/aktuelle-ausbrueche-pandemien/2019-nCoV/bisherige-lageberichte-zip.zip.download.zip/Epidemiologische_Lage_Schweiz.zip,1,5,510,1,,5,0
2020-06-29,09:45,BS,,985,,1,1,,934,50,https://www.gesundheit.bs.ch,1,6,510,1,,6,0
2020-06-30,08:30,BS,,985,,0,0,,935,50,https://www.gesundheit.bs.ch,0,7,510,0,,7,0
2020-07-01,09:15,BS,,985,,0,0,,935,50,https://www.gesundheit.bs.ch,0,7,510,0,,7,0
2020-07-02,09:00,BS,,986,,1,0,,935,50,https://www.gesundheit.bs.ch,1,7,510,0,,7,1
2020-07-03,09:30,BS,,988,,3,0,,935,50,https://www.gesundheit.bs.ch,3,10,510,1,,10,2
2020-07-04,09:15,BS,,989,,3,0,,935,50,https://www.gesundheit.bs.ch,4,12,510,1,,12,2
2020-07-05,09:00,BS,,990,,4,1,,935,50,https://www.gesundheit.bs.ch https://www.bag.admin.ch/dam/bag/de/dokumente/mt/k-und-i/aktuelle-ausbrueche-pandemien/2019-nCoV/bisherige-lageberichte-zip.zip.download.zip/Epidemiologische_Lage_Schweiz.zip,5,10,510,1,,10,3
2020-07-06,08:15,BS,,990,,4,1,,935,50,https://www.gesundheit.bs.ch,5,,510,1,,10,3
2020-07-07,08:00,BS,,993,,5,1,,935,50,https://www.gesundheit.bs.ch,8,,510,1,,16,4
2020-07-08,08:15,BS,,996,,5,1,,935,50,https://www.gesundheit.bs.ch,11,,510,1,,24,4
2020-07-09,09:00,BS,,999,,5,1,,935,50,https://www.gesundheit.bs.ch,13,,510,1,,46,4
2020-07-10,08:15,BS,,1004,,4,1,,935,50,https://www.gesundheit.bs.ch,18,,510,0,,57,4
2020-07-11,09:00,BS,,1006,,3,1,,937,50,https://www.gesundheit.bs.ch,18,64,510,0,20,84,3
2020-07-12,08:45,BS,,1008,,5,1,,937,50,https://www.gesundheit.bs.ch https://www.bag.admin.ch/dam/bag/de/dokumente/mt/k-und-i/aktuelle-ausbrueche-pandemien/2019-nCoV/covid-19-woechentlicher-lagebericht.pdf.download.pdf/BAG_COVID-19_Woechentliche_Lage.pdf,21,90,510,1,18,108,4
2020-07-13,10:00,BS,,1009,,5,1,,940,50,https://www.gesundheit.bs.ch,19,,510,1,,138,4
2020-07-14,08:35,BS,,1014,,5,2,,940,50,https://www.gesundheit.bs.ch,24,39,510,1,130,169,4
2020-07-15,08:45,BS,,1016,,5,2,,943,50,https://www.gesundheit.bs.ch,23,39,510,1,161,200,4
2020-07-16,08:25,BS,,1018,,6,3,,943,50,https://www.gesundheit.bs.ch,25,42,510,1,168,210,5
2020-07-17,08:15,BS,,1022,,6,2,,949,50,https://www.gesundheit.bs.ch,23,48,510,1,188,236,5
2020-07-18,10:00,BS,,1024,,6,2,,956,50,https://www.gesundheit.bs.ch,18,44,510,1,206,250,5
2020-07-19,14:44,BS,,1025,,7,3,,958,50,https://www.gesundheit.bs.ch https://www.bag.admin.ch/dam/bag/de/dokumente/mt/k-und-i/aktuelle-ausbrueche-pandemien/2019-nCoV/covid-19-woechentlicher-lagebericht.pdf.download.pdf/BAG_COVID-19_Woechentliche_Lage.pdf,17,32,510,1,247,279,6
2020-07-20,08:45,BS,,1026,,6,3,,958,50,https://www.gesundheit.bs.ch,18,32,510,1,246,278,5
2020-07-21,08:45,BS,,1032,,5,3,,963,50,https://www.gesundheit.bs.ch,18,32,510,1,294,326,4
2020-07-22,07:50,BS,,1032,,4,2,,964,50,https://www.gesundheit.bs.ch,19,39,511,1,309,348,3
2020-07-23,09:00,BS,,1033,,4,2,,964,51,https://www.gesundheit.bs.ch,18,35,511,1,281,316,3
2020-07-24,08:45,BS,,1034,,4,2,,968,51,https://www.gesundheit.bs.ch,15,31,511,0,327,358,4
2020-07-25,09:00,BS,,1035,,3,2,,969,51,https://www.gesundheit.bs.ch,15,30,512,0,386,416,3
2020-07-26,08:30,BS,,1036,,3,2,,969,52,https://www.gesundheit.bs.ch https://www.bag.admin.ch/dam/bag/de/dokumente/mt/k-und-i/aktuelle-ausbrueche-pandemien/2019-nCoV/covid-19-woechentlicher-lagebericht.pdf.download.pdf/BAG_COVID-19_Woechentliche_Lage.pdf,16,26,512,0,444,470,3
2020-07-27,10:00,BS,,1038,,3,1,,969,52,https://www.gesundheit.bs.ch,17,27,512,0,426,453,3
2020-07-28,09:00,BS,,1039,,4,0,,971,52,https://www.gesundheit.bs.ch,16,26,513,0,427,453,4
2020-07-29,11:30,BS,,1043,,5,0,,971,52,https://www.gesundheit.bs.ch,20,21,513,0,462,483,5
2020-07-30,09:15,BS,,1052,,5,0,,972,52,https://www.gesundheit.bs.ch,28,30,514,0,487,517,5
2020-07-31,09:35,BS,,1054,,5,1,,973,52,https://www.gesundheit.bs.ch,29,30,514,0,555,585,5
2020-08-01,10:10,BS,,1064,,7,1,,973,52,https://www.gesundheit.bs.ch,39,33,515,0,570,603,7
2020-08-02,10:00,BS,,1068,,8,1,,974,52,https://www.gesundheit.bs.ch https://www.bag.admin.ch/dam/bag/de/dokumente/mt/k-und-i/aktuelle-ausbrueche-pandemien/2019-nCoV/covid-19-woechentlicher-lagebericht.pdf.download.pdf/BAG_COVID-19_Woechentliche_Lage.pdf,42,41,515,0,546,587,8
2020-08-03,09:30,BS,,1069,,8,1,,975,52,https://www.gesundheit.bs.ch,42,44,515,0,467,511,8
2020-08-04,09:00,BS,,1073,,8,1,,975,52,https://www.gesundheit.bs.ch,45,46,515,0,527,573,8
2020-08-05,08:30,BS,,1079,,8,0,,981,52,https://www.gesundheit.bs.ch,43,52,515,0,498,550,8
2020-08-06,09:30,BS,,1081,,8,0,,984,52,https://www.gesundheit.bs.ch,45,56,515,0,471,527,8
2020-08-07,09:00,BS,,1082,,8,0,,988,52,https://www.gesundheit.bs.ch,42,53,516,0,428,481,8
2020-08-08,09:30,BS,,1083,,7,0,,991,52,https://www.gesundheit.bs.ch,40,52,516,0,431,483,7
2020-08-09,09:30,BS,,1085,,8,0,,995,52,https://www.gesundheit.bs.ch https://www.bag.admin.ch/dam/bag/de/dokumente/mt/k-und-i/aktuelle-ausbrueche-pandemien/2019-nCoV/covid-19-woechentlicher-lagebericht.pdf.download.pdf/BAG_COVID-19_Woechentliche_Lage.pdf,38,44,516,0,370,414,8
2020-08-10,09:45,BS,,1087,,9,0,,996,52,https://www.gesundheit.bs.ch,39,43,516,1,395,438,8
2020-08-11,08:45,BS,,1092,,6,0,,1006,53,https://www.gesundheit.bs.ch,33,41,518,1,466,507,5
2020-08-12,08:00,BS,,1098,,5,0,,1013,53,https://www.gesundheit.bs.ch,32,43,520,1,497,540,4
2020-08-13,09:50,BS,,1110,,5,0,,1015,53,https://www.gesundheit.bs.ch,41,42,520,1,474,516,4
2020-08-14,09:00,BS,,1115,,9,0,,1022,53,https://www.gesundheit.bs.ch,40,49,520,2,406,455,7
2020-08-15,09:40,BS,,1135,,8,0,,1022,53,https://www.gesundheit.bs.ch,60,76,521,2,428,504,6
2020-08-16,10:50,BS,,1140,,8,0,,1028,53,https://www.gesundheit.bs.ch https://www.bag.admin.ch/dam/bag/de/dokumente/mt/k-und-i/aktuelle-ausbrueche-pandemien/2019-nCoV/covid-19-woechentlicher-lagebericht.pdf.download.pdf/BAG_COVID-19_Woechentliche_Lage.pdf,59,97,521,2,451,548,6
2020-08-17,10:30,BS,,1144,,8,0,,1028,53,https://www.gesundheit.bs.ch,64,35,521,2,519,554,6
2020-08-18,08:00,BS,,1149,,10,0,,1031,53,https://www.gesundheit.bs.ch,65,132,526,2,462,594,8
2020-08-19,09:00,BS,,1160,,8,0,,1035,53,https://www.gesundheit.bs.ch,72,133,526,1,460,593,7
2020-08-20,09:20,BS,,1165,,8,0,,1036,53,https://www.gesundheit.bs.ch,76,129,527,1,364,493,7
2020-08-21,08:20,BS,,1169,,7,1,,1039,53,https://www.gesundheit.bs.ch,77,129,527,1,343,472,6
2020-08-22,09:00,BS,,1179,,7,0,,1049,53,https://www.gesundheit.bs.ch,77,118,527,1,322,440,6
2020-08-23,10:15,BS,,1183,,7,0,,1059,53,https://www.gesundheit.bs.ch,71,104,527,1,357,461,6
2020-08-24,09:40,BS,,1185,,7,0,,1066,53,https://www.gesundheit.bs.ch,66,91,527,1,375,466,6
2020-08-25,08:20,BS,,1185,,7,0,,1077,53,https://www.gesundheit.bs.ch,55,68,527,1,331,399,6
2020-08-26,08:30,BS,,1190,,6,0,,1082,53,https://www.gesundheit.bs.ch,55,70,527,1,413,483,5
2020-08-27,09:00,BS,,1196,,5,1,,1088,53,https://www.gesundheit.bs.ch,55,71,528,1,362,433,4
2020-08-28,09:00,BS,,1205,,4,1,,1095,53,https://www.gesundheit.bs.ch,57,60,533,1,312,372,3
2020-08-29,09:30,BS,,1210,,3,1,,1106,54,https://www.gesundheit.bs.ch,50,68,533,1,316,384,2
2020-08-30,09:40,BS,,1213,,3,1,,1113,54,https://www.gesundheit.bs.ch,46,82,533,1,301,383,2
2020-08-31,09:20,BS,,1215,,4,2,,1115,54,https://www.gesundheit.bs.ch,46,92,535,2,319,411,2
2020-09-01,10:00,BS,,1219,,4,2,,1126,54,https://www.gesundheit.bs.ch,39,93,535,2,315,408,2
2020-09-02,09:40,BS,,1226,,5,2,,1126,54,https://www.gesundheit.bs.ch,47,97,536,2,284,381,3
2020-09-03,09:30,BS,,1229,,5,2,,1127,54,https://www.gesundheit.bs.ch,48,100,539,2,296,396,3
2020-09-04,09:00,BS,,1233,,5,2,,1130,54,https://www.gesundheit.bs.ch,49,101,539,2,267,368,3
2020-09-05,09:15,BS,,1237,,6,2,,1137,54,https://www.gesundheit.bs.ch,46,79,541,2,302,381,4
2020-09-06,09:45,BS,,1241,,5,2,,1148,54,https://www.gesundheit.bs.ch,39,75,541,2,331,406,3
2020-09-07,09:00,BS,,1247,,4,1,,1151,54,https://www.gesundheit.bs.ch,42,63,543,1,325,388,3
2020-09-08,09:00,BS,,1254,,4,1,,1154,54,https://www.gesundheit.bs.ch,46,67,544,1,305,372,3
2020-09-09,09:00,BS,,1258,,3,1,,1158,54,https://www.gesundheit.bs.ch,46,83,545,1,304,387,2
2020-09-10,09:00,BS,,1263,,2,1,,1163,54,https://www.gesundheit.bs.ch,46,93,546,1,264,357,1
2020-09-11,09:00,BS,,1265,,2,1,,1165,54,https://www.gesundheit.bs.ch,46,94,546,1,235,329,1
2020-09-12,09:00,BS,,1265,,3,1,,1165,54,https://www.gesundheit.bs.ch,46,94,546,1,235,329,2
2020-09-13,09:40,BS,,1272,,4,1,,1171,54,https://www.gesundheit.bs.ch,47,104,546,1,244,348,3
2020-09-14,09:40,BS,,1274,,4,1,,1174,54,https://www.gesundheit.bs.ch,46,115,546,1,249,364,3
2020-09-15,10:30,BS,,1278,,4,1,,1178,54,https://www.gesundheit.bs.ch,46,97,547,1,249,346,3
2020-09-16,08:00,BS,,1279,,4,1,,1181,54,https://www.gesundheit.bs.ch,44,93,547,1,304,397,3
2020-09-17,09:00,BS,,1282,,3,1,,1184,54,https://www.gesundheit.bs.ch,44,101,547,1,260,361,2
2020-09-18,09:30,BS,,1289,,3,1,,1188,54,https://www.gesundheit.bs.ch,47,101,549,1,283,384,2
2020-09-19,08:30,BS,,1291,,2,0,,1192,54,https://www.gesundheit.bs.ch,45,109,549,0,301,410,2
2020-09-20,09:35,BS,,1293,,2,0,,1197,54,https://www.gesundheit.bs.ch,42,103,549,0,315,418,2
2020-09-21,10:30,BS,,1293,,2,0,,1201,54,https://www.gesundheit.bs.ch,38,80,549,0,350,430,2
2020-09-22,09:00,BS,,1296,,2,0,,1207,54,https://www.gesundheit.bs.ch,35,70,550,0,350,420,2
2020-09-23,08:10,BS,,1296,,1,0,,1209,54,https://www.gesundheit.bs.ch,33,68,550,0,389,457,1
2020-09-24,09:30,BS,,1299,,1,0,,1215,54,https://www.gesundheit.bs.ch,30,70,551,0,341,411,1
2020-09-25,09:30,BS,,1302,,0,0,,1215,54,https://www.gesundheit.bs.ch,33,53,552,0,295,348,0
2020-09-26,10:25,BS,,1305,,3,0,,1222,54,https://www.gesundheit.bs.ch,29,52,553,1,328,380,2
2020-09-27,09:50,BS,,1309,,3,0,,1226,54,https://www.gesundheit.bs.ch,29,54,553,1,330,384,2
2020-09-28,08:45,BS,,1311,,3,0,,1227,54,https://www.gesundheit.bs.ch,30,56,553,1,352,408,2
2020-09-29,09:00,BS,,1312,,3,0,,1228,54,https://www.gesundheit.bs.ch,30,56,555,1,401,457,2
2020-09-30,08:10,BS,,1317,,3,0,,1231,54,https://www.gesundheit.bs.ch,32,63,555,1,379,442,2
2020-10-01,08:30,BS,,1320,,2,1,,1234,54,https://www.gesundheit.bs.ch,32,74,558,1,377,451,1
2020-10-02,09:30,BS,,1326,,2,1,,1235,54,https://www.gesundheit.bs.ch,37,82,559,1,406,488,1
2020-10-03,09:40,BS,,1339,,1,1,,1240,54,https://www.gesundheit.bs.ch,45,91,563,1,440,531,0
2020-10-04,10:20,BS,,1346,,1,1,,1244,54,https://www.gesundheit.bs.ch,48,93,563,1,471,564,0
2020-10-05,08:50,BS,,1350,,1,1,,1247,54,https://www.gesundheit.bs.ch,49,92,566,1,480,572,0
2020-10-06,08:30,BS,,1356,,1,1,,1248,54,https://www.gesundheit.bs.ch,54,123,566,1,555,678,0
2020-10-07,10:00,BS,,1370,,1,1,,1253,54,https://www.gesundheit.bs.ch,62,153,572,1,621,774,0
2020-10-08,08:40,BS,,1385,,1,1,,1255,54,https://www.gesundheit.bs.ch,76,183,572,1,575,758,0
2020-10-09,09:15,BS,,1401,,1,1,,1258,54,https://www.gesundheit.bs.ch,89,240,573,1,661,901,0
2020-10-10,08:30,BS,,1412,,1,1,,1264,54,https://www.gesundheit.bs.ch,94,257,575,1,651,908,0
2020-10-11,08:30,BS,,1428,,2,1,,1274,54,https://www.gesundheit.bs.ch,100,280,577,2,684,964,0
2020-10-12,09:00,BS,,1462,,5,3,,1279,54,https://www.gesundheit.bs.ch,129,283,578,3,621,904,2
2020-10-13,09:15,BS,,1483,,12,3,,1288,54,https://www.gesundheit.bs.ch,141,288,578,8,566,854,4
2020-10-14,09:30,BS,,1512,,10,3,,1297,54,https://www.gesundheit.bs.ch,161,303,581,6,631,934,4
2020-10-15,08:15,BS,,1521,,9,3,,1306,54,https://www.gesundheit.bs.ch,161,331,591,6,567,898,3
2020-10-16,08:30,BS,,1548,,12,3,,1308,54,https://www.gesundheit.bs.ch,186,354,594,6,505,859,6
2020-10-17,09:45,BS,,1590,,10,3,,1327,54,https://www.gesundheit.bs.ch,209,369,594,5,491,860,5
2020-10-18,10:00,BS,,1635,,11,3,,1341,54,https://www.gesundheit.bs.ch,240,368,604,6,438,806,5
2020-10-19,13:00,BS,,1667,,17,3,,1364,54,https://www.gesundheit.bs.ch,249,346,617,10,424,770,7
2020-10-20,10:00,BS,,1686,,17,2,,1370,54,https://www.gesundheit.bs.ch,262,356,617,8,445,801,9
2020-10-21,09:15,BS,,1729,,19,2,,1377,54,https://www.gesundheit.bs.ch,298,331,622,9,410,741,10
2020-10-22,09:45,BS,,1804,,20,2,,1389,54,https://www.gesundheit.bs.ch,361,323,624,9,463,786,11
2020-10-23,10:30,BS,,1878,,23,4,,1425,54,https://www.gesundheit.bs.ch,399,538,625,11,387,925,12
2020-10-24,09:30,BS,,1981,,31,4,,1453,54,https://www.gesundheit.bs.ch,474,1751,626,10,355,2106,21
2020-10-25,11:15,BS,,2062,,34,5,,1480,54,https://www.gesundheit.bs.ch,528,1994,628,12,349,2343,22
2020-10-26,12:05,BS,,2103,,38,6,,1519,54,https://www.gesundheit.bs.ch,530,2097,629,15,348,2445,23
2020-10-27,09:20,BS,,2195,,43,7,,1556,54,https://www.gesundheit.bs.ch,585,2097,632,16,269,2366,27
2020-10-28,09:15,BS,,2274,,41,8,,1591,54,https://www.gesundheit.bs.ch,629,2133,642,16,210,2343,25
2020-10-29,09:00,BS,,2403,,38,11,,1624,54,https://www.gesundheit.bs.ch,725,2096,647,15,147,2243,23
2020-10-30,09:40,BS,,2488,,47,13,,1668,54,https://www.gesundheit.bs.ch,766,2074,655,18,154,2228,29
2020-10-31,10:30,BS,,2576,,60,13,,1730,54,https://www.gesundheit.bs.ch,792,2055,659,23,206,2261,37
2020-11-01,09:35,BS,,2653,,66,16,,1800,54,https://www.gesundheit.bs.ch,799,2106,659,25,340,2446,41
2020-11-02,09:15,BS,,2723,,65,13,,1841,54,https://www.gesundheit.bs.ch,828,2077,661,24,434,2511,41
2020-11-03,08:50,BS,,2800,,77,12,,1906,54,https://www.gesundheit.bs.ch,840,1940,668,29,436,2376,48
2020-11-04,09:30,BS,,2907,,89,12,,2044,54,https://www.gesundheit.bs.ch,809,916,672,33,210,1126,56
2020-11-05,11:15,BS,,3013,,86,13,,2108,54,https://www.gesundheit.bs.ch,850,631,,33,137,768,53
2020-11-06,09:15,BS,,3076,,86,15,,2224,56,https://www.gesundheit.bs.ch,796,671,,34,72,743,52
2020-11-07,08:15,BS,,3152,,93,15,,2332,56,https://www.gesundheit.bs.ch,764,608,,32,72,680,61
2020-11-08,09:30,BS,,3224,,99,16,,2428,56,https://www.gesundheit.bs.ch,740,588,,33,60,648,66
2020-11-09,10:30,BS,,3267,,102,19,,2477,56,https://www.gesundheit.bs.ch,734,556,,35,47,603,67
2020-11-10,09:00,BS,,3363,,119,24,,2548,56,https://www.gesundheit.bs.ch,759,591,,39,35,626,80
2020-11-11,09:00,BS,,3458,,118,20,,2607,56,https://www.gesundheit.bs.ch,795,590,,42,36,626,76
2020-11-12,09:00,BS,,3608,,117,21,,2693,56,https://www.gesundheit.bs.ch,892,614,,42,29,643,75
2020-11-13,11:00,BS,,3751,,130,24,,2779,56,https://www.gesundheit.bs.ch,916,639,,46,30,669,84
2020-11-14,10:30,BS,,3870,,136,25,,2845,57,https://www.gesundheit.bs.ch,968,620,,46,29,649,90
2020-11-15,10:30,BS,,3964,,144,26,,2943,57,https://www.gesundheit.bs.ch,964,607,,45,29,636,99
2020-11-16,10:30,BS,,4041,,149,26,,2996,57,https://www.gesundheit.bs.ch,989,652,,44,32,684,105
2020-11-17,10:30,BS,,4151,,149,27,,3058,58,https://www.gesundheit.bs.ch,1035,624,,47,26,650,102
2020-11-18,10:30,BS,,4290,,156,28,,3213,59,https://www.gesundheit.bs.ch,1037,456,,51,12,468,105
2020-11-19,09:30,BS,,4395,,156,29,,3274,63,https://www.gesundheit.bs.ch,1058,534,,51,11,545,105
2020-11-20,09:30,BS,,4505,,149,28,,3424,63,https://www.gesundheit.bs.ch,1018,722,,48,10,732,101
2020-11-21,09:30,BS,,4600,,142,26,,3525,66,https://www.gesundheit.bs.ch,1009,714,,44,11,725,98
2020-11-22,10:30,BS,,4707,,137,24,,3666,67,https://www.gesundheit.bs.ch,974,634,,40,11,645,97
2020-11-23,10:30,BS,,4772,,134,25,,3759,69,https://www.gesundheit.bs.ch,945,647,,40,11,658,94
2020-11-24,09:50,BS,,4850,,136,24,,3867,69,https://www.gesundheit.bs.ch,914,604,,37,9,613,99
2020-11-25,10:30,BS,,4959,,141,24,,3953,72,https://www.gesundheit.bs.ch,934,500,,39,6,506,102
2020-11-26,09:50,BS,,5105,,140,22,,4016,73,https://www.gesundheit.bs.ch,1016,462,,34,6,468,106
2020-11-27,09:50,BS,,5198,,143,21,,4153,75,https://www.gesundheit.bs.ch,970,485,,37,3,488,106
2020-11-28,10:00,BS,,5276,,144,21,,4229,75,https://www.gesundheit.bs.ch,972,460,,39,4,464,105
2020-11-29,10:30,BS,,5368,,143,21,,4351,76,https://www.gesundheit.bs.ch,941,520,,38,3,523,105
2020-11-30,10:30,BS,,5424,,145,22,,4441,77,https://www.gesundheit.bs.ch,906,558,,38,3,561,107
2020-12-01,10:30,BS,,5508,,158,25,,4565,80,https://www.gesundheit.bs.ch,863,516,,38,6,522,120
2020-12-02,09:30,BS,,5607,,156,22,,4633,80,https://www.gesundheit.bs.ch,894,544,,39,5,549,117
