date,time,abbreviation_canton_and_fl,ncumul_tested,ncumul_conf,new_hosp,current_hosp,current_icu,current_vent,ncumul_released,ncumul_deceased,source,current_isolated,current_quarantined,current_quarantined_riskareatravel,current_quarantined_total
2020-03-11,,NW,,4,,2,,,,,http://www.nw.ch/coronastatistik,,,,
2020-03-12,,NW,,5,,5,,,,,http://www.nw.ch/coronastatistik,,,,
2020-03-13,,NW,,5,,6,,,,,http://www.nw.ch/coronastatistik,,,,
2020-03-14,,NW,,5,,6,,,,,http://www.nw.ch/coronastatistik,,,,
2020-03-15,,NW,,8,,6,,,,,http://www.nw.ch/coronastatistik,,,,
2020-03-16,,NW,,10,,7,,,,,http://www.nw.ch/coronastatistik,,,,
2020-03-17,,NW,,12,,6,,,,,http://www.nw.ch/coronastatistik,,,,
2020-03-18,,NW,,18,,6,,,,,http://www.nw.ch/coronastatistik,,,,
2020-03-19,,NW,,25,,5,,,,,http://www.nw.ch/coronastatistik,,,,
2020-03-20,,NW,,28,,5,,,,,http://www.nw.ch/coronastatistik,,,,
2020-03-21,,NW,,33,,5,,,,,http://www.nw.ch/coronastatistik,,,,
2020-03-22,,NW,,36,,5,,,,,http://www.nw.ch/coronastatistik,,,,
2020-03-23,,NW,,39,,5,,,,,http://www.nw.ch/coronastatistik,,,,
2020-03-24,,NW,,42,,4,,,,,http://www.nw.ch/coronastatistik,,,,
2020-03-25,,NW,,44,,3,,,,,http://www.nw.ch/coronastatistik,,,,
2020-03-26,,NW,,48,,2,,,,,http://www.nw.ch/coronastatistik,,,,
2020-03-27,,NW,,54,,3,,,,,http://www.nw.ch/coronastatistik,,,,
2020-03-28,,NW,,55,,4,,,,,http://www.nw.ch/coronastatistik,,,,
2020-03-29,,NW,,59,,4,,,,,http://www.nw.ch/coronastatistik,,,,
2020-03-30,,NW,,63,,8,,,,,http://www.nw.ch/coronastatistik,,,,
2020-03-31,,NW,,70,,7,1,,,,http://www.nw.ch/coronastatistik,,,,
2020-04-01,,NW,,70,,9,2,,,,http://www.nw.ch/coronastatistik,,,,
2020-04-02,,NW,,76,,9,2,,,,http://www.nw.ch/coronastatistik,,,,
2020-04-03,,NW,,79,,10,2,,,,http://www.nw.ch/coronastatistik,,,,
2020-04-04,,NW,,80,,10,2,,,,http://www.nw.ch/coronastatistik,,,,
2020-04-05,,NW,,80,,9,2,,,,http://www.nw.ch/coronastatistik,,,,
2020-04-06,,NW,,86,,11,2,,,,http://www.nw.ch/coronastatistik,,,,
2020-04-07,,NW,,87,,9,2,,,,http://www.nw.ch/coronastatistik,,,,
2020-04-08,,NW,,93,,9,1,,,,http://www.nw.ch/coronastatistik,,,,
2020-04-09,,NW,,96,,9,1,,,,http://www.nw.ch/coronastatistik,,,,
2020-04-10,,NW,,100,,7,1,,,,http://www.nw.ch/coronastatistik,,,,
2020-04-11,,NW,,103,,8,2,,,1,http://www.nw.ch/coronastatistik,,,,
2020-04-12,,NW,,104,,7,2,,,1,http://www.nw.ch/coronastatistik,,,,
2020-04-13,,NW,,104,,7,2,,,1,http://www.nw.ch/coronastatistik,,,,
2020-04-14,,NW,,105,,7,2,,,1,http://www.nw.ch/coronastatistik,,,,
2020-04-15,,NW,,106,,7,2,,,2,http://www.nw.ch/coronastatistik,,,,
2020-04-16,,NW,,106,,5,2,,,2,http://www.nw.ch/coronastatistik,,,,
2020-04-17,,NW,,107,,4,2,,,3,http://www.nw.ch/coronastatistik,,,,
2020-04-18,,NW,,108,,4,2,,,3,http://www.nw.ch/coronastatistik,,,,
2020-04-19,,NW,,108,,4,2,,,3,http://www.nw.ch/coronastatistik,,,,
2020-04-20,,NW,,108,,4,2,,,3,http://www.nw.ch/coronastatistik,,,,
2020-04-21,,NW,,108,,4,1,,,3,http://www.nw.ch/coronastatistik,,,,
2020-04-22,,NW,,108,,4,1,,,3,http://www.nw.ch/coronastatistik,,,,
2020-04-23,,NW,,108,,4,1,,,3,http://www.nw.ch/coronastatistik,,,,
2020-04-24,,NW,,108,,3,0,,,3,http://www.nw.ch/coronastatistik,,,,
2020-04-25,,NW,,108,,3,0,,,3,http://www.nw.ch/coronastatistik,,,,
2020-04-26,,NW,,110,,3,0,,,3,http://www.nw.ch/coronastatistik,,,,
2020-04-27,,NW,,110,,2,0,,,3,http://www.nw.ch/coronastatistik,,,,
2020-04-28,,NW,,111,,2,0,,,3,http://www.nw.ch/coronastatistik,,,,
2020-04-29,,NW,,111,,2,0,,,3,http://www.nw.ch/coronastatistik,,,,
2020-04-30,,NW,,113,,1,0,,,3,http://www.nw.ch/coronastatistik,,,,
2020-05-01,,NW,,113,,1,0,,,3,http://www.nw.ch/coronastatistik,,,,
2020-05-02,,NW,,113,,1,0,,,3,http://www.nw.ch/coronastatistik,,,,
2020-05-03,,NW,,113,,1,0,,,3,http://www.nw.ch/coronastatistik,,,,
2020-05-04,,NW,,113,,1,0,,,3,http://www.nw.ch/coronastatistik,,,,
2020-05-05,,NW,,113,,1,0,,,3,http://www.nw.ch/coronastatistik,,,,
2020-05-06,,NW,,113,,1,0,,,3,http://www.nw.ch/coronastatistik,,,,
2020-05-07,,NW,,115,,1,0,,,3,http://www.nw.ch/coronastatistik,,,,
2020-05-08,,NW,,115,,0,0,,,3,http://www.nw.ch/coronastatistik,,,,
2020-05-09,,NW,,115,,1,0,,,3,http://www.nw.ch/coronastatistik,,,,
2020-05-10,,NW,,115,,1,0,,,3,http://www.nw.ch/coronastatistik,,,,
2020-05-11,,NW,,117,,0,0,,,3,http://www.nw.ch/coronastatistik,,,,
2020-05-12,,NW,,118,,0,0,,,3,http://www.nw.ch/coronastatistik,,,,
2020-05-13,,NW,,120,,0,0,,,3,http://www.nw.ch/coronastatistik,,,,
2020-05-14,,NW,,122,,0,0,,,3,http://www.nw.ch/coronastatistik,,,,
2020-05-15,,NW,,122,,0,0,,,3,http://www.nw.ch/coronastatistik,,,,
2020-05-16,,NW,,123,,0,0,,,3,http://www.nw.ch/coronastatistik,,,,
2020-05-17,,NW,,123,,0,0,,,3,http://www.nw.ch/coronastatistik,,,,
2020-05-18,,NW,,123,,0,0,,,3,http://www.nw.ch/coronastatistik,,,,
2020-05-19,,NW,,123,,0,0,,,3,http://www.nw.ch/coronastatistik,,,,
2020-05-20,,NW,,123,,0,0,,,3,http://www.nw.ch/coronastatistik,,,,
2020-05-21,,NW,,123,,0,0,,,3,http://www.nw.ch/coronastatistik,,,,
2020-05-22,,NW,,123,,0,0,,,3,http://www.nw.ch/coronastatistik,,,,
2020-05-23,,NW,,123,,0,0,,,3,http://www.nw.ch/coronastatistik,,,,
2020-05-24,,NW,,123,,0,0,,,3,http://www.nw.ch/coronastatistik,,,,
2020-05-25,,NW,,123,,0,0,,,3,http://www.nw.ch/coronastatistik,,,,
2020-05-26,,NW,,123,,0,0,,,3,http://www.nw.ch/coronastatistik,,,,
2020-05-27,,NW,,123,,0,0,,,3,http://www.nw.ch/coronastatistik,,,,
2020-05-28,,NW,,123,,0,0,,,3,http://www.nw.ch/coronastatistik,,,,
2020-05-29,,NW,,123,,0,0,,,3,http://www.nw.ch/coronastatistik,,,,
2020-05-30,,NW,,124,,0,0,,,3,http://www.nw.ch/coronastatistik,,,,
2020-05-31,,NW,,124,,1,0,,,3,http://www.nw.ch/coronastatistik,,,,
2020-06-01,,NW,,124,,1,0,,,3,http://www.nw.ch/coronastatistik,,,,
2020-06-02,,NW,,124,,0,0,,,3,http://www.nw.ch/coronastatistik,,,,
2020-06-03,,NW,,124,,0,0,,,3,http://www.nw.ch/coronastatistik,,,,
2020-06-04,,NW,,124,,0,0,,,3,http://www.nw.ch/coronastatistik,,,,
2020-06-05,,NW,,124,,0,0,,,3,http://www.nw.ch/coronastatistik,,,,
2020-06-06,,NW,,124,,0,0,,,3,http://www.nw.ch/coronastatistik,,,,
2020-06-07,,NW,,124,,0,0,,,3,http://www.nw.ch/coronastatistik,,,,
2020-06-08,,NW,,124,,0,0,,,3,http://www.nw.ch/coronastatistik,,,,
2020-06-09,,NW,,124,,0,0,,,3,http://www.nw.ch/coronastatistik,,,,
2020-06-10,,NW,,124,,0,0,,,3,http://www.nw.ch/coronastatistik,,,,
2020-06-11,,NW,,124,,0,0,,,3,http://www.nw.ch/coronastatistik,,,,
2020-06-12,,NW,,124,,0,0,,,3,http://www.nw.ch/coronastatistik,,,,
2020-06-13,,NW,,124,,0,0,,,3,http://www.nw.ch/coronastatistik,,,,
2020-06-14,,NW,,124,,0,0,,,3,http://www.nw.ch/coronastatistik,,,,
2020-06-15,,NW,,124,,0,0,,,3,http://www.nw.ch/coronastatistik,,,,
2020-06-16,,NW,,124,,0,0,,,3,http://www.nw.ch/coronastatistik,,,,
2020-06-17,,NW,,124,,0,0,,,3,http://www.nw.ch/coronastatistik,,,,
2020-06-18,,NW,,124,,0,0,,,3,http://www.nw.ch/coronastatistik,,,,
2020-06-19,,NW,,124,,0,0,,,3,http://www.nw.ch/coronastatistik,,,,
2020-06-20,,NW,,124,,0,0,,,3,http://www.nw.ch/coronastatistik,,,,
2020-06-21,,NW,,124,,0,0,,,3,http://www.nw.ch/coronastatistik,,,,
2020-06-22,,NW,,124,,0,0,,,3,http://www.nw.ch/coronastatistik,,,,
2020-06-23,,NW,,124,,0,0,,,3,http://www.nw.ch/coronastatistik,,,,
2020-06-24,,NW,,124,,0,0,,,3,http://www.nw.ch/coronastatistik,,,,
2020-06-25,,NW,,124,,0,0,,,3,http://www.nw.ch/coronastatistik,,,,
2020-06-26,,NW,,124,,0,0,,,3,http://www.nw.ch/coronastatistik,,,,
2020-06-27,,NW,,124,,0,0,,,3,http://www.nw.ch/coronastatistik,,,,
2020-06-28,,NW,,124,,0,0,,,3,http://www.nw.ch/coronastatistik,,,,
2020-06-29,,NW,,124,,0,0,,,3,http://www.nw.ch/coronastatistik,,,,
2020-06-30,,NW,,124,,0,0,,,3,http://www.nw.ch/coronastatistik,,,,
2020-07-01,,NW,,124,,0,0,,,3,http://www.nw.ch/coronastatistik,,,,
2020-07-02,,NW,,124,,0,0,,,3,http://www.nw.ch/coronastatistik,,,,
2020-07-03,,NW,,124,,0,0,,,3,http://www.nw.ch/coronastatistik,,,,
2020-07-04,,NW,,124,,0,0,,,3,http://www.nw.ch/coronastatistik,,,,
2020-07-05,,NW,,124,,0,0,,,3,http://www.nw.ch/coronastatistik,,,,
2020-07-06,,NW,,124,,0,0,,,3,http://www.nw.ch/coronastatistik,,,,
2020-07-07,,NW,,124,,0,0,,,3,http://www.nw.ch/coronastatistik,,,,
2020-07-08,,NW,,125,,0,0,,,3,http://www.nw.ch/coronastatistik,,,,
2020-07-09,,NW,,125,,0,0,,,3,http://www.nw.ch/coronastatistik,,,,
2020-07-10,,NW,,126,,0,0,,,3,http://www.nw.ch/coronastatistik,,,,
2020-07-11,,NW,,126,,0,0,,,3,http://www.nw.ch/coronastatistik,,,,
2020-07-12,,NW,,126,,0,0,,,3,http://www.nw.ch/coronastatistik,,,,
2020-07-13,,NW,,126,,0,0,,,3,http://www.nw.ch/coronastatistik,,,,
2020-07-14,,NW,,126,,0,0,,,3,http://www.nw.ch/coronastatistik,,,,
2020-07-15,,NW,,127,,0,0,,,3,http://www.nw.ch/coronastatistik,,,,
2020-07-16,,NW,,127,,0,0,,,3,http://www.nw.ch/coronastatistik,,,,
2020-07-17,,NW,,127,,0,0,,,3,http://www.nw.ch/coronastatistik,,,,
2020-07-18,,NW,,128,,0,0,,,3,http://www.nw.ch/coronastatistik,,,,
2020-07-19,,NW,,128,,0,0,,,3,http://www.nw.ch/coronastatistik,,,,
2020-07-20,,NW,,128,,0,0,,,3,http://www.nw.ch/coronastatistik,,,,
2020-07-21,,NW,,128,,0,0,,,3,http://www.nw.ch/coronastatistik,,,,
2020-07-22,,NW,,128,,0,0,,,3,http://www.nw.ch/coronastatistik,,,,
2020-07-23,,NW,,128,,0,0,,,3,http://www.nw.ch/coronastatistik,,,,
2020-07-24,,NW,,128,,0,0,,,3,http://www.nw.ch/coronastatistik,,,,
2020-07-25,,NW,,128,,0,0,,,3,http://www.nw.ch/coronastatistik,,,,
2020-07-26,,NW,,128,,0,0,,,3,http://www.nw.ch/coronastatistik,,,,
2020-07-27,,NW,,128,,0,0,,,3,http://www.nw.ch/coronastatistik,,,,
2020-07-28,,NW,,128,,0,0,,,3,http://www.nw.ch/coronastatistik,,,,
2020-07-29,,NW,,128,,0,0,,,3,http://www.nw.ch/coronastatistik,,,,
2020-07-30,,NW,,129,,1,0,,,3,http://www.nw.ch/coronastatistik,,,,
2020-07-31,,NW,,129,,1,0,,,3,http://www.nw.ch/coronastatistik,,,,
2020-08-01,,NW,,129,,1,0,,,3,http://www.nw.ch/coronastatistik,,,,
2020-08-02,,NW,,129,,1,0,,,3,http://www.nw.ch/coronastatistik,,,,
2020-08-03,,NW,,129,,1,0,,,3,http://www.nw.ch/coronastatistik,,,,
2020-08-04,,NW,,129,,1,0,,,3,http://www.nw.ch/coronastatistik,,,,
2020-08-05,,NW,,130,,1,0,,,3,http://www.nw.ch/coronastatistik,,,,
2020-08-06,,NW,,130,,0,0,,,3,http://www.nw.ch/coronastatistik,,,,
2020-08-07,,NW,,130,,0,0,,,3,http://www.nw.ch/coronastatistik,,,,
2020-08-08,,NW,,131,,0,0,,,3,http://www.nw.ch/coronastatistik,,,,
2020-08-09,,NW,,131,,0,0,,,3,http://www.nw.ch/coronastatistik,,,,
2020-08-10,,NW,,131,,0,0,,,3,http://www.nw.ch/coronastatistik,,,,
2020-08-11,,NW,,131,,0,0,,,3,http://www.nw.ch/coronastatistik,,,,
2020-08-12,,NW,,131,,0,0,,,3,http://www.nw.ch/coronastatistik,,,,
2020-08-13,,NW,,131,,0,0,,,3,http://www.nw.ch/coronastatistik,,,,
2020-08-14,,NW,,131,,0,0,,,3,http://www.nw.ch/coronastatistik,,,,
2020-08-15,,NW,,131,,0,0,,,3,http://www.nw.ch/coronastatistik,,,,
2020-08-16,,NW,,131,,0,0,,,3,http://www.nw.ch/coronastatistik,,,,
2020-08-17,,NW,,131,,0,0,,,3,http://www.nw.ch/coronastatistik,,,,
2020-08-18,,NW,,131,,0,0,,,3,http://www.nw.ch/coronastatistik,,,,
2020-08-19,,NW,,131,,0,0,,,3,http://www.nw.ch/coronastatistik,,,,
2020-08-20,,NW,,131,,0,0,,,3,http://www.nw.ch/coronastatistik,,,,
2020-08-21,,NW,,131,,0,0,,,3,http://www.nw.ch/coronastatistik,,,,
2020-08-22,,NW,,131,,0,0,,,3,http://www.nw.ch/coronastatistik,,,,
2020-08-23,,NW,,131,,0,0,,,3,http://www.nw.ch/coronastatistik,,,,
2020-08-24,,NW,,131,,0,0,,,3,http://www.nw.ch/coronastatistik,,,,
2020-08-25,,NW,,132,,0,0,,,3,http://www.nw.ch/coronastatistik,,,,
2020-08-26,,NW,,133,,0,0,,,3,http://www.nw.ch/coronastatistik,,,,
2020-08-27,,NW,,133,,0,0,,,3,http://www.nw.ch/coronastatistik,,,,
2020-08-28,,NW,,133,,0,0,,,3,http://www.nw.ch/coronastatistik,,,,
2020-08-29,,NW,,133,,0,0,,,3,http://www.nw.ch/coronastatistik,,,,
2020-08-30,,NW,,133,,0,0,,,3,http://www.nw.ch/coronastatistik,,,,
2020-08-31,,NW,,133,,0,0,,,3,http://www.nw.ch/coronastatistik,,,,
2020-09-01,,NW,,134,,0,0,,,3,http://www.nw.ch/coronastatistik,,,,
2020-09-02,,NW,,134,,0,0,,,3,http://www.nw.ch/coronastatistik,,,,
2020-09-03,,NW,,137,,0,0,,,3,http://www.nw.ch/coronastatistik,,,,
2020-09-04,,NW,,137,,0,0,,,3,http://www.nw.ch/coronastatistik,,,,
2020-09-05,,NW,,138,,1,1,,,3,http://www.nw.ch/coronastatistik,,,,
2020-09-06,,NW,,138,,1,1,,,3,http://www.nw.ch/coronastatistik,,,,
2020-09-07,,NW,,138,,1,1,,,3,http://www.nw.ch/coronastatistik,,,,
2020-09-08,,NW,,138,,1,1,,,3,http://www.nw.ch/coronastatistik,,,,
2020-09-09,,NW,,138,,1,1,,,3,http://www.nw.ch/coronastatistik,,,,
2020-09-10,,NW,,138,,1,1,,,3,http://www.nw.ch/coronastatistik,,,,
2020-09-11,,NW,,139,,1,1,,,3,http://www.nw.ch/coronastatistik,,,,
2020-09-12,,NW,,139,,1,1,,,3,http://www.nw.ch/coronastatistik,,,,
2020-09-13,,NW,,139,,1,1,,,3,http://www.nw.ch/coronastatistik,,,,
2020-09-14,,NW,,139,,1,1,,,3,http://www.nw.ch/coronastatistik,,,,
2020-09-15,,NW,,139,,1,1,,,3,http://www.nw.ch/coronastatistik,,,,
2020-09-16,,NW,,139,,1,1,,,3,http://www.nw.ch/coronastatistik,,,,
2020-09-17,,NW,,140,,1,1,,,3,http://www.nw.ch/coronastatistik,,,,
2020-09-18,,NW,,140,,1,1,,,3,http://www.nw.ch/coronastatistik,,,,
2020-09-19,,NW,,140,,1,1,,,3,http://www.nw.ch/coronastatistik,,,,
2020-09-20,,NW,,141,,1,1,,,3,http://www.nw.ch/coronastatistik,,,,
2020-09-21,,NW,,141,,1,1,,,3,http://www.nw.ch/coronastatistik,,,,
2020-09-22,,NW,,142,,1,1,,,3,http://www.nw.ch/coronastatistik,,,,
2020-09-23,,NW,,142,,1,1,,,3,http://www.nw.ch/coronastatistik,,,,
2020-09-24,,NW,,143,,1,1,,,3,http://www.nw.ch/coronastatistik,,,,
2020-09-25,,NW,,144,,1,1,,,3,http://www.nw.ch/coronastatistik,,,,
2020-09-26,,NW,,144,,1,1,,,3,http://www.nw.ch/coronastatistik,,,,
2020-09-27,,NW,,145,,1,1,,,3,http://www.nw.ch/coronastatistik,,,,
2020-09-28,,NW,,145,,1,1,,,3,http://www.nw.ch/coronastatistik,,,,
2020-09-29,,NW,,146,,1,1,,,3,http://www.nw.ch/coronastatistik,,,,
2020-09-30,,NW,,148,,1,1,,,3,http://www.nw.ch/coronastatistik,,,,
2020-10-01,,NW,,152,,1,1,,,3,http://www.nw.ch/coronastatistik,,,,
2020-10-02,,NW,,154,,1,0,,,4,http://www.nw.ch/coronastatistik,,,,
2020-10-03,,NW,,156,,1,0,,,4,http://www.nw.ch/coronastatistik,,,,
2020-10-04,,NW,,159,,1,0,,,4,http://www.nw.ch/coronastatistik,,,,
2020-10-05,,NW,,161,,1,0,,,4,http://www.nw.ch/coronastatistik,,,,
2020-10-06,,NW,,171,,0,0,,,4,http://www.nw.ch/coronastatistik,,,,
2020-10-07,,NW,,177,,0,0,,,4,http://www.nw.ch/coronastatistik,,,,
2020-10-08,,NW,,186,,1,0,,,4,http://www.nw.ch/coronastatistik,,,,
2020-10-09,,NW,,195,,0,0,,,4,http://www.nw.ch/coronastatistik,,,,
2020-10-10,,NW,,199,,0,0,,,4,http://www.nw.ch/coronastatistik,,,,
2020-10-11,,NW,,204,,0,0,,,4,http://www.nw.ch/coronastatistik,,,,
2020-10-12,,NW,,211,,0,0,,,4,http://www.nw.ch/coronastatistik,,,,
2020-10-13,,NW,,220,,0,0,,,4,http://www.nw.ch/coronastatistik,,,,
2020-10-14,,NW,,233,,0,0,,,4,http://www.nw.ch/coronastatistik,,,,
2020-10-15,,NW,,240,,0,0,,,4,http://www.nw.ch/coronastatistik,,,,
2020-10-16,,NW,,248,,0,0,,,4,http://www.nw.ch/coronastatistik,,,,
2020-10-17,,NW,,258,,0,0,,,4,http://www.nw.ch/coronastatistik,,,,
2020-10-18,,NW,,267,,0,0,,,4,http://www.nw.ch/coronastatistik,,,,
2020-10-19,,NW,,276,,0,0,,,4,http://www.nw.ch/coronastatistik,,,,
2020-10-20,,NW,,287,,3,1,,,4,http://www.nw.ch/coronastatistik,,,,
2020-10-21,,NW,,303,,4,1,,,4,http://www.nw.ch/coronastatistik,,,,
2020-10-22,,NW,,319,,3,0,,,4,http://www.nw.ch/coronastatistik,,,,
2020-10-23,,NW,,335,,6,0,,,4,http://www.nw.ch/coronastatistik,,,,
2020-10-24,,NW,,357,,6,0,,,4,http://www.nw.ch/coronastatistik,87,188,62,
2020-10-25,,NW,,361,,6,0,,,4,http://www.nw.ch/coronastatistik,93,200,63,
2020-10-26,,NW,,375,,6,0,,,4,http://www.nw.ch/coronastatistik,92,200,65,
2020-10-27,,NW,,393,,6,1,,,4,http://www.nw.ch/coronastatistik,92,202,63,
2020-10-28,,NW,,405,,6,1,,,4,http://www.nw.ch/coronastatistik,101,251,70,
2020-10-29,,NW,,429,,6,2,,,4,http://www.nw.ch/coronastatistik,101,251,70,
2020-10-30,,NW,,462,,7,2,,,4,http://www.nw.ch/coronastatistik,114,266,69,
2020-10-31,,NW,,473,,7,2,,,4,http://www.nw.ch/coronastatistik,105,274,69,
2020-11-01,,NW,,504,,8,2,,,4,http://www.nw.ch/coronastatistik,119,276,69,
2020-11-02,,NW,,518,,11,2,,,4,http://www.nw.ch/coronastatistik,125,300,68,
2020-11-03,,NW,,539,,11,3,,,4,http://www.nw.ch/coronastatistik,133,313,64,
2020-11-04,,NW,,585,,11,2,,,4,http://www.nw.ch/coronastatistik,140,335,61,
2020-11-05,,NW,,603,,12,3,,,5,http://www.nw.ch/coronastatistik,169,342,61,
2020-11-06,,NW,,629,,11,3,,,6,http://www.nw.ch/coronastatistik,170,367,58,
2020-11-07,,NW,,657,,11,3,,,6,http://www.nw.ch/coronastatistik,164,370,59,
2020-11-08,,NW,,668,,12,2,,,6,http://www.nw.ch/coronastatistik,163,369,59,
2020-11-09,,NW,,680,,12,2,,,7,http://www.nw.ch/coronastatistik,168,379,59,
2020-11-10,,NW,,707,,12,3,,,7,http://www.nw.ch/coronastatistik,160,394,8,
2020-11-11,,NW,,714,,10,3,,,7,http://www.nw.ch/coronastatistik,154,385,10,
2020-11-12,,NW,,733,,8,3,,,8,http://www.nw.ch/coronastatistik,152,385,10,
2020-11-13,,NW,,744,,7,3,,,8,http://www.nw.ch/coronastatistik,134,215,6,
2020-11-14,,NW,,758,,8,3,,,8,http://www.nw.ch/coronastatistik,137,233,6,
2020-11-15,,NW,,770,,8,3,,,8,http://www.nw.ch/coronastatistik,112,231,6,
2020-11-16,,NW,,789,,9,3,,,8,http://www.nw.ch/coronastatistik,124,199,5,
2020-11-17,,NW,,798,,8,3,,,8,http://www.nw.ch/coronastatistik,121,176,4,
2020-11-18,,NW,,807,,7,2,,,8,http://www.nw.ch/coronastatistik,114,160,2,
2020-11-19,,NW,,822,,5,2,,,8,http://www.nw.ch/coronastatistik,116,159,3,
2020-11-20,,NW,,835,,6,3,,,8,http://www.nw.ch/coronastatistik,125,130,2,
2020-11-21,,NW,,842,,7,3,,,8,http://www.nw.ch/coronastatistik,110,137,1,
2020-11-22,,NW,,853,,7,3,,,8,http://www.nw.ch/coronastatistik,104,120,1,
2020-11-23,,NW,,858,,7,3,,,8,http://www.nw.ch/coronastatistik,104,117,1,
2020-11-24,,NW,,865,,7,3,,,8,http://www.nw.ch/coronastatistik,101,83,2,
2020-11-25,,NW,,881,,6,3,,,8,http://www.nw.ch/coronastatistik,86,80,3,
2020-11-26,,NW,,896,,7,3,,,8,http://www.nw.ch/coronastatistik,110,105,2,
2020-11-27,,NW,,902,,8,3,,,9,http://www.nw.ch/coronastatistik,98,98,1,
2020-11-28,,NW,,918,,8,3,,,10,http://www.nw.ch/coronastatistik,92,94,1,
2020-11-29,,NW,,921,,8,3,,,10,http://www.nw.ch/coronastatistik,89,90,1,
2020-11-30,,NW,,934,,9,3,,,10,http://www.nw.ch/coronastatistik,82,82,1,
2020-12-01,,NW,,944,,7,3,,,10,http://www.nw.ch/coronastatistik,81,83,0,
2020-12-02,,NW,,949,,6,2,,,10,http://www.nw.ch/coronastatistik,91,104,0,
2020-12-03,,NW,,970,,6,2,,,10,http://www.nw.ch/coronastatistik,82,108,0,
2020-12-04,,NW,,990,,6,2,,,10,http://www.nw.ch/coronastatistik,109,133,0,
2020-12-05,,NW,,1012,,6,2,,,10,http://www.nw.ch/coronastatistik,98,139,0,
2020-12-06,,NW,,1037,,7,2,,,10,http://www.nw.ch/coronastatistik,109,149,0,
2020-12-07,,NW,,1044,,6,2,,,10,http://www.nw.ch/coronastatistik,128,136,0,
2020-12-08,,NW,,1054,,5,1,,,10,http://www.nw.ch/coronastatistik,123,176,1,
2020-12-09,,NW,,1073,,8,1,,,10,http://www.nw.ch/coronastatistik,123,176,2,
2020-12-10,,NW,,1090,,8,1,,,10,http://www.nw.ch/coronastatistik,156,178,1,
2020-12-11,,NW,,1109,,4,1,,,10,http://www.nw.ch/coronastatistik,127,189,1,
2020-12-12,,NW,,1124,,3,0,,,11,http://www.nw.ch/coronastatistik,122,203,2,
2020-12-13,,NW,,1136,,3,1,,,11,http://www.nw.ch/coronastatistik,125,212,2,
2020-12-14,,NW,,1158,,3,2,,,11,http://www.nw.ch/coronastatistik,122,196,2,
2020-12-15,,NW,,1183,,6,2,,,11,http://www.nw.ch/coronastatistik,129,189,2,
2020-12-16,,NW,,1208,,8,2,,,11,http://www.nw.ch/coronastatistik,131,176,4,
2020-12-17,,NW,,1235,,7,3,,,12,http://www.nw.ch/coronastatistik,139,199,1,
2020-12-18,,NW,,1244,,6,3,,,12,http://www.nw.ch/coronastatistik,140,247,1,
2020-12-19,,NW,,1256,,7,3,,,12,http://www.nw.ch/coronastatistik,134,215,1,
2020-12-20,,NW,,1266,,8,4,,,12,http://www.nw.ch/coronastatistik,141,194,2,
2020-12-21,,NW,,1277,,10,3,,,12,http://www.nw.ch/coronastatistik,128,173,1,
2020-12-22,,NW,,1300,,8,2,,,12,http://www.nw.ch/coronastatistik,120,179,9,
2020-12-23,,NW,,1324,,4,1,,,12,http://www.nw.ch/coronastatistik,111,188,15,
2020-12-24,,NW,,1331,,4,1,,,12,http://www.nw.ch/coronastatistik,104,153,18,
2020-12-25,,NW,,1339,,5,1,,,12,http://www.nw.ch/coronastatistik,104,155,17,
2020-12-26,,NW,,1345,,5,1,,,12,http://www.nw.ch/coronastatistik,103,112,13,
2020-12-27,,NW,,1356,,7,3,,,12,http://www.nw.ch/coronastatistik,96,117,18,
2020-12-28,,NW,,1374,,7,3,,,12,http://www.nw.ch/coronastatistik,104,140,17,
2020-12-29,,NW,,1398,,7,2,,,12,http://www.nw.ch/coronastatistik,113,146,18,
2020-12-30,,NW,,1427,,6,2,,,12,http://www.nw.ch/coronastatistik,124,165,12,
2020-12-31,,NW,,1452,,5,2,,,12,http://www.nw.ch/coronastatistik,118,177,11,
2021-01-01,,NW,,1466,,6,2,,,12,http://www.nw.ch/coronastatistik,123,178,10,
2021-01-02,,NW,,1468,,7,3,,,12,http://www.nw.ch/coronastatistik,120,171,11,
2021-01-03,,NW,,1482,,8,3,,,12,http://www.nw.ch/coronastatistik,122,160,13,
2021-01-04,,NW,,1500,,9,3,,,12,http://www.nw.ch/coronastatistik,116,159,26,
2021-01-05,,NW,,1533,,10,2,,,12,http://www.nw.ch/coronastatistik,127,146,26,
2021-01-06,,NW,,1553,,10,1,,,12,http://www.nw.ch/coronastatistik,143,158,24,
2021-01-07,,NW,,1571,,10,1,,,13,http://www.nw.ch/coronastatistik,138,183,28,
2021-01-08,,NW,,1582,,9,3,,,13,http://www.nw.ch/coronastatistik,123,169,28,
2021-01-09,,NW,,1593,,8,3,,,13,http://www.nw.ch/coronastatistik,127,162,35,
2021-01-10,,NW,,1604,,8,3,,,13,http://www.nw.ch/coronastatistik,127,162,35,
2021-01-11,,NW,,1616,,9,3,,,13,http://www.nw.ch/coronastatistik,105,141,31,
2021-01-12,,NW,,1627,,8,2,,,13,http://www.nw.ch/coronastatistik,103,140,37,
2021-01-13,,NW,,1644,,11,2,,,13,http://www.nw.ch/coronastatistik,92,104,19,
2021-01-14,,NW,,1656,,10,3,,,13,http://www.nw.ch/coronastatistik,101,106,20,
2021-01-15,,NW,,1668,,12,3,,,13,http://www.nw.ch/coronastatistik,85,101,17,
2021-01-16,,NW,,1693,,10,2,,,14,http://www.nw.ch/coronastatistik,95,118,13,
2021-01-17,,NW,,1703,,9,2,,,14,http://www.nw.ch/coronastatistik,100,119,15,
2021-01-18,,NW,,1713,,10,2,,,14,http://www.nw.ch/coronastatistik,103,120,9,
2021-01-19,,NW,,1733,,13,3,,,14,http://www.nw.ch/coronastatistik,111,112,12,
2021-01-20,,NW,,1745,,14,3,,,14,http://www.nw.ch/coronastatistik,119,101,11,
2021-01-21,,NW,,1762,,9,3,,,15,http://www.nw.ch/coronastatistik,119,122,10,
2021-01-22,,NW,,1779,,8,3,,,15,http://www.nw.ch/coronastatistik,122,133,11,
2021-01-23,,NW,,1791,,12,3,,,16,http://www.nw.ch/coronastatistik,117,150,11,
2021-01-24,,NW,,1800,,12,3,,,16,http://www.nw.ch/coronastatistik,116,147,9,
2021-01-25,,NW,,1807,,13,3,,,16,http://www.nw.ch/coronastatistik,103,125,8,
2021-01-26,,NW,,1816,,13,2,,,16,http://www.nw.ch/coronastatistik,108,115,9,
2021-01-27,,NW,,1826,,12,2,,,16,http://www.nw.ch/coronastatistik,106,123,9,
2021-01-28,,NW,,1837,,12,2,,,16,http://www.nw.ch/coronastatistik,98,109,8,
2021-01-29,,NW,,1850,,9,2,,,16,http://www.nw.ch/coronastatistik,98,108,6,
2021-01-30,,NW,,1853,,9,3,,,16,http://www.nw.ch/coronastatistik,78,95,5,
2021-01-31,,NW,,1854,,9,4,,,16,http://www.nw.ch/coronastatistik,67,71,4,
2021-02-01,,NW,,1861,,10,3,,,16,http://www.nw.ch/coronastatistik,65,87,7,
2021-02-02,,NW,,1868,,9,3,,,16,http://www.nw.ch/coronastatistik,69,86,7,
2021-02-03,,NW,,1873,,6,3,,,16,http://www.nw.ch/coronastatistik,61,92,5,
2021-02-04,,NW,,1884,,5,2,,,16,http://www.nw.ch/coronastatistik,62,86,8,
2021-02-05,,NW,,1892,,3,2,,,16,http://www.nw.ch/coronastatistik,57,81,7,
2021-02-06,,NW,,1898,,5,1,,,16,http://www.nw.ch/coronastatistik,53,82,9,
2021-02-07,,NW,,1903,,5,1,,,16,http://www.nw.ch/coronastatistik,52,68,9,
2021-02-08,,NW,,1911,,5,1,,,16,http://www.nw.ch/coronastatistik,50,100,9,
2021-02-09,,NW,,1921,,7,2,,,17,http://www.nw.ch/coronastatistik,54,93,9,
2021-02-10,,NW,,1930,,6,2,,,17,http://www.nw.ch/coronastatistik,60,99,7,
2021-02-11,,NW,,1936,,4,2,,,17,http://www.nw.ch/coronastatistik,62,97,7,
2021-02-12,,NW,,1936,,5,2,,,18,http://www.nw.ch/coronastatistik,58,101,5,
2021-02-13,,NW,,1939,,6,2,,,18,http://www.nw.ch/coronastatistik,50,99,2,
2021-02-14,,NW,,1940,,6,2,,,18,http://www.nw.ch/coronastatistik,51,89,2,
2021-02-15,,NW,,1941,,5,2,,,19,http://www.nw.ch/coronastatistik,40,79,3,
2021-02-16,,NW,,1949,,6,2,,,19,http://www.nw.ch/coronastatistik,39,92,7,
2021-02-17,,NW,,1956,,6,2,,,19,http://www.nw.ch/coronastatistik,40,126,11,
2021-02-18,,NW,,1960,,6,2,,,19,http://www.nw.ch/coronastatistik,41,130,7,
2021-02-19,,NW,,1968,,4,2,,,19,http://www.nw.ch/coronastatistik,35,129,4,
2021-02-20,,NW,,1969,,4,2,,,19,http://www.nw.ch/coronastatistik,34,130,5,
2021-02-21,,NW,,1971,,4,2,,,19,http://www.nw.ch/coronastatistik,35,126,5,
2021-02-22,,NW,,1972,,4,2,,,19,http://www.nw.ch/coronastatistik,34,139,4,
2021-02-23,,NW,,1974,,2,2,,,19,http://www.nw.ch/coronastatistik,30,48,7,
2021-02-24,,NW,,1984,,1,1,,,19,http://www.nw.ch/coronastatistik,31,51,12,
2021-02-25,,NW,,1987,,1,1,,,19,http://www.nw.ch/coronastatistik,32,51,12,
2021-02-26,,NW,,1988,,2,1,,,19,http://www.nw.ch/coronastatistik,32,42,8,
2021-02-27,,NW,,1988,,2,2,,,19,http://www.nw.ch/coronastatistik,27,34,8,
2021-02-28,,NW,,1991,,2,2,,,19,http://www.nw.ch/coronastatistik,24,62,7,
2021-03-01,,NW,,1992,,1,0,,,19,http://www.nw.ch/coronastatistik,23,64,6,
2021-03-02,,NW,,1998,,1,0,,,19,http://www.nw.ch/coronastatistik,24,67,11,
2021-03-03,,NW,,2006,,1,0,,,19,http://www.nw.ch/coronastatistik,30,61,9,
2021-03-04,,NW,,2009,,1,1,,,19,http://www.nw.ch/coronastatistik,31,99,9,
2021-03-05,,NW,,2012,,1,1,,,19,http://www.nw.ch/coronastatistik,33,93,6,
2021-03-06,,NW,,2020,,1,1,,,19,http://www.nw.ch/coronastatistik,33,116,5,
2021-03-07,,NW,,2025,,1,1,,,19,http://www.nw.ch/coronastatistik,37,137,5,
2021-03-08,,NW,,2030,,1,1,,,19,http://www.nw.ch/coronastatistik,43,97,6,
2021-03-09,,NW,,2033,,2,1,,,19,http://www.nw.ch/coronastatistik,44,111,15,
2021-03-10,,NW,,2043,,2,1,,,19,http://www.nw.ch/coronastatistik,52,106,14,
2021-03-11,,NW,,2052,,2,1,,,19,http://www.nw.ch/coronastatistik,44,95,11,
2021-03-12,,NW,,2053,,1,1,,,19,http://www.nw.ch/coronastatistik,44,97,10,
2021-03-13,,NW,,2057,,1,1,,,19,http://www.nw.ch/coronastatistik,43,125,10,
2021-03-14,,NW,,2063,,1,1,,,19,http://www.nw.ch/coronastatistik,47,128,10,
2021-03-15,,NW,,2067,,1,1,,,19,http://www.nw.ch/coronastatistik,45,115,11,
2021-03-16,,NW,,2071,,2,1,,,19,http://www.nw.ch/coronastatistik,47,123,14,
2021-03-17,,NW,,2078,,2,1,,,19,http://www.nw.ch/coronastatistik,48,99,8,
2021-03-18,,NW,,2083,,2,1,,,19,http://www.nw.ch/coronastatistik,42,110,11,
2021-03-19,,NW,,2096,,3,2,,,19,http://www.nw.ch/coronastatistik,50,110,18,
2021-03-20,,NW,,2099,,3,2,,,19,http://www.nw.ch/coronastatistik,50,89,17,
2021-03-21,,NW,,2101,,3,2,,,19,http://www.nw.ch/coronastatistik,48,87,19,
2021-03-22,,NW,,2107,,3,1,,,19,http://www.nw.ch/coronastatistik,42,98,17,
2021-03-23,,NW,,2115,,3,1,,,19,http://www.nw.ch/coronastatistik,43,104,20,
2021-03-24,,NW,,2128,,3,1,,,19,http://www.nw.ch/coronastatistik,48,127,20,
2021-03-25,,NW,,2135,,4,1,,,19,http://www.nw.ch/coronastatistik,55,114,16,
2021-03-26,,NW,,2148,,4,1,,,19,http://www.nw.ch/coronastatistik,59,130,15,
2021-03-27,,NW,,2157,,4,1,,,19,http://www.nw.ch/coronastatistik,59,140,13,
2021-03-28,,NW,,2166,,5,1,,,19,http://www.nw.ch/coronastatistik,64,131,7,
2021-03-29,,NW,,2171,,5,2,,,19,http://www.nw.ch/coronastatistik,61,123,8,
2021-03-30,,NW,,2180,,3,1,,,19,http://www.nw.ch/coronastatistik,65,114,4,
2021-03-31,,NW,,2185,,4,1,,,19,http://www.nw.ch/coronastatistik,68,123,7,
2021-04-01,,NW,,2197,,2,1,,,19,http://www.nw.ch/coronastatistik,62,107,8,
2021-04-02,,NW,,2208,,3,1,,,19,http://www.nw.ch/coronastatistik,72,102,8,
2021-04-03,,NW,,2213,,3,1,,,19,http://www.nw.ch/coronastatistik,71,93,10,
2021-04-04,,NW,,2217,,3,1,,,19,http://www.nw.ch/coronastatistik,71,93,10,
2021-04-05,,NW,,2224,,3,1,,,19,http://www.nw.ch/coronastatistik,65,92,10,
2021-04-06,,NW,,2231,,4,2,,,19,http://www.nw.ch/coronastatistik,59,89,8,
2021-04-07,,NW,,2245,,2,2,,,19,http://www.nw.ch/coronastatistik,69,93,9,
2021-04-08,,NW,,2255,,3,2,,,19,http://www.nw.ch/coronastatistik,75,103,8,
2021-04-09,,NW,,2269,,3,2,,,19,http://www.nw.ch/coronastatistik,,,,
2021-04-10,,NW,,2276,,3,2,,,19,http://www.nw.ch/coronastatistik,79,91,6,
2021-04-11,,NW,,2285,,4,2,,,19,http://www.nw.ch/coronastatistik,78,89,6,
2021-04-12,,NW,,2287,,4,3,,,19,http://www.nw.ch/coronastatistik,73,84,7,
2021-04-13,,NW,,2304,,6,2,,,19,http://www.nw.ch/coronastatistik,74,87,10,
2021-04-14,,NW,,2312,,5,1,,,19,http://www.nw.ch/coronastatistik,74,91,10,
2021-04-15,,NW,,2326,,5,1,,,19,http://www.nw.ch/coronastatistik,73,92,8,
2021-04-16,,NW,,2336,,5,1,,,19,http://www.nw.ch/coronastatistik,72,100,7,
2021-04-17,,NW,,2339,,6,1,,,19,http://www.nw.ch/coronastatistik,66,93,5,
2021-04-18,,NW,,2346,,5,1,,,19,http://www.nw.ch/coronastatistik,64,91,5,
2021-04-19,,NW,,2358,,6,2,,,19,http://www.nw.ch/coronastatistik,68,77,4,
2021-04-20,,NW,,2367,,5,2,,,19,http://www.nw.ch/coronastatistik,66,61,10,
2021-04-21,,NW,,2375,,6,2,,,20,http://www.nw.ch/coronastatistik,71,66,8,
2021-04-22,,NW,,2379,,6,1,,,20,http://www.nw.ch/coronastatistik,67,60,8,
2021-04-23,,NW,,2390,,3,1,,,21,http://www.nw.ch/coronastatistik,66,56,7,
2021-04-24,,NW,,2405,,4,1,,,22,http://www.nw.ch/coronastatistik,69,55,10,
2021-04-25,,NW,,2406,,6,1,,,22,http://www.nw.ch/coronastatistik,62,37,10,
2021-04-26,,NW,,2419,,7,1,,,22,http://www.nw.ch/coronastatistik,64,55,11,
2021-04-27,,NW,,2427,,7,2,,,22,http://www.nw.ch/coronastatistik,74,67,6,
2021-04-28,,NW,,2438,,6,2,,,22,http://www.nw.ch/coronastatistik,72,75,5,
2021-04-29,,NW,,2450,,5,2,,,22,http://www.nw.ch/coronastatistik,72,74,5,
2021-04-30,,NW,,2453,,5,2,,,22,http://www.nw.ch/coronastatistik,84,94,4,
2021-05-01,,NW,,2461,,6,1,,,22,http://www.nw.ch/coronastatistik,72,89,4,
2021-05-02,,NW,,2464,,6,1,,,22,http://www.nw.ch/coronastatistik,64,102,2,
2021-05-03,,NW,,2469,,6,1,,,22,http://www.nw.ch/coronastatistik,58,93,2,
2021-05-04,,NW,,2488,,3,1,,,23,http://www.nw.ch/coronastatistik,64,100,4,
2021-05-05,,NW,,2495,,3,1,,,23,http://www.nw.ch/coronastatistik,64,124,4,
2021-05-06,,NW,,2507,,4,1,,,23,http://www.nw.ch/coronastatistik,64,146,4,
2021-05-07,,NW,,2519,,4,2,,,23,http://www.nw.ch/coronastatistik,67,172,4,
2021-05-08,,NW,,2526,,4,2,,,23,http://www.nw.ch/coronastatistik,,,,
2021-05-09,,NW,,2530,,5,2,,,23,http://www.nw.ch/coronastatistik,71,159,6,
2021-05-10,,NW,,2544,,5,1,,,23,http://www.nw.ch/coronastatistik,74,135,1,
2021-05-11,,NW,,2555,,4,1,,,23,http://www.nw.ch/coronastatistik,78,134,7,
2021-05-12,,NW,,2565,,4,1,,,23,http://www.nw.ch/coronastatistik,85,131,11,
2021-05-13,,NW,,2571,,4,1,,,23,http://www.nw.ch/coronastatistik,78,117,9,
2021-05-14,,NW,,2573,,3,1,,,23,http://www.nw.ch/coronastatistik,77,103,9,
2021-05-15,,NW,,2581,,3,1,,,23,http://www.nw.ch/coronastatistik,68,98,11,
2021-05-16,,NW,,2588,,3,1,,,23,http://www.nw.ch/coronastatistik,62,83,8,
2021-05-17,,NW,,2593,,3,1,,,23,http://www.nw.ch/coronastatistik,58,66,7,
2021-05-18,,NW,,2603,,2,1,,,23,http://www.nw.ch/coronastatistik,55,80,6,
2021-05-19,,NW,,2613,,3,1,,,23,http://www.nw.ch/coronastatistik,64,92,5,
2021-05-20,,NW,,2619,,3,1,,,23,http://www.nw.ch/coronastatistik,58,88,4,
2021-05-21,,NW,,2629,,2,1,,,23,http://www.nw.ch/coronastatistik,63,98,5,
2021-05-22,,NW,,2632,,2,1,,,23,http://www.nw.ch/coronastatistik,51,69,5,
2021-05-23,,NW,,2639,,2,1,,,23,http://www.nw.ch/coronastatistik,48,70,3,
2021-05-24,,NW,,2644,,2,1,,,23,http://www.nw.ch/coronastatistik,52,72,4,
2021-05-25,,NW,,2649,,3,1,,,23,http://www.nw.ch/coronastatistik,50,67,3,
2021-05-26,,NW,,2668,,2,1,,,23,http://www.nw.ch/coronastatistik,51,72,3,
2021-05-27,,NW,,2674,,2,1,,,23,http://www.nw.ch/coronastatistik,50,88,2,
2021-05-28,,NW,,2680,,2,0,,,23,http://www.nw.ch/coronastatistik,50,135,3,
2021-05-29,,NW,,2684,,2,0,,,23,http://www.nw.ch/coronastatistik,53,114,8,
2021-05-30,,NW,,2684,,2,0,,,23,http://www.nw.ch/coronastatistik,53,101,8,
2021-05-31,,NW,,2686,,2,0,,,23,http://www.nw.ch/coronastatistik,53,71,14,
2021-06-01,,NW,,2693,,2,0,,,23,http://www.nw.ch/coronastatistik,48,50,14,
2021-06-02,,NW,,2696,,2,0,,,23,http://www.nw.ch/coronastatistik,47,39,16,
2021-06-03,,NW,,2698,,3,0,,,23,http://www.nw.ch/coronastatistik,38,27,16,
2021-06-04,,NW,,2701,,0,0,,,23,http://www.nw.ch/coronastatistik,,,,
2021-06-05,,NW,,2706,,0,0,,,23,http://www.nw.ch/coronastatistik,32,22,17,
2021-06-06,,NW,,2709,,0,0,,,23,http://www.nw.ch/coronastatistik,29,25,16,
2021-06-07,,NW,,2710,,0,0,,,23,http://www.nw.ch/coronastatistik,26,25,18,
2021-06-08,,NW,,2716,,0,0,,,23,http://www.nw.ch/coronastatistik,29,29,20,
2021-06-09,,NW,,2721,,0,0,,,23,http://www.nw.ch/coronastatistik,30,32,19,
2021-06-10,,NW,,2721,,0,0,,,23,http://www.nw.ch/coronastatistik,25,31,16,
2021-06-11,,NW,,2728,,0,0,,,23,http://www.nw.ch/coronastatistik,25,28,11,
2021-06-12,,NW,,2728,,0,0,,,23,http://www.nw.ch/coronastatistik,23,26,12,
2021-06-13,,NW,,2729,,0,0,,,23,http://www.nw.ch/coronastatistik,23,21,10,
2021-06-14,,NW,,2729,,0,0,,,23,http://www.nw.ch/coronastatistik,17,15,14,
2021-06-15,,NW,,2732,,0,0,,,23,http://www.nw.ch/coronastatistik,15,13,13,
2021-06-16,,NW,,2732,,0,0,,,23,http://www.nw.ch/coronastatistik,12,13,14,
2021-06-17,,NW,,2732,,0,0,,,23,http://www.nw.ch/coronastatistik,11,20,15,
2021-06-18,,NW,,2733,,0,0,,,23,http://www.nw.ch/coronastatistik,10,22,12,
2021-06-19,,NW,,2734,,0,0,,,23,http://www.nw.ch/coronastatistik,10,19,16,
2021-06-20,,NW,,2736,,0,0,,,23,http://www.nw.ch/coronastatistik,12,26,15,
2021-06-21,,NW,,2736,,0,0,,,23,http://www.nw.ch/coronastatistik,10,23,13,
2021-06-22,,NW,,2734,,0,0,,,23,http://www.nw.ch/coronastatistik,10,23,13,
2021-06-23,,NW,,2737,,0,0,,,23,http://www.nw.ch/coronastatistik,,,,
2021-06-24,,NW,,2737,,0,0,,,23,http://www.nw.ch/coronastatistik,9,30,12,
2021-06-25,,NW,,2737,,0,0,,,23,http://www.nw.ch/coronastatistik,7,30,9,
2021-06-26,,NW,,2737,,0,0,,,23,http://www.nw.ch/coronastatistik,7,30,9,
2021-06-27,,NW,,2737,,0,0,,,23,http://www.nw.ch/coronastatistik,4,27,9,
2021-06-28,,NW,,2737,,0,0,,,23,http://www.nw.ch/coronastatistik,4,24,8,
2021-06-29,,NW,,2737,,0,0,,,23,http://www.nw.ch/coronastatistik,3,14,4,
2021-06-30,,NW,,2735,,0,0,,,23,http://www.nw.ch/coronastatistik,3,12,4,
2021-07-01,,NW,,2735,,0,0,,,23,http://www.nw.ch/coronastatistik,3,11,3,
2021-07-02,,NW,,2735,,0,0,,,23,http://www.nw.ch/coronastatistik,2,6,3,
2021-07-03,,NW,,2735,,0,0,,,23,http://www.nw.ch/coronastatistik,1,3,3,
2021-07-04,,NW,,2735,,0,0,,,23,http://www.nw.ch/coronastatistik,1,2,3,
2021-07-05,,NW,,2736,,0,0,,,23,http://www.nw.ch/coronastatistik,2,2,4,
2021-07-06,,NW,,2737,,0,0,,,23,http://www.nw.ch/coronastatistik,2,4,4,
2021-07-07,,NW,,2738,,0,0,,,23,http://www.nw.ch/coronastatistik,3,4,1,
2021-07-08,,NW,,2741,,0,0,,,23,http://www.nw.ch/coronastatistik,3,4,2,
2021-07-09,,NW,,2742,,0,0,,,23,http://www.nw.ch/coronastatistik,5,7,2,
2021-07-10,,NW,,2744,,0,0,,,23,http://www.nw.ch/coronastatistik,7,6,1,
2021-07-11,,NW,,2744,,0,0,,,23,http://www.nw.ch/coronastatistik,8,5,1,
2021-07-12,,NW,,2745,,0,0,,,23,http://www.nw.ch/coronastatistik,8,4,2,
2021-07-13,,NW,,2749,,0,0,,,23,http://www.nw.ch/coronastatistik,9,5,2,
2021-07-14,,NW,,2750,,0,0,,,23,http://www.nw.ch/coronastatistik,11,6,2,
2021-07-15,,NW,,2751,,0,0,,,23,http://www.nw.ch/coronastatistik,11,6,2,
2021-07-16,,NW,,2754,,0,0,,,23,http://www.nw.ch/coronastatistik,9,6,2,
2021-07-17,,NW,,2755,,0,0,,,23,http://www.nw.ch/coronastatistik,11,10,2,
2021-07-18,,NW,,2757,,0,0,,,23,http://www.nw.ch/coronastatistik,13,10,1,
2021-07-19,,NW,,2761,,0,0,,,23,http://www.nw.ch/coronastatistik,13,10,1,
2021-07-20,,NW,,2769,,0,0,,,23,http://www.nw.ch/coronastatistik,21,16,1,
2021-07-21,,NW,,2771,,0,0,,,23,http://www.nw.ch/coronastatistik,21,17,1,
2021-07-22,,NW,,2772,,0,0,,,23,http://www.nw.ch/coronastatistik,21,17,1,
2021-07-23,,NW,,2772,,0,0,,,23,http://www.nw.ch/coronastatistik,19,16,0,
2021-07-24,,NW,,2775,,2,0,,,23,http://www.nw.ch/coronastatistik,17,15,2,
2021-07-25,,NW,,2777,,3,0,,,23,http://www.nw.ch/coronastatistik,17,17,2,
2021-07-26,,NW,,2780,,3,1,,,23,http://www.nw.ch/coronastatistik,18,17,2,
2021-07-27,,NW,,2784,,3,1,,,23,http://www.nw.ch/coronastatistik,21,12,1,
2021-07-28,,NW,,2788,,3,1,,,23,http://www.nw.ch/coronastatistik,25,11,1,
2021-07-29,,NW,,2791,,3,1,,,23,http://www.nw.ch/coronastatistik,24,11,1,
2021-07-30,,NW,,2794,,3,1,,,23,http://www.nw.ch/coronastatistik,25,11,1,
2021-07-31,,NW,,2797,,2,1,,,23,http://www.nw.ch/coronastatistik,27,8,0,
2021-08-01,,NW,,2797,,2,1,,,23,http://www.nw.ch/coronastatistik,27,7,0,
2021-08-02,,NW,,2804,,3,2,,,23,http://www.nw.ch/coronastatistik,25,5,1,
2021-08-03,,NW,,2809,,3,2,,,23,http://www.nw.ch/coronastatistik,20,4,1,
2021-08-04,,NW,,2812,,3,1,,,23,http://www.nw.ch/coronastatistik,26,8,4,
2021-08-05,,NW,,2813,,3,1,,,23,http://www.nw.ch/coronastatistik,26,9,1,
2021-08-06,,NW,,2816,,3,1,,,23,http://www.nw.ch/coronastatistik,25,12,1,
2021-08-07,,NW,,2820,,3,1,,,23,http://www.nw.ch/coronastatistik,26,15,2,
2021-08-08,,NW,,2825,,3,1,,,23,http://www.nw.ch/coronastatistik,30,13,3,
2021-08-09,,NW,,2825,,3,2,,,23,http://www.nw.ch/coronastatistik,27,13,2,
2021-08-10,,NW,,2831,,3,2,,,23,http://www.nw.ch/coronastatistik,32,17,2,
2021-08-11,,NW,,2835,,3,2,,,23,http://www.nw.ch/coronastatistik,27,15,2,
2021-08-12,,NW,,2841,,5,1,,,23,http://www.nw.ch/coronastatistik,28,17,2,
2021-08-13,,NW,,2854,,5,1,,,23,http://www.nw.ch/coronastatistik,37,16,2,
2021-08-14,,NW,,2857,,4,1,,,23,http://www.nw.ch/coronastatistik,39,19,0,
2021-08-15,,NW,,2864,,5,2,,,23,http://www.nw.ch/coronastatistik,39,21,0,
2021-08-16,,NW,,2872,,6,1,,,23,http://www.nw.ch/coronastatistik,45,21,0,
2021-08-17,,NW,,2885,,6,1,,,23,http://www.nw.ch/coronastatistik,55,27,0,
2021-08-18,,NW,,2896,,6,2,,,23,http://www.nw.ch/coronastatistik,64,32,0,
2021-08-19,,NW,,2907,,5,2,,,23,http://www.nw.ch/coronastatistik,70,38,0,
2021-08-20,,NW,,2910,,4,2,,,23,http://www.nw.ch/coronastatistik,68,39,0,
2021-08-21,,NW,,2913,,3,2,,,23,http://www.nw.ch/coronastatistik,59,34,0,
2021-08-22,,NW,,2916,,3,2,,,23,http://www.nw.ch/coronastatistik,56,36,0,
2021-08-23,,NW,,2920,,3,2,,,23,http://www.nw.ch/coronastatistik,43,30,0,
2021-08-24,,NW,,2926,,2,1,,,23,http://www.nw.ch/coronastatistik,42,26,0,
2021-08-25,,NW,,2935,,3,2,,,23,http://www.nw.ch/coronastatistik,38,27,0,
2021-08-26,,NW,,2943,,2,2,,,23,http://www.nw.ch/coronastatistik,41,31,0,
2021-08-27,,NW,,2951,,2,2,,,23,http://www.nw.ch/coronastatistik,47,33,0,
2021-08-28,,NW,,2960,,3,2,,,23,http://www.nw.ch/coronastatistik,42,39,0,
2021-08-29,,NW,,2965,,3,2,,,23,http://www.nw.ch/coronastatistik,39,37,0,
2021-08-30,,NW,,2974,,3,2,,,23,http://www.nw.ch/coronastatistik,49,48,0,
2021-08-31,,NW,,2984,,2,2,,,23,http://www.nw.ch/coronastatistik,51,49,1,
2021-09-01,,NW,,2998,,2,2,,,23,http://www.nw.ch/coronastatistik,62,64,0,
2021-09-02,,NW,,3016,,2,2,,,23,http://www.nw.ch/coronastatistik,,,,
2021-09-03,,NW,,3029,,2,2,,,23,http://www.nw.ch/coronastatistik,74,78,0,
2021-09-04,,NW,,3041,,2,2,,,23,http://www.nw.ch/coronastatistik,,,,
2021-09-05,,NW,,3052,,2,2,,,23,http://www.nw.ch/coronastatistik,,,,
2021-09-06,,NW,,3060,,2,2,,,23,http://www.nw.ch/coronastatistik,86,91,0,
2021-09-07,,NW,,3074,,2,2,,,23,http://www.nw.ch/coronastatistik,100,110,0,
2021-09-08,,NW,,3088,,2,2,,,23,http://www.nw.ch/coronastatistik,101,104,0,
2021-09-09,,NW,,3100,,3,1,,,23,http://www.nw.ch/coronastatistik,110,118,0,
2021-09-10,,NW,,3119,,3,1,,,23,http://www.nw.ch/coronastatistik,118,129,0,
2021-09-11,,NW,,3127,,3,1,,,23,http://www.nw.ch/coronastatistik,,,,
2021-09-12,,NW,,3135,,4,1,,,23,http://www.nw.ch/coronastatistik,90,125,0,
2021-09-13,,NW,,3142,,4,1,,,23,http://www.nw.ch/coronastatistik,88,124,0,
2021-09-14,,NW,,3153,,4,1,,,23,http://www.nw.ch/coronastatistik,84,101,1,
2021-09-15,,NW,,3166,,4,1,,,23,http://www.nw.ch/coronastatistik,80,87,0,
2021-09-16,,NW,,3178,,3,1,,,23,http://www.nw.ch/coronastatistik,80,85,0,
2021-09-17,,NW,,3187,,5,2,,,23,http://www.nw.ch/coronastatistik,77,84,0,
2021-09-18,,NW,,3191,,6,2,,,23,http://www.nw.ch/coronastatistik,73,87,0,
2021-09-19,,NW,,3199,,5,2,,,23,http://www.nw.ch/coronastatistik,64,77,0,
2021-09-20,,NW,,3209,,7,2,,,23,http://www.nw.ch/coronastatistik,64,76,0,
2021-09-21,,NW,,3215,,6,2,,,23,http://www.nw.ch/coronastatistik,61,66,,
2021-09-22,,NW,,3224,,6,2,,,23,http://www.nw.ch/coronastatistik,61,56,,
2021-09-23,,NW,,3228,,6,1,,,23,http://www.nw.ch/coronastatistik,63,51,,
2021-09-24,,NW,,3233,,4,1,,,23,http://www.nw.ch/coronastatistik,56,47,,
2021-09-25,,NW,,3236,,5,1,,,23,http://www.nw.ch/coronastatistik,60,48,,
2021-09-26,,NW,,3243,,3,1,,,23,http://www.nw.ch/coronastatistik,57,48,,
2021-09-27,,NW,,3251,,5,1,,,23,http://www.nw.ch/coronastatistik,45,40,,
2021-09-28,,NW,,3256,,5,1,,,23,http://www.nw.ch/coronastatistik,42,41,,
2021-09-29,,NW,,3267,,5,1,,,23,http://www.nw.ch/coronastatistik,43,41,,
2021-09-30,,NW,,3269,,4,1,,,23,http://www.nw.ch/coronastatistik,48,38,,
2021-10-01,,NW,,3277,,5,2,,,23,http://www.nw.ch/coronastatistik,50,34,,
2021-10-02,,NW,,3282,,5,2,,,23,http://www.nw.ch/coronastatistik,50,29,,
2021-10-03,,NW,,3285,,5,2,,,23,http://www.nw.ch/coronastatistik,42,35,,
2021-10-04,,NW,,3290,,5,2,,,23,http://www.nw.ch/coronastatistik,43,31,,
2021-10-05,,NW,,3297,,4,2,,,23,http://www.nw.ch/coronastatistik,43,37,,
2021-10-06,,NW,,3305,,4,2,,,23,http://www.nw.ch/coronastatistik,49,42,,
2021-10-07,,NW,,3313,,4,2,,,23,http://www.nw.ch/coronastatistik,50,37,,
2021-10-08,,NW,,3323,,4,2,,,23,http://www.nw.ch/coronastatistik,51,29,,
2021-10-09,,NW,,3337,,5,2,,,23,http://www.nw.ch/coronastatistik,52,32,,
2021-10-10,,NW,,3340,,5,2,,,23,http://www.nw.ch/coronastatistik,53,33,,
2021-10-11,,NW,,3348,,5,1,,,23,http://www.nw.ch/coronastatistik,52,34,,
2021-10-12,,NW,,3367,,7,1,,,24,http://www.nw.ch/coronastatistik,60,38,,
2021-10-13,,NW,,3372,,6,1,,,24,http://www.nw.ch/coronastatistik,68,32,,
2021-10-14,,NW,,3384,,6,1,,,25,http://www.nw.ch/coronastatistik,71,42,,
2021-10-15,,NW,,3407,,5,1,,,25,http://www.nw.ch/coronastatistik,86,56,,
2021-10-16,,NW,,3419,,5,1,,,25,http://www.nw.ch/coronastatistik,79,65,,
2021-10-17,,NW,,3431,,4,1,,,25,http://www.nw.ch/coronastatistik,79,63,,
2021-10-18,,NW,,3443,,2,1,,,25,http://www.nw.ch/coronastatistik,81,53,,
2021-10-19,,NW,,3460,,2,1,,,25,http://www.nw.ch/coronastatistik,86,51,,
2021-10-20,,NW,,3469,,4,2,,,25,http://www.nw.ch/coronastatistik,89,56,,
2021-10-21,,NW,,3477,,4,2,,,25,http://www.nw.ch/coronastatistik,87,47,,
2021-10-22,,NW,,3494,,4,2,,,25,http://www.nw.ch/coronastatistik,88,63,,
2021-10-23,,NW,,3506,,4,2,,,25,http://www.nw.ch/coronastatistik,,,,
2021-10-24,,NW,,3512,,4,2,,,25,http://www.nw.ch/coronastatistik,92,55,,
2021-10-25,,NW,,3522,,4,2,,,25,http://www.nw.ch/coronastatistik,86,51,,
2021-10-26,,NW,,3551,,5,2,,,25,http://www.nw.ch/coronastatistik,107,59,,
2021-10-27,,NW,,3577,,7,2,,,25,http://www.nw.ch/coronastatistik,115,67,,
2021-10-28,,NW,,3606,,6,3,,,26,http://www.nw.ch/coronastatistik,119,91,,
2021-10-29,,NW,,3642,,7,3,,,26,http://www.nw.ch/coronastatistik,148,110,,
2021-10-30,,NW,,3673,,7,3,,,26,http://www.nw.ch/coronastatistik,144,137,,
2021-10-31,,NW,,3687,,6,2,,,26,http://www.nw.ch/coronastatistik,163,187,,
2021-11-01,,NW,,3705,,6,2,,,26,http://www.nw.ch/coronastatistik,181,213,,
2021-11-02,,NW,,3712,,6,2,,,26,http://www.nw.ch/coronastatistik,189,214,,
2021-11-03,,NW,,3761,,7,3,,,26,http://www.nw.ch/coronastatistik,203,215,,
2021-11-04,,NW,,3797,,5,2,,,26,http://www.nw.ch/coronastatistik,227,236,,
2021-11-05,,NW,,3831,,4,2,,,26,http://www.nw.ch/coronastatistik,217,227,,
2021-11-06,,NW,,3865,,3,2,,,26,http://www.nw.ch/coronastatistik,224,219,,
2021-11-07,,NW,,3905,,3,2,,,26,http://www.nw.ch/coronastatistik,221,208,,
2021-11-08,,NW,,3919,,4,2,,,26,http://www.nw.ch/coronastatistik,204,247,,
2021-11-09,,NW,,3972,,6,2,,,26,http://www.nw.ch/coronastatistik,220,208,,
2021-11-10,,NW,,4016,,5,2,,,26,http://www.nw.ch/coronastatistik,221,192,,
2021-11-11,,NW,,4064,,4,2,,,26,http://www.nw.ch/coronastatistik,258,199,,
2021-11-12,,NW,,4108,,6,2,,,26,http://www.nw.ch/coronastatistik,259,212,,
2021-11-13,,NW,,4159,,5,2,,,26,http://www.nw.ch/coronastatistik,234,215,,
2021-11-14,,NW,,4209,,4,2,,,27,http://www.nw.ch/coronastatistik,239,201,,
2021-11-15,,NW,,4235,,3,2,,,27,http://www.nw.ch/coronastatistik,259,214,,
2021-11-16,,NW,,4304,,5,3,,,27,http://www.nw.ch/coronastatistik,262,243,,
2021-11-17,,NW,,4395,,4,2,,,27,http://www.nw.ch/coronastatistik,268,235,,
2021-11-18,,NW,,4450,,2,2,,,27,http://www.nw.ch/coronastatistik,302,230,,
2021-11-19,,NW,,4510,,2,2,,,27,http://www.nw.ch/coronastatistik,285,252,,
2021-11-20,,NW,,4566,,3,2,,,27,http://www.nw.ch/coronastatistik,277,234,,
2021-11-21,,NW,,4591,,3,2,,,27,http://www.nw.ch/coronastatistik,284,213,,
2021-11-22,,NW,,4612,,4,2,,,27,http://www.nw.ch/coronastatistik,302,232,,
2021-11-23,,NW,,4654,,3,2,,,27,http://www.nw.ch/coronastatistik,276,212,,
2021-11-24,,NW,,4714,,3,2,,,28,http://www.nw.ch/coronastatistik,242,174,,
2021-11-25,,NW,,4780,,3,2,,,28,http://www.nw.ch/coronastatistik,259,167,,
2021-11-26,,NW,,4848,,3,2,,,28,http://www.nw.ch/coronastatistik,233,147,,
2021-11-27,,NW,,4912,,3,2,,,28,http://www.nw.ch/coronastatistik,197,148,,
2021-11-28,,NW,,4955,,3,1,,,28,http://www.nw.ch/coronastatistik,228,144,,
2021-11-29,,NW,,4998,,3,1,,,28,http://www.nw.ch/coronastatistik,262,156,,
2021-11-30,,NW,,5072,,3,1,,,28,http://www.nw.ch/coronastatistik,298,147,,
2021-12-01,,NW,,5113,,3,1,,,28,http://www.nw.ch/coronastatistik,293,152,,
2021-12-02,,NW,,5165,,4,2,,,28,http://www.nw.ch/coronastatistik,295,163,,
2021-12-03,,NW,,5217,,3,2,,,28,http://www.nw.ch/coronastatistik,317,148,,
2021-12-04,,NW,,5250,,4,2,,,28,http://www.nw.ch/coronastatistik,262,142,,
2021-12-05,,NW,,5306,,4,2,,,28,http://www.nw.ch/coronastatistik,266,120,,
2021-12-06,,NW,,5348,,5,2,,,29,http://www.nw.ch/coronastatistik,262,123,,
2021-12-07,,NW,,5407,,6,2,,,29,http://www.nw.ch/coronastatistik,230,119,,
2021-12-08,,NW,,5498,,4,1,,,29,http://www.nw.ch/coronastatistik,345,137,,
2021-12-09,,NW,,5572,,6,2,,,29,http://www.nw.ch/coronastatistik,415,147,,
2021-12-10,,NW,,5620,,7,1,,,30,http://www.nw.ch/coronastatistik,384,179,,
2021-12-11,,NW,,5696,,5,1,,,30,http://www.nw.ch/coronastatistik,432,160,,
2021-12-12,,NW,,5726,,5,2,,,30,http://www.nw.ch/coronastatistik,,,,
2021-12-13,,NW,,5752,,6,2,,,30,http://www.nw.ch/coronastatistik,458,203,,
2021-12-14,,NW,,5795,,6,2,,,30,http://www.nw.ch/coronastatistik,400,190,,
2021-12-15,,NW,,5854,,7,2,,,30,http://www.nw.ch/coronastatistik,421,194,,
2021-12-16,,NW,,5906,,9,3,,,30,http://www.nw.ch/coronastatistik,434,218,,
2021-12-17,,NW,,5949,,10,2,,,31,http://www.nw.ch/coronastatistik,402,221,,
2021-12-18,,NW,,6003,,9,2,,,31,http://www.nw.ch/coronastatistik,423,217,,
2021-12-19,,NW,,6047,,9,2,,,31,http://www.nw.ch/coronastatistik,389,214,,
2021-12-20,,NW,,6103,,11,3,,,31,http://www.nw.ch/coronastatistik,418,219,,
2021-12-21,,NW,,6154,,10,2,,,31,http://www.nw.ch/coronastatistik,353,194,,
2021-12-22,,NW,,6241,,7,2,,,31,http://www.nw.ch/coronastatistik,379,196,,
2021-12-23,,NW,,6299,,8,2,,,31,http://www.nw.ch/coronastatistik,388,202,,
2021-12-24,,NW,,6362,,8,2,,,31,http://www.nw.ch/coronastatistik,378,207,,
2021-12-25,,NW,,6395,,8,2,,,31,http://www.nw.ch/coronastatistik,395,205,,
2021-12-26,,NW,,6424,,9,2,,,31,http://www.nw.ch/coronastatistik,386,202,,
2021-12-27,,NW,,6485,,9,3,,,31,http://www.nw.ch/coronastatistik,412,209,,
2021-12-28,,NW,,6595,,8,3,,,31,http://www.nw.ch/coronastatistik,,,,
2021-12-29,,NW,,6687,,7,3,,,31,http://www.nw.ch/coronastatistik,470,196,,
2021-12-30,,NW,,6769,,7,3,,,31,http://www.nw.ch/coronastatistik,470,196,,
2021-12-31,,NW,,6854,,6,3,,,31,http://www.nw.ch/coronastatistik,490,186,,
2022-01-01,,NW,,6904,,5,3,,,31,http://www.nw.ch/coronastatistik,469,187,,
2022-01-02,,NW,,6932,,5,2,,,31,http://www.nw.ch/coronastatistik,454,167,,
2022-01-03,,NW,,7006,,5,2,,,31,http://www.nw.ch/coronastatistik,469,170,,
2022-01-04,,NW,,7119,,4,2,,,31,http://www.nw.ch/coronastatistik,509,174,,
2022-01-05,,NW,,7284,,4,1,,,32,http://www.nw.ch/coronastatistik,584,190,,
2022-01-06,,NW,,7334,,4,1,,,32,http://www.nw.ch/coronastatistik,588,194,,
2022-01-07,,NW,,7482,,5,2,,,32,http://www.nw.ch/coronastatistik,674,192,,
2022-01-08,,NW,,7574,,6,3,,,32,http://www.nw.ch/coronastatistik,686,189,,
2022-01-09,,NW,,7624,,7,3,,,32,http://www.nw.ch/coronastatistik,693,175,,
2022-01-10,,NW,,7658,,7,2,,,32,http://www.nw.ch/coronastatistik,672,186,,
2022-01-11,,NW,,7842,,7,2,,,32,http://www.nw.ch/coronastatistik,759,163,,
2022-01-12,,NW,,7902,,6,1,,,32,http://www.nw.ch/coronastatistik,782,136,,
2022-01-13,,NW,,8016,,6,0,,,32,http://www.nw.ch/coronastatistik,538,122,,
2022-01-14,,NW,,8182,,4,0,,,32,http://www.nw.ch/coronastatistik,401,144,,
2022-01-15,,NW,,8202,,4,0,,,32,http://www.nw.ch/coronastatistik,322,161,,
2022-01-16,,NW,,8254,,4,0,,,32,http://www.nw.ch/coronastatistik,293,191,,
2022-01-17,,NW,,8476,,5,0,,,32,http://www.nw.ch/coronastatistik,395,237,,
2022-01-18,,NW,,8712,,5,0,,,32,http://www.nw.ch/coronastatistik,423,252,,
2022-01-19,,NW,,8818,,5,0,,,33,http://www.nw.ch/coronastatistik,643,261,,
2022-01-20,,NW,,8985,,5,0,,,33,http://www.nw.ch/coronastatistik,643,261,,
2022-01-21,,NW,,9140,,5,1,,,33,http://www.nw.ch/coronastatistik,559,213,,
2022-01-22,,NW,,9248,,4,1,,,33,http://www.nw.ch/coronastatistik,510,253,,
2022-01-23,,NW,,9305,,3,1,,,33,http://www.nw.ch/coronastatistik,445,263,,
2022-01-24,,NW,,9515,,3,1,,,33,http://www.nw.ch/coronastatistik,482,263,,
2022-01-25,,NW,,9754,,4,1,,,33,http://www.nw.ch/coronastatistik,439,233,,
2022-01-26,,NW,,10043,,4,1,,,33,http://www.nw.ch/coronastatistik,618,185,,
2022-01-27,,NW,,10302,,4,1,,,33,http://www.nw.ch/coronastatistik,724,215,,
2022-01-28,,NW,,10630,,4,1,,,33,http://www.nw.ch/coronastatistik,772,219,,
2022-01-29,,NW,,10844,,4,1,,,33,http://www.nw.ch/coronastatistik,751,196,,
2022-01-30,,NW,,11113,,5,1,,,33,http://www.nw.ch/coronastatistik,636,143,,
2022-01-31,,NW,,11276,,6,1,,,33,http://www.nw.ch/coronastatistik,625,124,,
2022-02-01,,NW,,11499,,5,1,,,33,http://www.nw.ch/coronastatistik,783,100,,
2022-02-02,,NW,,11630,,4,1,,,34,http://www.nw.ch/coronastatistik,742,74,,
2022-02-03,,NW,,11925,,5,1,,,34,http://www.nw.ch/coronastatistik,699,0,,
2022-02-04,,NW,,12180,,5,1,,,34,http://www.nw.ch/coronastatistik,661,0,,
2022-02-05,,NW,,12328,,3,1,,,34,http://www.nw.ch/coronastatistik,677,0,,
2022-02-06,,NW,,12451,,3,1,,,34,http://www.nw.ch/coronastatistik,503,0,,
2022-02-07,,NW,,12555,,4,1,,,34,http://www.nw.ch/coronastatistik,452,0,,
2022-02-08,,NW,,12692,,4,1,,,34,http://www.nw.ch/coronastatistik,335,0,,
2022-02-09,,NW,,12881,,2,0,,,34,http://www.nw.ch/coronastatistik,376,,,
2022-02-10,,NW,,12994,,1,0,,,34,http://www.nw.ch/coronastatistik,433,,,
2022-02-11,,NW,,13140,,1,0,,,34,http://www.nw.ch/coronastatistik,420,,,
2022-02-12,,NW,,13270,,1,0,,,34,http://www.nw.ch/coronastatistik,379,,,
2022-02-13,,NW,,13334,,0,0,,,34,http://www.nw.ch/coronastatistik,317,,,
2022-02-14,,NW,,13443,,1,0,,,34,http://www.nw.ch/coronastatistik,306,,,
2022-02-15,,NW,,13557,,1,0,,,34,http://www.nw.ch/coronastatistik,317,,,
2022-02-16,,NW,,13659,,1,0,,,34,http://www.nw.ch/coronastatistik,339,,,
2022-02-17,,NW,,13774,,2,0,,,34,http://www.nw.ch/coronastatistik,309,,,
2022-02-18,,NW,,13861,,3,0,,,34,http://www.nw.ch/coronastatistik,293,,,
2022-02-19,,NW,,13950,,2,0,,,34,http://www.nw.ch/coronastatistik,246,,,
2022-02-20,,NW,,14003,,2,0,,,34,http://www.nw.ch/coronastatistik,225,,,
2022-02-21,,NW,,14050,,2,0,,,34,http://www.nw.ch/coronastatistik,192,,,
2022-02-22,,NW,,14150,,2,0,,,34,http://www.nw.ch/coronastatistik,220,,,
2022-02-23,,NW,,14237,,4,0,,,35,http://www.nw.ch/coronastatistik,228,,,
2022-02-24,,NW,,14325,,4,0,,,35,http://www.nw.ch/coronastatistik,233,,,
2022-02-25,,NW,,14376,,3,0,,,35,http://www.nw.ch/coronastatistik,243,,,
2022-02-26,,NW,,14448,,3,0,,,35,http://www.nw.ch/coronastatistik,224,,,
2022-02-27,,NW,,14478,,3,0,,,35,http://www.nw.ch/coronastatistik,203,,,
2022-02-28,,NW,,14690,,3,0,,,35,http://www.nw.ch/coronastatistik,244,,,
2022-03-01,,NW,,14704,,3,0,,,35,http://www.nw.ch/coronastatistik,285,,,
2022-03-02,,NW,,14826,,2,0,,,35,http://www.nw.ch/coronastatistik,306,,,
2022-03-03,,NW,,14988,,4,0,,,35,http://www.nw.ch/coronastatistik,399,,,
