date,time,abbreviation_canton_and_fl,ncumul_tested,ncumul_conf,new_hosp,current_hosp,current_icu,current_vent,ncumul_released,ncumul_deceased,source,current_isolated,current_quarantined,current_quarantined_riskareatravel
2020-03-02,,SG,,1,,,,,,,https://www.sg.ch/tools/informationen-coronavirus.html,,,
2020-03-03,,SG,,1,,,,,,,https://www.sg.ch/tools/informationen-coronavirus.html,,,
2020-03-04,06:35,SG,,1,,,,,,,https://www.sg.ch/tools/informationen-coronavirus.html,,,
2020-03-05,,SG,,1,,,,,,,https://www.sg.ch/tools/informationen-coronavirus.html,,,
2020-03-06,15:38,SG,,4,,,,,,,https://www.sg.ch/tools/informationen-coronavirus.html,,,
2020-03-07,,SG,,4,,,,,,,https://www.sg.ch/tools/informationen-coronavirus.html,,,
2020-03-08,,SG,,5,,,,,,,https://www.sg.ch/tools/informationen-coronavirus.html,,,
2020-03-09,,SG,,13,,,,,,,https://www.sg.ch/tools/informationen-coronavirus.html,,,
2020-03-10,,SG,,14,,,,,,,https://www.sg.ch/tools/informationen-coronavirus.html,,,
2020-03-11,,SG,,22,,,,,,,https://www.sg.ch/tools/informationen-coronavirus.html,,,
2020-03-12,,SG,,30,,,,,,,https://www.sg.ch/tools/informationen-coronavirus.html,,,
2020-03-13,,SG,,39,,,,,,,https://www.sg.ch/tools/informationen-coronavirus.html,,,
2020-03-14,,SG,,46,,,,,,,https://www.sg.ch/tools/informationen-coronavirus.html,,,
2020-03-15,,SG,,49,,,,,,,https://www.sg.ch/tools/informationen-coronavirus.html,,,
2020-03-16,,SG,,77,,,,,,,https://www.sg.ch/tools/informationen-coronavirus.html,,,
2020-03-17,,SG,,106,,,,,,,https://www.sg.ch/tools/informationen-coronavirus.html,,,
2020-03-18,,SG,,133,,,,,,,https://www.sg.ch/tools/informationen-coronavirus.html,,,
2020-03-19,,SG,,153,,,,,,,https://www.sg.ch/tools/informationen-coronavirus.html,,,
2020-03-20,,SG,,192,,,,,,,https://www.sg.ch/tools/informationen-coronavirus.html,,,
2020-03-21,,SG,,201,,,,,,,https://www.sg.ch/tools/informationen-coronavirus.html,,,
2020-03-22,,SG,,212,,,,,,,https://www.sg.ch/tools/informationen-coronavirus.html,,,
2020-03-23,,SG,,261,,,,,,1,https://www.sg.ch/tools/informationen-coronavirus.html,,,
2020-03-24,,SG,,290,,,,,,1,https://www.sg.ch/tools/informationen-coronavirus.html,,,
2020-03-25,,SG,,320,,,,,,1,https://www.sg.ch/tools/informationen-coronavirus.html,,,
2020-03-26,,SG,,351,,,,,,1,https://www.sg.ch/tools/informationen-coronavirus.html,,,
2020-03-27,,SG,,386,,,,,,2,https://www.sg.ch/tools/informationen-coronavirus.html,,,
2020-03-28,,SG,,394,,,,,,5,https://www.sg.ch/tools/informationen-coronavirus.html,,,
2020-03-29,,SG,,396,,,,,,5,https://www.sg.ch/tools/informationen-coronavirus.html,,,
2020-03-30,,SG,,433,,,,,,7,https://www.sg.ch/tools/informationen-coronavirus.html,,,
2020-03-31,,SG,,469,,,,,,7,https://www.sg.ch/tools/informationen-coronavirus.html,,,
2020-04-01,,SG,,491,,48,12,10,,7,https://www.sg.ch/tools/informationen-coronavirus.html,,,
2020-04-02,,SG,,513,,61,12,9,49,8,https://www.sg.ch/tools/informationen-coronavirus.html,,,
2020-04-03,,SG,,545,,61,11,9,50,8,https://www.sg.ch/tools/informationen-coronavirus.html,,,
2020-04-04,,SG,,554,,61,12,10,62,9,https://www.sg.ch/tools/informationen-coronavirus.html,,,
2020-04-05,,SG,,560,,61,11,11,70,9,https://www.sg.ch/tools/informationen-coronavirus.html,,,
2020-04-06,,SG,,596,,61,10,8,75,11,https://www.sg.ch/tools/informationen-coronavirus.html,,,
2020-04-07,,SG,,620,,60,11,8,79,13,https://www.sg.ch/tools/informationen-coronavirus.html,,,
2020-04-08,,SG,,633,,61,10,6,89,15,https://www.sg.ch/tools/informationen-coronavirus.html,,,
2020-04-09,,SG,,645,0,66,10,7,92,16,https://www.sg.ch/tools/informationen-coronavirus.html,,,
2020-04-10,,SG,,648,,68,9,7,93,17,https://www.sg.ch/tools/informationen-coronavirus.html,,,
2020-04-11,,SG,,656,,67,9,7,102,18,https://www.sg.ch/tools/informationen-coronavirus.html,,,
2020-04-12,,SG,,663,,52,9,6,109,21,https://www.sg.ch/tools/informationen-coronavirus.html,,,
2020-04-13,,SG,,669,,56,9,7,119,21,https://www.sg.ch/tools/informationen-coronavirus.html,,,
2020-04-14,,SG,,678,,59,7,7,120,21,https://www.sg.ch/tools/informationen-coronavirus.html,,,
2020-04-15,,SG,,688,,47,5,5,123,23,https://www.sg.ch/tools/informationen-coronavirus.html,,,
2020-04-16,,SG,,694,,38,5,4,138,25,https://www.sg.ch/tools/informationen-coronavirus.html,,,
2020-04-17,,SG,,706,,41,5,4,144,27,https://www.sg.ch/tools/informationen-coronavirus.html,,,
2020-04-18,,SG,,709,,45,4,4,150,27,https://www.sg.ch/tools/informationen-coronavirus.html,,,
2020-04-19,,SG,,712,,45,5,4,150,27,https://www.sg.ch/tools/informationen-coronavirus.html,,,
2020-04-20,,SG,,724,,38,4,4,159,27,https://www.sg.ch/tools/informationen-coronavirus.html,,,
2020-04-21,,SG,,736,,36,3,3,159,29,https://www.sg.ch/tools/informationen-coronavirus.html,,,
2020-04-22,,SG,,739,,29,2,2,162,29,https://www.sg.ch/tools/informationen-coronavirus.html,,,
2020-04-23,,SG,,745,,24,2,1,170,31,https://www.sg.ch/tools/informationen-coronavirus.html,,,
2020-04-24,,SG,,754,,28,2,1,175,31,https://www.sg.ch/tools/informationen-coronavirus.html,,,
2020-04-25,,SG,,759,,28,2,2,,31,https://www.sg.ch/tools/informationen-coronavirus.html,,,
2020-04-26,,SG,,759,,30,2,2,176,31,https://www.sg.ch/tools/informationen-coronavirus.html,,,
2020-04-27,,SG,,764,,33,2,2,176,31,https://www.sg.ch/tools/informationen-coronavirus.html,,,
2020-04-28,,SG,,768,,23,2,2,176,33,https://www.sg.ch/tools/informationen-coronavirus.html,,,
2020-04-29,,SG,,774,,19,2,2,176,33,https://www.sg.ch/tools/informationen-coronavirus.html,,,
2020-04-30,,SG,,776,,17,2,2,184,33,https://www.sg.ch/tools/informationen-coronavirus.html,,,
2020-05-01,,SG,,777,,17,2,2,187,33,https://www.sg.ch/tools/informationen-coronavirus.html,,,
2020-05-02,,SG,,777,,18,2,2,,,https://www.sg.ch/tools/informationen-coronavirus.html,,,
2020-05-03,,SG,,777,,17,2,2,,,https://www.sg.ch/tools/informationen-coronavirus.html,,,
2020-05-04,,SG,,779,,18,2,2,189,33,https://www.sg.ch/tools/informationen-coronavirus.html,,,
2020-05-05,,SG,,780,,15,2,1,,33,https://www.sg.ch/tools/informationen-coronavirus.html,,,
2020-05-06,,SG,,783,,11,2,1,203,33,https://www.sg.ch/tools/informationen-coronavirus.html,,,
2020-05-07,,SG,,783,,11,2,1,,33,https://www.sg.ch/tools/informationen-coronavirus.html,,,
2020-05-08,,SG,,785,,10,1,1,,35,https://www.sg.ch/tools/informationen-coronavirus.html,,,
2020-05-09,,SG,,785,,9,1,1,,,https://www.sg.ch/tools/informationen-coronavirus.html,,,
2020-05-10,,SG,,785,,9,1,1,,,https://www.sg.ch/tools/informationen-coronavirus.html,,,
2020-05-11,,SG,,786,,11,3,2,210,36,https://www.sg.ch/tools/informationen-coronavirus.html,,,
2020-05-12,,SG,,786,,6,2,2,,36,https://www.sg.ch/tools/informationen-coronavirus.html,,,
2020-05-13,,SG,,787,,7,2,1,215,36,https://www.sg.ch/tools/informationen-coronavirus.html,,,
2020-05-14,,SG,,787,,6,2,1,,36,https://www.sg.ch/tools/informationen-coronavirus.html,,,
2020-05-15,,SG,,787,,6,2,1,216,36,https://www.sg.ch/tools/informationen-coronavirus.html,,,
2020-05-16,,SG,,788,,4,1,1,,,https://www.sg.ch/tools/informationen-coronavirus.html,,,
2020-05-17,,SG,,788,,4,1,1,,,https://www.sg.ch/tools/informationen-coronavirus.html,,,
2020-05-18,,SG,,789,,4,1,1,217,36,https://www.sg.ch/tools/informationen-coronavirus.html,,,
2020-05-19,,SG,,789,,5,1,1,,36,https://www.sg.ch/tools/informationen-coronavirus.html,,,
2020-05-20,,SG,,789,,5,1,1,217,36,https://www.sg.ch/tools/informationen-coronavirus.html,,,
2020-05-21,,SG,,789,,5,1,1,,,https://www.sg.ch/tools/informationen-coronavirus.html,,,
2020-05-22,,SG,,789,,5,1,0,,,https://www.sg.ch/tools/informationen-coronavirus.html,,,
2020-05-23,,SG,,789,,5,1,0,,,https://www.sg.ch/tools/informationen-coronavirus.html,,,
2020-05-24,,SG,,789,,4,1,0,,,https://www.sg.ch/tools/informationen-coronavirus.html,,,
2020-05-25,,SG,,789,,3,1,0,,36,https://www.sg.ch/tools/informationen-coronavirus.html,,,
2020-05-26,,SG,,789,,5,1,1,,36,https://www.sg.ch/tools/informationen-coronavirus.html,,,
2020-05-27,,SG,,789,,4,1,0,,37,https://www.sg.ch/tools/informationen-coronavirus.html,,,
2020-05-28,,SG,,790,,4,1,0,,37,https://www.sg.ch/tools/informationen-coronavirus.html,,,
2020-05-29,,SG,,790,,4,1,0,,37,https://www.sg.ch/tools/informationen-coronavirus.html,,,
2020-05-30,,SG,,790,,4,1,0,,,https://www.sg.ch/tools/informationen-coronavirus.html,,,
2020-05-31,,SG,,790,,4,1,0,,,https://www.sg.ch/tools/informationen-coronavirus.html,,,
2020-06-01,,SG,,790,,2,1,0,,,https://www.sg.ch/tools/informationen-coronavirus.html,,,
2020-06-02,,SG,,790,,2,1,0,,,https://www.sg.ch/tools/informationen-coronavirus.html,,,
2020-06-03,,SG,,790,,2,1,0,223,37,https://www.sg.ch/tools/informationen-coronavirus.html,,,
2020-06-04,,SG,,790,,2,1,0,,,https://www.sg.ch/tools/informationen-coronavirus.html,,,
2020-06-05,,SG,,791,,2,1,0,,,https://www.sg.ch/tools/informationen-coronavirus.html,,,
2020-06-06,,SG,,791,,2,1,0,,,https://www.sg.ch/tools/informationen-coronavirus.html,,,
2020-06-07,,SG,,792,,2,1,0,,,https://www.sg.ch/tools/informationen-coronavirus.html,,,
2020-06-08,,SG,,794,,3,2,1,223,,https://www.sg.ch/tools/informationen-coronavirus.html,,,
2020-06-09,,SG,,795,,3,2,1,,,https://www.sg.ch/tools/informationen-coronavirus.html,,,
2020-06-10,,SG,,798,,3,2,1,,37,https://www.sg.ch/tools/informationen-coronavirus.html,,,
2020-06-11,,SG,,800,,3,1,1,,,https://www.sg.ch/tools/informationen-coronavirus.html,,,
2020-06-12,,SG,,800,,3,1,1,,,https://www.sg.ch/tools/informationen-coronavirus.html,,,
2020-06-13,,SG,,800,,3,1,1,,,https://www.sg.ch/tools/informationen-coronavirus.html,,,
2020-06-14,,SG,,800,,3,1,1,,,https://www.sg.ch/tools/informationen-coronavirus.html,,,
2020-06-15,,SG,,801,,5,1,1,223,,https://www.sg.ch/tools/informationen-coronavirus.html,,,
2020-06-16,,SG,,801,,5,1,1,,,https://www.sg.ch/tools/informationen-coronavirus.html,,,
2020-06-17,,SG,,801,,5,1,1,,38,https://www.sg.ch/tools/informationen-coronavirus.html,,,
2020-06-18,,SG,,802,,4,1,1,,,https://www.sg.ch/tools/informationen-coronavirus.html,,,
2020-06-19,,SG,,802,,4,1,1,,,https://www.sg.ch/tools/informationen-coronavirus.html,,,
2020-06-20,,SG,,803,,4,1,1,,,https://www.sg.ch/tools/informationen-coronavirus.html,,,
2020-06-21,,SG,,803,,4,1,1,,,https://www.sg.ch/tools/informationen-coronavirus.html,,,
2020-06-22,,SG,,806,,7,1,1,,38,https://www.sg.ch/tools/informationen-coronavirus.html,,,
2020-06-23,,SG,,809,,7,1,1,,38,https://www.sg.ch/tools/informationen-coronavirus.html,,,
2020-06-24,,SG,,811,,7,1,1,226,38,https://www.sg.ch/tools/informationen-coronavirus.html,,,
2020-06-25,,SG,,815,,10,2,1,,38,https://www.sg.ch/tools/informationen-coronavirus.html,,,
2020-06-26,,SG,,817,,10,2,1,,38,https://www.sg.ch/tools/informationen-coronavirus.html,,,
2020-06-27,,SG,,819,,10,2,1,,,https://www.sg.ch/tools/informationen-coronavirus.html,,,
2020-06-28,,SG,,820,,10,2,1,,,https://www.sg.ch/tools/informationen-coronavirus.html,,,
2020-06-29,,SG,,836,,7,2,1,,38,https://www.sg.ch/tools/informationen-coronavirus.html,,,
2020-06-30,,SG,,844,,7,2,1,,38,https://www.sg.ch/tools/informationen-coronavirus.html,,,
2020-07-01,,SG,,848,,7,2,1,,38,https://www.sg.ch/tools/informationen-coronavirus.html,,,
2020-07-02,,SG,,854,,21,2,1,,38,https://www.sg.ch/tools/informationen-coronavirus.html,,,
2020-07-03,,SG,,860,,21,2,1,,38,https://www.sg.ch/tools/informationen-coronavirus.html,,,
2020-07-04,,SG,,863,,21,2,1,,,https://www.sg.ch/tools/informationen-coronavirus.html,,,
2020-07-05,,SG,,866,,21,2,1,,,https://www.sg.ch/tools/informationen-coronavirus.html,,,
2020-07-06,,SG,,873,,5,1,1,,39,https://www.sg.ch/tools/informationen-coronavirus.html,,,
2020-07-07,,SG,,879,,5,1,1,,39,https://www.sg.ch/tools/informationen-coronavirus.html,,,
2020-07-08,,SG,,888,,5,1,1,,39,https://www.sg.ch/tools/informationen-coronavirus.html,,,
2020-07-09,,SG,,894,,8,1,1,,39,https://www.sg.ch/tools/informationen-coronavirus.html,,,
2020-07-10,,SG,,895,,8,1,1,,39,https://www.sg.ch/tools/informationen-coronavirus.html,,,
2020-07-11,,SG,,898,,8,1,1,,,https://www.sg.ch/tools/informationen-coronavirus.html,,,
2020-07-12,,SG,,902,,8,1,1,,,https://www.sg.ch/tools/informationen-coronavirus.html,,,
2020-07-13,,SG,,904,,9,1,0,,39,https://www.sg.ch/tools/informationen-coronavirus.html,,,
2020-07-14,,SG,,909,,9,1,0,,39,https://www.sg.ch/tools/informationen-coronavirus.html,,,
2020-07-15,,SG,,912,,6,1,0,,39,https://www.sg.ch/tools/informationen-coronavirus.html,,,
2020-07-16,,SG,,917,,3,1,0,,39,https://www.sg.ch/tools/informationen-coronavirus.html,,,
2020-07-17,,SG,,925,,3,1,0,,,https://www.sg.ch/tools/informationen-coronavirus.html,,,
2020-07-18,,SG,,927,,3,1,0,,,https://www.sg.ch/tools/informationen-coronavirus.html,,,
2020-07-19,,SG,,929,,3,1,0,,,https://www.sg.ch/tools/informationen-coronavirus.html,,,
2020-07-20,,SG,,938,,2,2,1,,39,https://www.sg.ch/tools/informationen-coronavirus.html,,,
2020-07-21,,SG,,948,,6,3,1,,39,https://www.sg.ch/tools/informationen-coronavirus.html,,,
2020-07-22,,SG,,954,,5,4,1,,39,https://www.sg.ch/tools/informationen-coronavirus.html,,,
2020-07-23,,SG,,957,,3,2,1,,40,https://www.sg.ch/tools/informationen-coronavirus.html,,,
2020-07-24,,SG,,967,,3,2,2,,40,https://www.sg.ch/tools/informationen-coronavirus.html,,,
2020-07-25,,SG,,969,,3,2,2,,,https://www.sg.ch/tools/informationen-coronavirus.html,,,
2020-07-26,,SG,,970,,3,2,2,,,https://www.sg.ch/tools/informationen-coronavirus.html,,,
2020-07-27,,SG,,982,,5,2,2,,40,https://www.sg.ch/tools/informationen-coronavirus.html,,,
2020-07-28,,SG,,987,,6,3,2,,40,https://www.sg.ch/tools/informationen-coronavirus.html,,,
2020-07-29,,SG,,996,,7,3,2,,40,https://www.sg.ch/tools/informationen-coronavirus.html,,,
2020-07-30,,SG,,998,,8,5,3,,40,https://www.sg.ch/tools/informationen-coronavirus.html,,,
2020-07-31,,SG,,1002,,11,8,6,,40,https://www.sg.ch/tools/informationen-coronavirus.html,,,
2020-08-01,,SG,,1002,,11,8,6,,,https://www.sg.ch/tools/informationen-coronavirus.html,,,
2020-08-02,,SG,,1004,,11,8,6,,,https://www.sg.ch/tools/informationen-coronavirus.html,,,
2020-08-03,,SG,,1010,,10,6,6,,40,https://www.sg.ch/tools/informationen-coronavirus.html,,,
2020-08-04,,SG,,1024,,10,8,5,,40,https://www.sg.ch/tools/informationen-coronavirus.html,,,
2020-08-05,,SG,,1034,,9,5,5,,40,https://www.sg.ch/tools/informationen-coronavirus.html,,,
2020-08-06,,SG,,1043,,11,5,5,,40,https://www.sg.ch/tools/informationen-coronavirus.html,,,
2020-08-07,,SG,,1053,,9,5,5,,40,https://www.sg.ch/tools/informationen-coronavirus.html,,,
2020-08-08,,SG,,1056,,9,5,5,,,https://www.sg.ch/tools/informationen-coronavirus.html,,,
2020-08-09,,SG,,1063,,9,5,5,,40,https://www.sg.ch/tools/informationen-coronavirus.html,,,
2020-08-10,,SG,,1076,,9,5,5,,40,https://www.sg.ch/tools/informationen-coronavirus.html,,,
2020-08-11,,SG,,1086,,9,5,5,,40,https://www.sg.ch/tools/informationen-coronavirus.html,,,
2020-08-12,,SG,,1096,,9,5,4,,40,https://www.sg.ch/tools/informationen-coronavirus.html,,,
2020-08-13,,SG,,1112,,12,5,4,,40,https://www.sg.ch/tools/informationen-coronavirus.html,,,
2020-08-14,,SG,,1118,,13,6,4,,40,https://www.sg.ch/tools/informationen-coronavirus.html,,,
2020-08-15,,SG,,1122,,13,6,4,,,https://www.sg.ch/tools/informationen-coronavirus.html,,,
2020-08-16,,SG,,1128,,13,6,4,,40,https://www.sg.ch/tools/informationen-coronavirus.html,,,
2020-08-17,,SG,,1145,,7,4,4,,41,https://www.sg.ch/tools/informationen-coronavirus.html,,,
2020-08-18,,SG,,1162,,7,5,5,,41,https://www.sg.ch/tools/informationen-coronavirus.html,,,
2020-08-19,,SG,,1171,,7,5,4,,41,https://www.sg.ch/tools/informationen-coronavirus.html,,,
2020-08-20,,SG,,1190,,9,5,4,,41,https://www.sg.ch/tools/informationen-coronavirus.html,,,
2020-08-21,,SG,,1195,,9,5,4,,,https://www.sg.ch/tools/informationen-coronavirus.html,,,
2020-08-22,,SG,,1197,,9,5,4,,,https://www.sg.ch/tools/informationen-coronavirus.html,,,
2020-08-23,12:00,SG,,1199,,9,5,4,,41,https://www.sg.ch/tools/informationen-coronavirus.html,93,432,
2020-08-24,,SG,,1209,,7,3,3,,41,https://www.sg.ch/tools/informationen-coronavirus.html,,,
2020-08-25,12:00,SG,,1219,,6,3,3,,41,https://www.sg.ch/tools/informationen-coronavirus.html,72,373,
2020-08-26,12:00,SG,,1228,,5,3,2,,41,https://www.sg.ch/tools/informationen-coronavirus.html,77,367,
2020-08-27,12:00,SG,,1230,,4,3,2,,,https://www.sg.ch/tools/informationen-coronavirus.html,79,443,
2020-08-28,12:00,SG,,1237,,6,3,2,,,https://www.sg.ch/tools/informationen-coronavirus.html,67,347,
2020-08-29,,SG,,1240,,6,3,2,,,https://www.sg.ch/tools/informationen-coronavirus.html,,,
2020-08-30,12:00,SG,,1240,,6,3,2,,,https://www.sg.ch/tools/informationen-coronavirus.html,,,
2020-08-31,12:00,SG,,1248,,5,3,2,,,https://www.sg.ch/tools/informationen-coronavirus.html,,,
2020-09-01,12:00,SG,,1261,,4,2,2,,,https://www.sg.ch/tools/informationen-coronavirus.html,,,
2020-09-02,12:00,SG,,1270,,3,1,0,,,https://www.sg.ch/tools/informationen-coronavirus.html,53,354,
2020-09-03,12:00,SG,,1287,,7,1,0,,,https://www.sg.ch/tools/informationen-coronavirus.html,59,381,
2020-09-04,,SG,,1301,,8,1,0,,,https://www.sg.ch/tools/informationen-coronavirus.html,,,
2020-09-05,,SG,,1308,,8,1,0,,41,https://www.sg.ch/tools/informationen-coronavirus.html,,,
2020-09-06,12:00,SG,,1314,,8,1,0,,41,https://www.sg.ch/tools/informationen-coronavirus.html,87,561,
2020-09-07,12:00,SG,,1339,,8,1,0,,41,https://www.sg.ch/tools/informationen-coronavirus.html,83,541,
2020-09-08,12:00,SG,,1352,,7,1,0,,41,https://www.sg.ch/tools/informationen-coronavirus.html,97,589,
2020-09-09,,SG,,1372,,9,2,1,,,https://www.sg.ch/tools/informationen-coronavirus.html,,,
2020-09-10,,SG,,1387,,9,2,1,,41,https://www.sg.ch/tools/informationen-coronavirus.html,108,549,
2020-09-11,,SG,,1402,,7,1,1,,,https://www.sg.ch/tools/informationen-coronavirus.html,113,540,
2020-09-12,,SG,,1409,,7,1,1,,,https://www.sg.ch/tools/informationen-coronavirus.html,,,
2020-09-13,,SG,,1412,,7,1,1,,41,https://www.sg.ch/tools/informationen-coronavirus.html,,,
2020-09-14,,SG,,1434,,9,1,1,,41,https://www.sg.ch/tools/informationen-coronavirus.html,113,667,
2020-09-15,,SG,,1453,,9,1,1,,41,https://www.sg.ch/tools/informationen-coronavirus.html,115,652,
2020-09-16,,SG,,1481,,9,1,1,,41,https://www.sg.ch/tools/informationen-coronavirus.html,124,701,
2020-09-17,,SG,,1502,,9,2,1,,41,https://www.sg.ch/tools/informationen-coronavirus.html,,,
2020-09-18,,SG,,1526,,11,3,2,,,https://www.sg.ch/tools/informationen-coronavirus.html,,663,
2020-09-19,,SG,,1534,,11,3,2,,,https://www.sg.ch/tools/informationen-coronavirus.html,,,
2020-09-20,,SG,,1540,,11,3,2,,41,https://www.sg.ch/tools/informationen-coronavirus.html,,,
2020-09-21,,SG,,1566,,10,5,4,,41,https://www.sg.ch/tools/informationen-coronavirus.html,,685,
2020-09-22,,SG,,1582,,8,5,4,,41,https://www.sg.ch/tools/informationen-coronavirus.html,,664,
2020-09-23,,SG,,1592,,8,4,3,,41,https://www.sg.ch/tools/informationen-coronavirus.html,,656,
2020-09-24,,SG,,1604,,6,3,3,,41,https://www.sg.ch/tools/informationen-coronavirus.html,,692,
2020-09-25,,SG,,1613,,6,3,2,,,https://www.sg.ch/tools/informationen-coronavirus.html,,690,
2020-09-26,,SG,,1617,,6,3,2,,,https://www.sg.ch/tools/informationen-coronavirus.html,,,
2020-09-27,,SG,,1618,,6,3,2,,41,https://www.sg.ch/tools/informationen-coronavirus.html,,665,
2020-09-28,,SG,,1635,,6,2,2,,41,https://www.sg.ch/tools/informationen-coronavirus.html,,622,
2020-09-29,,SG,,1660,,6,2,2,,41,https://www.sg.ch/tools/informationen-coronavirus.html,,574,
2020-09-30,,SG,,1683,,7,2,2,,41,https://www.sg.ch/tools/informationen-coronavirus.html,,631,
2020-10-01,,SG,,1720,,8,2,2,,41,https://www.sg.ch/tools/informationen-coronavirus.html,,693,
2020-10-02,,SG,,1753,,8,2,2,,,https://www.sg.ch/tools/informationen-coronavirus.html,,724,
2020-10-03,,SG,,1777,,8,2,2,,,https://www.sg.ch/tools/informationen-coronavirus.html,,,
2020-10-04,,SG,,1784,,7,2,2,,41,https://www.sg.ch/tools/informationen-coronavirus.html,,757,
2020-10-05,,SG,,1860,,9,3,2,,41,https://www.sg.ch/tools/informationen-coronavirus.html,165,772,
2020-10-06,,SG,,1911,,12,5,2,,41,https://www.sg.ch/tools/informationen-coronavirus.html,193,729,
2020-10-07,,SG,,1989,,11,3,2,,41,https://www.sg.ch/tools/informationen-coronavirus.html,263,824,
2020-10-08,,SG,,2058,,9,4,3,,42,https://www.sg.ch/tools/informationen-coronavirus.html,291,846,
2020-10-09,,SG,,2155,,10,3,2,,,https://www.sg.ch/tools/informationen-coronavirus.html,324,825,
2020-10-10,,SG,,2194,,10,3,2,,,https://www.sg.ch/tools/informationen-coronavirus.html,,,
2020-10-11,,SG,,2220,,10,3,2,,42,https://www.sg.ch/tools/informationen-coronavirus.html,,,
2020-10-12,,SG,,2408,,20,3,2,,43,https://www.sg.ch/tools/informationen-coronavirus.html,441,736,
2020-10-13,,SG,,2561,,24,4,2,,43,https://www.sg.ch/tools/informationen-coronavirus.html,455,,
2020-10-14,,SG,,2754,,23,6,3,,43,https://www.sg.ch/tools/informationen-coronavirus.html,574,,
2020-10-15,,SG,,2921,,33,7,4,,43,https://www.sg.ch/tools/informationen-coronavirus.html,,,
2020-10-16,,SG,,3117,,41,7,5,,,https://www.sg.ch/tools/informationen-coronavirus.html,623,,
2020-10-17,,SG,,3208,,41,8,5,,,https://www.sg.ch/tools/informationen-coronavirus.html,,,
2020-10-18,,SG,,3265,,40,8,5,,44,https://www.sg.ch/tools/informationen-coronavirus.html,868,,
2020-10-19,,SG,,3655,,59,7,4,,44,https://www.sg.ch/tools/informationen-coronavirus.html,949,,
2020-10-20,,SG,,4005,,62,8,4,,44,https://www.sg.ch/tools/informationen-coronavirus.html,1026,,
2020-10-21,,SG,,4396,,71,11,4,,45,https://www.sg.ch/tools/informationen-coronavirus.html,1064,,
2020-10-22,,SG,,4739,,90,11,6,,45,https://www.sg.ch/tools/informationen-coronavirus.html,1128,,
2020-10-23,,SG,,5142,,89,10,6,,,https://www.sg.ch/tools/informationen-coronavirus.html,1227,,
2020-10-24,,SG,,5283,,107,10,6,,,https://www.sg.ch/tools/informationen-coronavirus.html,,,
2020-10-25,,SG,,5347,,111,12,6,,48,https://www.sg.ch/tools/informationen-coronavirus.html,1364,,
2020-10-26,,SG,,6041,,114,17,8,,50,https://www.sg.ch/tools/informationen-coronavirus.html,1446,,
2020-10-27,,SG,,6571,,127,16,13,,55,https://www.sg.ch/tools/informationen-coronavirus.html,,,
2020-10-28,,SG,,7016,,133,16,11,,59,https://www.sg.ch/tools/informationen-coronavirus.html,,,
2020-10-29,,SG,,7478,,136,18,15,,63,https://www.sg.ch/tools/informationen-coronavirus.html,,,
2020-10-30,,SG,,7963,,142,17,15,,,https://www.sg.ch/tools/informationen-coronavirus.html,,,
2020-10-31,,SG,,8130,,146,20,16,,,https://www.sg.ch/tools/informationen-coronavirus.html,,,
2020-11-01,,SG,,8225,,152,20,16,,73,https://www.sg.ch/tools/informationen-coronavirus.html,,,
2020-11-02,,SG,,8921,,184,24,20,,76,https://www.sg.ch/tools/informationen-coronavirus.html,,,
2020-11-03,,SG,,9436,,194,23,17,,85,https://www.sg.ch/tools/informationen-coronavirus.html,,,
2020-11-04,,SG,,9894,,192,27,20,,91,https://www.sg.ch/tools/informationen-coronavirus.html,,,
2020-11-05,,SG,,10216,,195,26,22,,98,https://www.sg.ch/tools/informationen-coronavirus.html,,,
2020-11-06,,SG,,10681,,189,31,23,,,https://www.sg.ch/tools/informationen-coronavirus.html,,,
2020-11-07,,SG,,10812,,182,29,22,,,https://www.sg.ch/tools/informationen-coronavirus.html,,,
2020-11-08,,SG,,10888,,198,27,22,,117,https://www.sg.ch/tools/informationen-coronavirus.html,,,
2020-11-09,,SG,,11495,,192,27,24,,133,https://www.sg.ch/tools/informationen-coronavirus.html,,,
2020-11-10,,SG,,11908,,188,30,24,,145,https://www.sg.ch/tools/informationen-coronavirus.html,,,
2020-11-11,,SG,,12263,,184,28,24,,157,https://www.sg.ch/tools/informationen-coronavirus.html,,,
2020-11-12,,SG,,12583,,178,30,26,,158,https://www.sg.ch/tools/informationen-coronavirus.html,,,
2020-11-13,,SG,,12925,,179,31,28,,,https://www.sg.ch/tools/informationen-coronavirus.html,,,
2020-11-14,,SG,,13038,,198,31,28,,,https://www.sg.ch/tools/informationen-coronavirus.html,,,
2020-11-15,,SG,,13115,,192,29,26,,171,https://www.sg.ch/tools/informationen-coronavirus.html,,,
2020-11-16,,SG,,13648,,190,28,21,,185,https://www.sg.ch/tools/informationen-coronavirus.html,,,
2020-11-17,,SG,,14051,,185,27,21,,189,https://www.sg.ch/tools/informationen-coronavirus.html,,,
2020-11-18,,SG,,14384,,169,29,23,,190,https://www.sg.ch/tools/informationen-coronavirus.html,,,
2020-11-19,,SG,,14685,,163,30,22,,197,https://www.sg.ch/tools/informationen-coronavirus.html,,,
2020-11-20,,SG,,15029,,154,35,26,,,https://www.sg.ch/tools/informationen-coronavirus.html,,,
2020-11-21,,SG,,15140,,155,33,26,,,https://www.sg.ch/tools/informationen-coronavirus.html,,,
2020-11-22,,SG,,15200,,161,34,25,,215,https://www.sg.ch/tools/informationen-coronavirus.html,,,
2020-11-23,,SG,,15691,,161,32,25,,220,https://www.sg.ch/tools/informationen-coronavirus.html,,,
2020-11-24,,SG,,16043,,167,26,20,,222,https://www.sg.ch/tools/informationen-coronavirus.html,,,
2020-11-25,,SG,,16375,,164,30,20,,225,https://www.sg.ch/tools/informationen-coronavirus.html,,,
2020-11-26,,SG,,16611,,147,30,19,,228,https://www.sg.ch/tools/informationen-coronavirus.html,,,
2020-11-27,,SG,,17020,,146,28,20,,,https://www.sg.ch/tools/informationen-coronavirus.html,,,
2020-11-28,,SG,,17165,,158,30,18,,,https://www.sg.ch/tools/informationen-coronavirus.html,,,
2020-11-29,,SG,,17250,,158,30,22,,250,https://www.sg.ch/tools/informationen-coronavirus.html,,,
2020-11-30,,SG,,17831,,161,29,24,,261,https://www.sg.ch/tools/informationen-coronavirus.html,,,
2020-12-01,,SG,,18203,,160,26,21,,270,https://www.sg.ch/tools/informationen-coronavirus.html,,,
2020-12-02,,SG,,18600,,174,27,23,,278,https://www.sg.ch/tools/informationen-coronavirus.html,,,
2020-12-03,,SG,,18947,,180,27,23,,287,https://www.sg.ch/tools/informationen-coronavirus.html,,,
2020-12-04,,SG,,19361,,175,27,23,,,https://www.sg.ch/tools/informationen-coronavirus.html,,,
2020-12-05,,SG,,19501,,187,29,24,,,https://www.sg.ch/tools/informationen-coronavirus.html,,,
2020-12-06,,SG,,19575,,197,28,24,,306,https://www.sg.ch/tools/informationen-coronavirus.html,,,
2020-12-07,,SG,,20187,,188,32,26,,317,https://www.sg.ch/tools/informationen-coronavirus.html,,,
2020-12-08,,SG,,20681,,189,32,25,,326,https://www.sg.ch/tools/informationen-coronavirus.html,,,
2020-12-09,,SG,,21111,,182,31,28,,336,https://www.sg.ch/tools/informationen-coronavirus.html,,,
2020-12-10,,SG,,21511,,183,32,32,,344,https://www.sg.ch/tools/informationen-coronavirus.html,,,
2020-12-11,,SG,,21896,,177,29,29,,,https://www.sg.ch/tools/informationen-coronavirus.html,,,
2020-12-12,,SG,,22062,,184,31,30,,,https://www.sg.ch/tools/informationen-coronavirus.html,,,
2020-12-13,,SG,,22171,,181,29,27,,373,https://www.sg.ch/tools/informationen-coronavirus.html,,,
2020-12-14,,SG,,22817,,174,27,25,,384,https://www.sg.ch/tools/informationen-coronavirus.html,,,
2020-12-15,,SG,,23262,,184,30,28,,389,https://www.sg.ch/tools/informationen-coronavirus.html,,,
2020-12-16,,SG,,23654,,189,28,27,,403,https://www.sg.ch/tools/informationen-coronavirus.html,,,
2020-12-17,,SG,,24002,,200,31,28,,406,https://www.sg.ch/tools/informationen-coronavirus.html,,,
2020-12-18,,SG,,24388,,194,29,27,,,https://www.sg.ch/tools/informationen-coronavirus.html,,,
2020-12-19,,SG,,24519,,194,25,23,,,https://www.sg.ch/tools/informationen-coronavirus.html,,,
2020-12-20,,SG,,24600,,184,26,24,,436,https://www.sg.ch/tools/informationen-coronavirus.html,,,
2020-12-21,,SG,,25181,,188,27,24,,446,https://www.sg.ch/tools/informationen-coronavirus.html,,,
2020-12-22,,SG,,25576,,173,25,21,,458,https://www.sg.ch/tools/informationen-coronavirus.html,,,
2020-12-23,,SG,,25900,,184,26,23,,467,https://www.sg.ch/tools/informationen-coronavirus.html,,,
2020-12-24,,SG,,26085,,170,25,21,,,https://www.sg.ch/tools/informationen-coronavirus.html,,,
2020-12-25,,SG,,26143,,167,26,24,,,https://www.sg.ch/tools/informationen-coronavirus.html,,,
2020-12-26,,SG,,26256,,173,27,26,,,https://www.sg.ch/tools/informationen-coronavirus.html,,,
2020-12-27,,SG,,26337,,180,28,26,,491,https://www.sg.ch/tools/informationen-coronavirus.html,,,
2020-12-28,,SG,,26810,,182,27,26,,494,https://www.sg.ch/tools/informationen-coronavirus.html,,,
2020-12-29,,SG,,27214,,181,27,26,,502,https://www.sg.ch/tools/informationen-coronavirus.html,,,
2020-12-30,,SG,,27557,,171,27,26,,508,https://www.sg.ch/tools/informationen-coronavirus.html,,,
2020-12-31,,SG,,27758,,152,28,23,,,https://www.sg.ch/tools/informationen-coronavirus.html,,,
2021-01-01,,SG,,27822,,151,31,29,,,https://www.sg.ch/tools/informationen-coronavirus.html,,,
2021-01-02,,SG,,27979,,160,30,29,,,https://www.sg.ch/tools/informationen-coronavirus.html,,,
2021-01-03,,SG,,28060,,168,26,25,,535,https://www.sg.ch/tools/informationen-coronavirus.html,,,
2021-01-04,,SG,,28601,,165,24,21,,542,https://www.sg.ch/tools/informationen-coronavirus.html,,,
2021-01-05,,SG,,28939,,165,23,19,,548,https://www.sg.ch/tools/informationen-coronavirus.html,,,
2021-01-06,,SG,,29217,,160,21,20,,554,https://www.sg.ch/tools/informationen-coronavirus.html,,,
2021-01-07,,SG,,29412,,144,17,17,,559,https://www.sg.ch/tools/informationen-coronavirus.html,,,
2021-01-08,,SG,,29658,,135,17,17,,,https://www.sg.ch/tools/informationen-coronavirus.html,,,
2021-01-09,,SG,,29715,,145,19,19,,,https://www.sg.ch/tools/informationen-coronavirus.html,,,
2021-01-10,,SG,,29747,,129,19,19,,573,https://www.sg.ch/tools/informationen-coronavirus.html,,,
2021-01-11,,SG,,30032,,122,18,18,,579,https://www.sg.ch/tools/informationen-coronavirus.html,,,
2021-01-12,,SG,,30216,,113,18,18,,585,https://www.sg.ch/tools/informationen-coronavirus.html,,,
2021-01-13,,SG,,30388,,111,18,18,,589,https://www.sg.ch/tools/informationen-coronavirus.html,,,
2021-01-14,,SG,,30516,,108,19,17,,595,https://www.sg.ch/tools/informationen-coronavirus.html,,,
2021-01-15,,SG,,30652,,102,18,17,,,https://www.sg.ch/tools/informationen-coronavirus.html,,,
2021-01-16,,SG,,30710,,105,18,18,,,https://www.sg.ch/tools/informationen-coronavirus.html,,,
2021-01-17,,SG,,30725,,109,16,15,,604,https://www.sg.ch/tools/informationen-coronavirus.html,,,
2021-01-18,,SG,,30994,,102,16,16,,609,https://www.sg.ch/tools/informationen-coronavirus.html,,,
2021-01-19,,SG,,31174,,97,16,16,,613,https://www.sg.ch/tools/informationen-coronavirus.html,,,
2021-01-20,,SG,,31331,,84,15,14,,614,https://www.sg.ch/tools/informationen-coronavirus.html,,,
2021-01-21,,SG,,31476,,69,16,15,,617,https://www.sg.ch/tools/informationen-coronavirus.html,,,
2021-01-22,,SG,,31616,,80,16,15,,,https://www.sg.ch/tools/informationen-coronavirus.html,,,
2021-01-23,,SG,,31670,,72,17,16,,,https://www.sg.ch/tools/informationen-coronavirus.html,,,
2021-01-24,,SG,,31694,,77,18,17,,624,https://www.sg.ch/tools/informationen-coronavirus.html,,,
2021-01-25,,SG,,31907,,80,17,17,,626,https://www.sg.ch/tools/informationen-coronavirus.html,,,
2021-01-26,,SG,,32034,,77,17,16,,629,https://www.sg.ch/tools/informationen-coronavirus.html,,,
2021-01-27,,SG,,32156,,75,18,17,,631,https://www.sg.ch/tools/informationen-coronavirus.html,,,
2021-01-28,,SG,,32259,,74,19,19,,634,https://www.sg.ch/tools/informationen-coronavirus.html,,,
2021-01-29,,SG,,32393,,64,23,23,,,https://www.sg.ch/tools/informationen-coronavirus.html,,,
2021-01-30,,SG,,32449,,67,24,23,,,https://www.sg.ch/tools/informationen-coronavirus.html,,,
2021-01-31,,SG,,32465,,75,22,21,,642,https://www.sg.ch/tools/informationen-coronavirus.html,,,
2021-02-01,,SG,,32640,,76,22,22,,646,https://www.sg.ch/tools/informationen-coronavirus.html,,,
2021-02-02,,SG,,32717,,56,20,16,,649,https://www.sg.ch/tools/informationen-coronavirus.html,,,
2021-02-03,,SG,,32842,,71,22,19,,649,https://www.sg.ch/tools/informationen-coronavirus.html,,,
2021-02-04,,SG,,32931,,70,20,18,,651,https://www.sg.ch/tools/informationen-coronavirus.html,,,
2021-02-05,,SG,,33019,,57,19,19,,,https://www.sg.ch/tools/informationen-coronavirus.html,,,
2021-02-06,,SG,,33065,,63,20,19,,,https://www.sg.ch/tools/informationen-coronavirus.html,,,
2021-02-07,,SG,,33088,,58,16,16,,655,https://www.sg.ch/tools/informationen-coronavirus.html,,,
2021-02-08,,SG,,33205,,64,18,18,,657,https://www.sg.ch/tools/informationen-coronavirus.html,,,
2021-02-09,,SG,,33292,,59,17,17,,658,https://www.sg.ch/tools/informationen-coronavirus.html,,,
2021-02-10,,SG,,33359,,50,16,16,,660,https://www.sg.ch/tools/informationen-coronavirus.html,,,
2021-02-11,,SG,,33412,,47,14,14,,661,https://www.sg.ch/tools/informationen-coronavirus.html,,,
2021-02-12,,SG,,33470,,40,11,11,,,https://www.sg.ch/tools/informationen-coronavirus.html,,,
2021-02-13,,SG,,33494,,42,12,12,,,https://www.sg.ch/tools/informationen-coronavirus.html,,,
2021-02-14,,SG,,33506,,38,12,12,,662,https://www.sg.ch/tools/informationen-coronavirus.html,,,
2021-02-15,,SG,,33599,,41,13,13,,664,https://www.sg.ch/tools/informationen-coronavirus.html,,,
2021-02-16,,SG,,33651,,35,12,12,,666,https://www.sg.ch/tools/informationen-coronavirus.html,,,
2021-02-17,,SG,,33708,,29,10,9,,673,https://www.sg.ch/tools/informationen-coronavirus.html,,,
2021-02-18,,SG,,33753,,36,9,8,,673,https://www.sg.ch/tools/informationen-coronavirus.html,,,
2021-02-19,,SG,,33796,,45,9,9,,,https://www.sg.ch/tools/informationen-coronavirus.html,,,
2021-02-20,,SG,,33819,,43,9,9,,,https://www.sg.ch/tools/informationen-coronavirus.html,,,
2021-02-21,,SG,,33837,,42,8,8,,674,https://www.sg.ch/tools/informationen-coronavirus.html,,,
2021-02-22,,SG,,33922,,40,10,9,,675,https://www.sg.ch/tools/informationen-coronavirus.html,,,
2021-02-23,,SG,,33983,,40,8,7,,675,https://www.sg.ch/tools/informationen-coronavirus.html,,,
2021-02-24,,SG,,34042,,45,11,9,,675,https://www.sg.ch/tools/informationen-coronavirus.html,,,
2021-02-25,,SG,,34085,,43,9,8,,675,https://www.sg.ch/tools/informationen-coronavirus.html,,,
2021-02-26,,SG,,34138,,48,9,9,,,https://www.sg.ch/tools/informationen-coronavirus.html,,,
2021-02-27,,SG,,34160,,48,9,9,,,https://www.sg.ch/tools/informationen-coronavirus.html,,,
2021-02-28,,SG,,34173,,44,11,10,,677,https://www.sg.ch/tools/informationen-coronavirus.html,,,
2021-03-01,,SG,,34273,,46,11,9,,679,https://www.sg.ch/tools/informationen-coronavirus.html,,,
2021-03-02,,SG,,34338,,42,11,9,,680,https://www.sg.ch/tools/informationen-coronavirus.html,,,
2021-03-03,,SG,,34400,,38,11,9,,681,https://www.sg.ch/tools/informationen-coronavirus.html,,,
2021-03-04,,SG,,34446,,36,11,9,,681,https://www.sg.ch/tools/informationen-coronavirus.html,,,
2021-03-05,,SG,,34509,,31,10,8,,,https://www.sg.ch/tools/informationen-coronavirus.html,,,
2021-03-06,,SG,,34535,,27,9,7,,,https://www.sg.ch/tools/informationen-coronavirus.html,,,
2021-03-07,,SG,,34550,,29,10,8,,682,https://www.sg.ch/tools/informationen-coronavirus.html,,,
2021-03-08,,SG,,34657,,36,8,6,,682,https://www.sg.ch/tools/informationen-coronavirus.html,,,
2021-03-09,,SG,,34722,,30,8,5,,682,https://www.sg.ch/tools/informationen-coronavirus.html,,,
2021-03-10,,SG,,34778,,30,9,8,,682,https://www.sg.ch/tools/informationen-coronavirus.html,,,
2021-03-11,,SG,,34836,,29,9,8,,684,https://www.sg.ch/tools/informationen-coronavirus.html,,,
2021-03-12,,SG,,34899,,28,8,7,,,https://www.sg.ch/tools/informationen-coronavirus.html,,,
2021-03-13,,SG,,34933,,33,8,8,,,https://www.sg.ch/tools/informationen-coronavirus.html,,,
2021-03-14,,SG,,34945,,29,8,8,,685,https://www.sg.ch/tools/informationen-coronavirus.html,,,
2021-03-15,,SG,,35038,,33,8,8,,685,https://www.sg.ch/tools/informationen-coronavirus.html,,,
2021-03-16,,SG,,35133,,35,8,8,,685,https://www.sg.ch/tools/informationen-coronavirus.html,,,
2021-03-17,,SG,,35211,,36,9,9,,685,https://www.sg.ch/tools/informationen-coronavirus.html,,,
2021-03-18,,SG,,35312,,36,9,9,,685,https://www.sg.ch/tools/informationen-coronavirus.html,,,
2021-03-19,,SG,,35390,,35,10,10,,,https://www.sg.ch/tools/informationen-coronavirus.html,,,
2021-03-20,,SG,,35422,,38,10,10,,,https://www.sg.ch/tools/informationen-coronavirus.html,,,
2021-03-21,,SG,,35452,,36,9,9,,687,https://www.sg.ch/tools/informationen-coronavirus.html,,,
2021-03-22,,SG,,35610,,35,8,8,,687,https://www.sg.ch/tools/informationen-coronavirus.html,,,
2021-03-23,,SG,,35718,,37,9,9,,688,https://www.sg.ch/tools/informationen-coronavirus.html,,,
2021-03-24,,SG,,35842,,40,9,9,,688,https://www.sg.ch/tools/informationen-coronavirus.html,,,
2021-03-25,,SG,,35963,,41,10,10,,688,https://www.sg.ch/tools/informationen-coronavirus.html,,,
2021-03-26,,SG,,36088,,44,11,11,,,https://www.sg.ch/tools/informationen-coronavirus.html,,,
2021-03-27,,SG,,36134,,44,11,11,,,https://www.sg.ch/tools/informationen-coronavirus.html,,,
2021-03-28,,SG,,36167,,50,11,10,,688,https://www.sg.ch/tools/informationen-coronavirus.html,,,
2021-03-29,,SG,,36331,,54,8,8,,688,https://www.sg.ch/tools/informationen-coronavirus.html,,,
2021-03-30,,SG,,36433,,45,8,8,,691,https://www.sg.ch/tools/informationen-coronavirus.html,,,
2021-03-31,,SG,,36564,,45,7,5,,691,https://www.sg.ch/tools/informationen-coronavirus.html,,,
2021-04-01,,SG,,36650,,48,10,7,,,https://www.sg.ch/tools/informationen-coronavirus.html,,,
2021-04-02,,SG,,36672,,48,10,8,,,https://www.sg.ch/tools/informationen-coronavirus.html,,,
2021-04-03,,SG,,36730,,49,10,7,,,https://www.sg.ch/tools/informationen-coronavirus.html,,,
2021-04-04,,SG,,36759,,52,11,8,,,https://www.sg.ch/tools/informationen-coronavirus.html,,,
2021-04-05,,SG,,36810,,53,13,9,,696,https://www.sg.ch/tools/informationen-coronavirus.html,,,
2021-04-06,,SG,,36991,,50,11,9,,699,https://www.sg.ch/tools/informationen-coronavirus.html,,,
2021-04-07,,SG,,37120,,50,11,9,,700,https://www.sg.ch/tools/informationen-coronavirus.html,,,
2021-04-08,,SG,,37266,,52,10,10,,700,https://www.sg.ch/tools/informationen-coronavirus.html,,,
2021-04-09,,SG,,37424,,47,11,8,,,https://www.sg.ch/tools/informationen-coronavirus.html,,,
2021-04-10,,SG,,37482,,51,11,8,,,https://www.sg.ch/tools/informationen-coronavirus.html,,,
2021-04-11,,SG,,37515,,51,8,8,,700,https://www.sg.ch/tools/informationen-coronavirus.html,,,
2021-04-12,,SG,,37708,,51,10,8,,700,https://www.sg.ch/tools/informationen-coronavirus.html,,,
2021-04-13,,SG,,37836,,48,10,9,,700,https://www.sg.ch/tools/informationen-coronavirus.html,,,
2021-04-14,,SG,,37937,,49,10,8,,700,https://www.sg.ch/tools/informationen-coronavirus.html,,,
2021-04-15,,SG,,38017,,45,10,10,,700,https://www.sg.ch/tools/informationen-coronavirus.html,,,
2021-04-16,,SG,,38130,,45,11,11,,,https://www.sg.ch/tools/informationen-coronavirus.html,,,
2021-04-17,,SG,,38195,,46,12,9,,,https://www.sg.ch/tools/informationen-coronavirus.html,,,
2021-04-18,,SG,,38224,,52,12,9,,700,https://www.sg.ch/tools/informationen-coronavirus.html,,,
2021-04-19,,SG,,38443,,56,13,11,,700,https://www.sg.ch/tools/informationen-coronavirus.html,,,
2021-04-20,,SG,,38594,,47,13,9,,700,https://www.sg.ch/tools/informationen-coronavirus.html,,,
2021-04-21,,SG,,38716,,52,12,12,,701,https://www.sg.ch/tools/informationen-coronavirus.html,,,
2021-04-22,,SG,,38845,,57,11,11,,701,https://www.sg.ch/tools/informationen-coronavirus.html,,,
2021-04-23,,SG,,38990,,59,15,12,,,https://www.sg.ch/tools/informationen-coronavirus.html,,,
2021-04-24,,SG,,39043,,64,16,14,,,https://www.sg.ch/tools/informationen-coronavirus.html,,,
2021-04-25,,SG,,39093,,67,16,12,,703,https://www.sg.ch/tools/informationen-coronavirus.html,,,
2021-04-26,,SG,,39282,,67,16,14,,703,https://www.sg.ch/tools/informationen-coronavirus.html,,,
2021-04-27,,SG,,39393,,66,15,12,,706,https://www.sg.ch/tools/informationen-coronavirus.html,,,
2021-04-28,,SG,,39551,,56,15,12,,706,https://www.sg.ch/tools/informationen-coronavirus.html,,,
2021-04-29,,SG,,39632,,56,14,11,,706,https://www.sg.ch/tools/informationen-coronavirus.html,,,
2021-04-30,,SG,,39725,,55,12,7,,,https://www.sg.ch/tools/informationen-coronavirus.html,,,
2021-05-01,,SG,,39774,,55,10,8,,,https://www.sg.ch/tools/informationen-coronavirus.html,,,
2021-05-02,,SG,,39798,,57,10,9,,706,https://www.sg.ch/tools/informationen-coronavirus.html,,,
2021-05-03,,SG,,39932,,57,10,9,,707,https://www.sg.ch/tools/informationen-coronavirus.html,,,
2021-05-04,,SG,,40053,,51,9,8,,707,https://www.sg.ch/tools/informationen-coronavirus.html,,,
2021-05-05,,SG,,40154,,49,11,10,,707,https://www.sg.ch/tools/informationen-coronavirus.html,,,
2021-05-06,,SG,,40234,,37,11,10,,707,https://www.sg.ch/tools/informationen-coronavirus.html,,,
2021-05-07,,SG,,40348,,33,13,9,,,https://www.sg.ch/tools/informationen-coronavirus.html,,,
2021-05-08,,SG,,40389,,34,12,9,,,https://www.sg.ch/tools/informationen-coronavirus.html,,,
2021-05-09,,SG,,40419,,38,12,10,,708,https://www.sg.ch/tools/informationen-coronavirus.html,,,
2021-05-10,,SG,,40553,,42,12,10,,708,https://www.sg.ch/tools/informationen-coronavirus.html,,,
2021-05-11,,SG,,40653,,41,12,12,,708,https://www.sg.ch/tools/informationen-coronavirus.html,,,
2021-05-12,,SG,,40748,,43,12,10,,,https://www.sg.ch/tools/informationen-coronavirus.html,,,
2021-05-13,,SG,,40775,,44,10,8,,709,https://www.sg.ch/tools/informationen-coronavirus.html,,,
2021-05-14,,SG,,40876,,44,9,7,,,https://www.sg.ch/tools/informationen-coronavirus.html,,,
2021-05-15,,SG,,40918,,45,9,7,,,https://www.sg.ch/tools/informationen-coronavirus.html,,,
2021-05-16,,SG,,40953,,42,9,7,,709,https://www.sg.ch/tools/informationen-coronavirus.html,,,
2021-05-17,,SG,,41104,,44,8,7,,709,https://www.sg.ch/tools/informationen-coronavirus.html,,,
2021-05-18,,SG,,41210,,37,9,7,,709,https://www.sg.ch/tools/informationen-coronavirus.html,,,
2021-05-19,,SG,,41299,,36,8,7,,709,https://www.sg.ch/tools/informationen-coronavirus.html,,,
2021-05-20,,SG,,41385,,39,8,8,,709,https://www.sg.ch/tools/informationen-coronavirus.html,,,
2021-05-21,,SG,,41501,,41,10,10,,,https://www.sg.ch/tools/informationen-coronavirus.html,,,
2021-05-22,,SG,,41553,,38,10,9,,,https://www.sg.ch/tools/informationen-coronavirus.html,,,
2021-05-23,,SG,,41584,,39,10,9,,,https://www.sg.ch/tools/informationen-coronavirus.html,,,
2021-05-24,,SG,,41625,,42,9,7,,709,https://www.sg.ch/tools/informationen-coronavirus.html,,,
2021-05-25,,SG,,41748,,50,8,6,,709,https://www.sg.ch/tools/informationen-coronavirus.html,,,
2021-05-26,,SG,,41837,,46,8,7,,709,https://www.sg.ch/tools/informationen-coronavirus.html,,,
2021-05-27,,SG,,41914,,43,7,6,,709,https://www.sg.ch/tools/informationen-coronavirus.html,,,
2021-05-28,,SG,,41984,,46,7,6,,,https://www.sg.ch/tools/informationen-coronavirus.html,,,
2021-05-29,,SG,,42025,,40,7,6,,,https://www.sg.ch/tools/informationen-coronavirus.html,,,
2021-05-30,,SG,,42049,,39,7,7,,709,https://www.sg.ch/tools/informationen-coronavirus.html,,,
2021-05-31,,SG,,42150,,40,8,8,,709,https://www.sg.ch/tools/informationen-coronavirus.html,,,
2021-06-01,,SG,,42233,,31,6,6,,709,https://www.sg.ch/tools/informationen-coronavirus.html,,,
2021-06-02,,SG,,42305,,29,6,5,,709,https://www.sg.ch/tools/informationen-coronavirus.html,,,
2021-06-03,,SG,,42357,,28,6,5,,709,https://www.sg.ch/tools/informationen-coronavirus.html,,,
2021-06-04,,SG,,42414,,25,7,5,,,https://www.sg.ch/tools/informationen-coronavirus.html,,,
2021-06-05,,SG,,42437,,25,7,5,,,https://www.sg.ch/tools/informationen-coronavirus.html,,,
2021-06-06,,SG,,42452,,22,6,4,,710,https://www.sg.ch/tools/informationen-coronavirus.html,,,
2021-06-07,,SG,,42510,,20,5,4,,710,https://www.sg.ch/tools/informationen-coronavirus.html,,,
2021-06-08,,SG,,42539,,19,4,3,,711,https://www.sg.ch/tools/informationen-coronavirus.html,,,
2021-06-09,,SG,,42569,,20,4,3,,711,https://www.sg.ch/tools/informationen-coronavirus.html,,,
2021-06-10,,SG,,42595,,26,4,3,,712,https://www.sg.ch/tools/informationen-coronavirus.html,,,
2021-06-11,,SG,,42630,,16,4,3,,,https://www.sg.ch/tools/informationen-coronavirus.html,,,
2021-06-12,,SG,,42641,,15,3,3,,,https://www.sg.ch/tools/informationen-coronavirus.html,,,
2021-06-13,,SG,,42647,,16,3,2,,712,https://www.sg.ch/tools/informationen-coronavirus.html,,,
2021-06-14,,SG,,42694,,15,3,2,,712,https://www.sg.ch/tools/informationen-coronavirus.html,,,
2021-06-15,,SG,,42711,,15,3,2,,712,https://www.sg.ch/tools/informationen-coronavirus.html,,,
2021-06-16,,SG,,42725,,15,2,2,,713,https://www.sg.ch/tools/informationen-coronavirus.html,,,
2021-06-17,,SG,,42736,,15,2,2,,713,https://www.sg.ch/tools/informationen-coronavirus.html,,,
2021-06-18,,SG,,42749,,13,2,2,,,https://www.sg.ch/tools/informationen-coronavirus.html,,,
2021-06-19,,SG,,42757,,11,2,2,,,https://www.sg.ch/tools/informationen-coronavirus.html,,,
2021-06-20,,SG,,42762,,11,1,1,,714,https://www.sg.ch/tools/informationen-coronavirus.html,,,
2021-06-21,,SG,,42775,,9,1,1,,714,https://www.sg.ch/tools/informationen-coronavirus.html,,,
2021-06-22,,SG,,42786,,6,1,1,,715,https://www.sg.ch/tools/informationen-coronavirus.html,,,
2021-06-23,,SG,,42800,,5,1,1,,715,https://www.sg.ch/tools/informationen-coronavirus.html,,,
2021-06-24,,SG,,42804,,4,1,1,,715,https://www.sg.ch/tools/informationen-coronavirus.html,,,
2021-06-25,,SG,,42808,,4,1,1,,,https://www.sg.ch/tools/informationen-coronavirus.html,,,
2021-06-26,,SG,,42808,,3,1,1,,,https://www.sg.ch/tools/informationen-coronavirus.html,,,
2021-06-27,,SG,,42809,,3,1,1,,715,https://www.sg.ch/tools/informationen-coronavirus.html,,,
2021-06-28,,SG,,42815,,2,0,0,,715,https://www.sg.ch/tools/informationen-coronavirus.html,,,
2021-06-29,,SG,,42824,,3,1,0,,715,https://www.sg.ch/tools/informationen-coronavirus.html,,,
2021-06-30,,SG,,42830,,1,1,0,,715,https://www.sg.ch/tools/informationen-coronavirus.html,,,
2021-07-01,,SG,,42845,,1,1,0,,715,https://www.sg.ch/tools/informationen-coronavirus.html,,,
2021-07-02,,SG,,42854,,1,1,0,,,https://www.sg.ch/tools/informationen-coronavirus.html,,,
2021-07-03,,SG,,42863,,1,1,0,,,https://www.sg.ch/tools/informationen-coronavirus.html,,,
2021-07-04,,SG,,42874,,1,1,0,,716,https://www.sg.ch/tools/informationen-coronavirus.html,,,
2021-07-05,,SG,,42885,,2,1,0,,716,https://www.sg.ch/tools/informationen-coronavirus.html,,,
2021-07-06,,SG,,42917,,2,1,0,,716,https://www.sg.ch/tools/informationen-coronavirus.html,,,
2021-07-07,,SG,,42945,,2,1,1,,716,https://www.sg.ch/tools/informationen-coronavirus.html,,,
2021-07-08,,SG,,42967,,3,2,2,,716,https://www.sg.ch/tools/informationen-coronavirus.html,,,
2021-07-09,,SG,,42988,,4,2,2,,,https://www.sg.ch/tools/informationen-coronavirus.html,,,
2021-07-10,,SG,,43002,,3,2,2,,,https://www.sg.ch/tools/informationen-coronavirus.html,,,
2021-07-11,,SG,,43012,,4,2,2,,717,https://www.sg.ch/tools/informationen-coronavirus.html,,,
2021-07-12,,SG,,43047,,3,2,1,,717,https://www.sg.ch/tools/informationen-coronavirus.html,,,
2021-07-13,,SG,,43078,,4,2,1,,717,https://www.sg.ch/tools/informationen-coronavirus.html,,,
2021-07-14,,SG,,43109,,4,2,1,,717,https://www.sg.ch/tools/informationen-coronavirus.html,,,
2021-07-15,,SG,,43141,,5,2,1,,717,https://www.sg.ch/tools/informationen-coronavirus.html,,,
2021-07-16,,SG,,43169,,2,2,1,,,https://www.sg.ch/tools/informationen-coronavirus.html,,,
2021-07-17,,SG,,43192,,2,2,1,,,https://www.sg.ch/tools/informationen-coronavirus.html,,,
2021-07-18,,SG,,43210,,2,2,1,,717,https://www.sg.ch/tools/informationen-coronavirus.html,,,
2021-07-19,,SG,,43259,,5,2,0,,717,https://www.sg.ch/tools/informationen-coronavirus.html,,,
2021-07-20,,SG,,43301,,4,2,0,,717,https://www.sg.ch/tools/informationen-coronavirus.html,,,
2021-07-21,,SG,,43342,,5,2,0,,717,https://www.sg.ch/tools/informationen-coronavirus.html,,,
2021-07-22,,SG,,43370,,4,2,0,,717,https://www.sg.ch/tools/informationen-coronavirus.html,,,
2021-07-23,,SG,,43394,,3,1,0,,,https://www.sg.ch/tools/informationen-coronavirus.html,,,
2021-07-24,,SG,,43409,,2,0,0,,,https://www.sg.ch/tools/informationen-coronavirus.html,,,
2021-07-25,,SG,,43439,,4,0,0,,717,https://www.sg.ch/tools/informationen-coronavirus.html,,,
2021-07-26,,SG,,43487,,7,0,0,,718,https://www.sg.ch/tools/informationen-coronavirus.html,,,
2021-07-27,,SG,,43533,,7,0,0,,718,https://www.sg.ch/tools/informationen-coronavirus.html,,,
2021-07-28,,SG,,43563,,8,0,0,,718,https://www.sg.ch/tools/informationen-coronavirus.html,,,
2021-07-29,,SG,,43589,,2,0,0,,718,https://www.sg.ch/tools/informationen-coronavirus.html,,,
2021-07-30,,SG,,43620,,2,1,0,,,https://www.sg.ch/tools/informationen-coronavirus.html,,,
2021-07-31,,SG,,43637,,2,1,0,,,https://www.sg.ch/tools/informationen-coronavirus.html,,,
2021-08-01,,SG,,43650,,2,0,0,,718,https://www.sg.ch/tools/informationen-coronavirus.html,,,
2021-08-02,,SG,,43722,,5,0,0,,718,https://www.sg.ch/tools/informationen-coronavirus.html,,,
2021-08-03,,SG,,43766,,6,3,0,,718,https://www.sg.ch/tools/informationen-coronavirus.html,,,
2021-08-04,,SG,,43825,,4,2,0,,718,https://www.sg.ch/tools/informationen-coronavirus.html,,,
2021-08-05,,SG,,43884,,9,1,0,,718,https://www.sg.ch/tools/informationen-coronavirus.html,,,
2021-08-06,,SG,,43950,,15,1,0,,,https://www.sg.ch/tools/informationen-coronavirus.html,,,
2021-08-07,,SG,,44005,,16,1,0,,,https://www.sg.ch/tools/informationen-coronavirus.html,,,
2021-08-08,,SG,,44045,,16,1,0,,718,https://www.sg.ch/tools/informationen-coronavirus.html,,,
2021-08-09,,SG,,44318,,21,2,0,,718,https://www.sg.ch/tools/informationen-coronavirus.html,,,
2021-08-10,,SG,,44513,,17,4,1,,718,https://www.sg.ch/tools/informationen-coronavirus.html,,,
2021-08-11,,SG,,44666,,20,3,3,,718,https://www.sg.ch/tools/informationen-coronavirus.html,,,
2021-08-12,,SG,,44823,,21,3,3,,719,https://www.sg.ch/tools/informationen-coronavirus.html,,,
2021-08-13,,SG,,45040,,26,4,4,,,https://www.sg.ch/tools/informationen-coronavirus.html,,,
2021-08-14,,SG,,45119,,26,4,4,,,https://www.sg.ch/tools/informationen-coronavirus.html,,,
2021-08-15,,SG,,45191,,25,4,4,,720,https://www.sg.ch/tools/informationen-coronavirus.html,,,
2021-08-16,,SG,,45630,,43,11,8,,720,https://www.sg.ch/tools/informationen-coronavirus.html,,,
2021-08-17,,SG,,45884,,58,13,10,,720,https://www.sg.ch/tools/informationen-coronavirus.html,,,
2021-08-18,,SG,,46073,,57,12,9,,720,https://www.sg.ch/tools/informationen-coronavirus.html,,,
2021-08-19,,SG,,46246,,54,12,11,,721,https://www.sg.ch/tools/informationen-coronavirus.html,,,
2021-08-20,,SG,,46446,,50,12,10,,,https://www.sg.ch/tools/informationen-coronavirus.html,,,
2021-08-21,,SG,,46521,,52,13,11,,,https://www.sg.ch/tools/informationen-coronavirus.html,,,
2021-08-22,,SG,,46587,,57,14,12,,721,https://www.sg.ch/tools/informationen-coronavirus.html,,,
2021-08-23,,SG,,46925,,64,14,12,,721,https://www.sg.ch/tools/informationen-coronavirus.html,,,
2021-08-24,,SG,,47131,,67,18,16,,723,https://www.sg.ch/tools/informationen-coronavirus.html,,,
2021-08-25,,SG,,47339,,67,17,14,,723,https://www.sg.ch/tools/informationen-coronavirus.html,,,
2021-08-26,,SG,,47528,,69,18,17,,724,https://www.sg.ch/tools/informationen-coronavirus.html,,,
2021-08-27,,SG,,47742,,71,20,19,,,https://www.sg.ch/tools/informationen-coronavirus.html,,,
2021-08-28,,SG,,47829,,70,20,18,,,https://www.sg.ch/tools/informationen-coronavirus.html,,,
2021-08-29,,SG,,47886,,69,20,18,,724,https://www.sg.ch/tools/informationen-coronavirus.html,,,
2021-08-30,,SG,,48248,,64,21,19,,726,https://www.sg.ch/tools/informationen-coronavirus.html,,,
2021-08-31,,SG,,48501,,60,20,18,,726,https://www.sg.ch/tools/informationen-coronavirus.html,,,
2021-09-01,,SG,,48743,,68,20,19,,726,https://www.sg.ch/tools/informationen-coronavirus.html,,,
2021-09-02,,SG,,49000,,64,23,23,,726,https://www.sg.ch/tools/informationen-coronavirus.html,,,
2021-09-03,,SG,,49311,,63,23,23,,,https://www.sg.ch/tools/informationen-coronavirus.html,,,
2021-09-04,,SG,,49418,,57,24,24,,,https://www.sg.ch/tools/informationen-coronavirus.html,,,
2021-09-05,,SG,,49480,,55,21,21,,727,https://www.sg.ch/tools/informationen-coronavirus.html,,,
2021-09-06,,SG,,49905,,53,22,22,,728,https://www.sg.ch/tools/informationen-coronavirus.html,,,
2021-09-07,,SG,,50196,,52,21,21,,728,https://www.sg.ch/tools/informationen-coronavirus.html,,,
2021-09-08,,SG,,50447,,59,23,21,,728,https://www.sg.ch/tools/informationen-coronavirus.html,,,
2021-09-09,,SG,,50684,,51,19,18,,729,https://www.sg.ch/tools/informationen-coronavirus.html,,,
2021-09-10,,SG,,50957,,46,19,18,,,https://www.sg.ch/tools/informationen-coronavirus.html,,,
2021-09-11,,SG,,51061,,45,20,18,,,https://www.sg.ch/tools/informationen-coronavirus.html,,,
2021-09-12,,SG,,51130,,48,20,18,,729,https://www.sg.ch/tools/informationen-coronavirus.html,,,
2021-09-13,,SG,,51486,,48,21,19,,730,https://www.sg.ch/tools/informationen-coronavirus.html,,,
2021-09-14,,SG,,51733,,51,17,17,,731,https://www.sg.ch/tools/informationen-coronavirus.html,,,
2021-09-15,,SG,,51939,,50,17,14,,732,https://www.sg.ch/tools/informationen-coronavirus.html,,,
2021-09-16,,SG,,52100,,47,18,15,,732,https://www.sg.ch/tools/informationen-coronavirus.html,,,
2021-09-17,,SG,,52262,,42,17,15,,,https://www.sg.ch/tools/informationen-coronavirus.html,,,
2021-09-18,,SG,,52322,,45,21,19,,,https://www.sg.ch/tools/informationen-coronavirus.html,,,
2021-09-19,,SG,,52366,,46,21,19,,733,https://www.sg.ch/tools/informationen-coronavirus.html,,,
2021-09-20,,SG,,52591,,45,20,19,,734,https://www.sg.ch/tools/informationen-coronavirus.html,,,
2021-09-21,,SG,,52759,,51,19,19,,735,https://www.sg.ch/tools/informationen-coronavirus.html,,,
2021-09-22,,SG,,52877,,52,19,19,,736,https://www.sg.ch/tools/informationen-coronavirus.html,,,
2021-09-23,,SG,,52993,,51,20,20,,736,https://www.sg.ch/tools/informationen-coronavirus.html,,,
2021-09-24,,SG,,53129,,53,18,18,,,https://www.sg.ch/tools/informationen-coronavirus.html,,,
2021-09-25,,SG,,53178,,47,16,16,,,https://www.sg.ch/tools/informationen-coronavirus.html,,,
2021-09-26,,SG,,53198,,45,17,16,,738,https://www.sg.ch/tools/informationen-coronavirus.html,,,
2021-09-27,,SG,,53402,,42,13,13,,740,https://www.sg.ch/tools/informationen-coronavirus.html,,,
2021-09-28,,SG,,53512,,47,13,13,,740,https://www.sg.ch/tools/informationen-coronavirus.html,,,
2021-09-29,,SG,,53624,,53,17,15,,740,https://www.sg.ch/tools/informationen-coronavirus.html,,,
2021-09-30,,SG,,53721,,48,15,14,,740,https://www.sg.ch/tools/informationen-coronavirus.html,,,
2021-10-01,,SG,,53841,,41,14,13,,,https://www.sg.ch/tools/informationen-coronavirus.html,,,
2021-10-02,,SG,,53914,,41,12,12,,,https://www.sg.ch/tools/informationen-coronavirus.html,,,
2021-10-03,,SG,,53949,,41,12,12,,740,https://www.sg.ch/tools/informationen-coronavirus.html,,,
2021-10-04,,SG,,54071,,40,13,13,,739,https://www.sg.ch/tools/informationen-coronavirus.html,,,
2021-10-05,,SG,,54160,,33,14,14,,739,https://www.sg.ch/tools/informationen-coronavirus.html,,,
2021-10-06,,SG,,54261,,28,13,11,,739,https://www.sg.ch/tools/informationen-coronavirus.html,,,
2021-10-07,,SG,,54354,,26,12,11,,739,https://www.sg.ch/tools/informationen-coronavirus.html,,,
2021-10-08,,SG,,54458,,27,10,9,,,https://www.sg.ch/tools/informationen-coronavirus.html,,,
2021-10-09,,SG,,54509,,27,10,9,,,https://www.sg.ch/tools/informationen-coronavirus.html,,,
2021-10-10,,SG,,54549,,28,10,9,,740,https://www.sg.ch/tools/informationen-coronavirus.html,,,
2021-10-11,,SG,,54698,,28,9,8,,,https://www.sg.ch/tools/informationen-coronavirus.html,,,
2021-10-12,,SG,,54797,,25,7,7,,,https://www.sg.ch/tools/informationen-coronavirus.html,,,
2021-10-13,,SG,,54889,,25,6,6,,,https://www.sg.ch/tools/informationen-coronavirus.html,,,
2021-10-14,,SG,,54986,,21,7,7,,,https://www.sg.ch/tools/informationen-coronavirus.html,,,
2021-10-15,,SG,,55089,,20,7,7,,,https://www.sg.ch/tools/informationen-coronavirus.html,,,
2021-10-16,,SG,,55168,,25,7,7,,,https://www.sg.ch/tools/informationen-coronavirus.html,,,
2021-10-17,,SG,,55213,,25,8,7,,,https://www.sg.ch/tools/informationen-coronavirus.html,,,
2021-10-18,,SG,,55459,,28,9,6,,742,https://www.sg.ch/tools/informationen-coronavirus.html,,,
2021-10-19,,SG,,55620,,27,7,4,,742,https://www.sg.ch/tools/informationen-coronavirus.html,,,
2021-10-20,,SG,,55800,,22,4,4,,744,https://www.sg.ch/tools/informationen-coronavirus.html,,,
2021-10-21,,SG,,55966,,20,4,3,,744,https://www.sg.ch/tools/informationen-coronavirus.html,,,
2021-10-22,,SG,,56155,,17,4,3,,,https://www.sg.ch/tools/informationen-coronavirus.html,,,
2021-10-23,,SG,,56271,,17,4,3,,,https://www.sg.ch/tools/informationen-coronavirus.html,,,
2021-10-24,,SG,,56347,,21,4,3,,746,https://www.sg.ch/tools/informationen-coronavirus.html,,,
2021-10-25,,SG,,56671,,27,4,3,,746,https://www.sg.ch/tools/informationen-coronavirus.html,,,
2021-10-26,,SG,,56876,,28,5,3,,746,https://www.sg.ch/tools/informationen-coronavirus.html,,,
2021-10-27,,SG,,57071,,27,5,3,,747,https://www.sg.ch/tools/informationen-coronavirus.html,,,
2021-10-28,,SG,,57253,,32,5,3,,748,https://www.sg.ch/tools/informationen-coronavirus.html,,,
2021-10-29,,SG,,57473,,32,6,4,,,https://www.sg.ch/tools/informationen-coronavirus.html,,,
2021-10-30,,SG,,57579,,35,6,4,,,https://www.sg.ch/tools/informationen-coronavirus.html,,,
2021-10-31,,SG,,57690,,33,6,4,,752,https://www.sg.ch/tools/informationen-coronavirus.html,,,
2021-11-01,,SG,,57829,,45,7,4,,753,https://www.sg.ch/tools/informationen-coronavirus.html,,,
2021-11-02,,SG,,58284,,39,7,4,,753,https://www.sg.ch/tools/informationen-coronavirus.html,,,
2021-11-03,,SG,,58572,,42,7,5,,753,https://www.sg.ch/tools/informationen-coronavirus.html,,,
2021-11-04,,SG,,58877,,42,7,5,,753,https://www.sg.ch/tools/informationen-coronavirus.html,,,
2021-11-05,,SG,,59199,,33,6,6,,,https://www.sg.ch/tools/informationen-coronavirus.html,,,
2021-11-06,,SG,,59374,,38,6,6,,,https://www.sg.ch/tools/informationen-coronavirus.html,,,
2021-11-07,,SG,,59521,,43,6,6,,753,https://www.sg.ch/tools/informationen-coronavirus.html,,,
2021-11-08,,SG,,60101,,42,7,7,,753,https://www.sg.ch/tools/informationen-coronavirus.html,,,
2021-11-09,,SG,,60545,,48,7,7,,755,https://www.sg.ch/tools/informationen-coronavirus.html,,,
2021-11-10,,SG,,60986,,44,6,6,,755,https://www.sg.ch/tools/informationen-coronavirus.html,,,
2021-11-11,,SG,,61415,,40,6,4,,755,https://www.sg.ch/tools/informationen-coronavirus.html,,,
2021-11-12,,SG,,61834,,45,6,4,,,https://www.sg.ch/tools/informationen-coronavirus.html,,,
2021-11-13,,SG,,62100,,42,5,4,,,https://www.sg.ch/tools/informationen-coronavirus.html,,,
2021-11-14,,SG,,62289,,47,6,5,,756,https://www.sg.ch/tools/informationen-coronavirus.html,,,
2021-11-15,,SG,,63028,,47,5,4,,756,https://www.sg.ch/tools/informationen-coronavirus.html,,,
2021-11-16,,SG,,63579,,48,5,3,,756,https://www.sg.ch/tools/informationen-coronavirus.html,,,
2021-11-17,,SG,,64199,,48,4,3,,757,https://www.sg.ch/tools/informationen-coronavirus.html,,,
2021-11-18,,SG,,64770,,41,4,3,,757,https://www.sg.ch/tools/informationen-coronavirus.html,,,
2021-11-19,,SG,,65409,,41,3,3,,,https://www.sg.ch/tools/informationen-coronavirus.html,,,
2021-11-20,,SG,,65734,,48,3,3,,,https://www.sg.ch/tools/informationen-coronavirus.html,,,
2021-11-21,,SG,,66002,,57,5,4,,757,https://www.sg.ch/tools/informationen-coronavirus.html,,,
2021-11-22,,SG,,67063,,62,6,4,,759,https://www.sg.ch/tools/informationen-coronavirus.html,,,
2021-11-23,,SG,,67913,,72,6,5,,760,https://www.sg.ch/tools/informationen-coronavirus.html,,,
2021-11-24,,SG,,68710,,78,7,6,,762,https://www.sg.ch/tools/informationen-coronavirus.html,,,
2021-11-25,,SG,,69411,,77,11,8,,763,https://www.sg.ch/tools/informationen-coronavirus.html,,,
2021-11-26,,SG,,70183,,78,12,9,,,https://www.sg.ch/tools/informationen-coronavirus.html,,,
2021-11-27,,SG,,70564,,91,15,14,,,https://www.sg.ch/tools/informationen-coronavirus.html,,,
2021-11-28,,SG,,70818,,96,17,15,,764,https://www.sg.ch/tools/informationen-coronavirus.html,,,
2021-11-29,,SG,,71988,,109,19,17,,765,https://www.sg.ch/tools/informationen-coronavirus.html,,,
2021-11-30,,SG,,72766,,109,19,17,,765,https://www.sg.ch/tools/informationen-coronavirus.html,,,
2021-12-01,,SG,,73609,,108,18,18,,767,https://www.sg.ch/tools/informationen-coronavirus.html,,,
2021-12-02,,SG,,74379,,98,20,19,,769,https://www.sg.ch/tools/informationen-coronavirus.html,,,
2021-12-03,,SG,,75215,,102,21,20,,,https://www.sg.ch/tools/informationen-coronavirus.html,,,
2021-12-04,,SG,,75650,,109,21,19,,,https://www.sg.ch/tools/informationen-coronavirus.html,,,
2021-12-05,,SG,,75940,,113,19,18,,773,https://www.sg.ch/tools/informationen-coronavirus.html,,,
2021-12-06,,SG,,77041,,121,18,17,,774,https://www.sg.ch/tools/informationen-coronavirus.html,,,
2021-12-07,,SG,,77879,,122,19,18,,775,https://www.sg.ch/tools/informationen-coronavirus.html,,,
2021-12-08,,SG,,78635,,122,20,19,,776,https://www.sg.ch/tools/informationen-coronavirus.html,,,
2021-12-09,,SG,,79325,,110,20,19,,778,https://www.sg.ch/tools/informationen-coronavirus.html,,,
2021-12-10,,SG,,80089,,106,20,20,,,https://www.sg.ch/tools/informationen-coronavirus.html,,,
2021-12-11,,SG,,80401,,104,20,20,,,https://www.sg.ch/tools/informationen-coronavirus.html,,,
2021-12-12,,SG,,80638,,106,21,20,,780,https://www.sg.ch/tools/informationen-coronavirus.html,,,
2021-12-13,,SG,,81719,,105,22,20,,780,https://www.sg.ch/tools/informationen-coronavirus.html,,,
2021-12-14,,SG,,82493,,103,24,21,,781,https://www.sg.ch/tools/informationen-coronavirus.html,,,
2021-12-15,,SG,,83053,,85,21,19,,784,https://www.sg.ch/tools/informationen-coronavirus.html,,,
2021-12-16,,SG,,83635,,88,22,17,,786,https://www.sg.ch/tools/informationen-coronavirus.html,,,
2021-12-17,,SG,,84190,,81,21,17,,,https://www.sg.ch/tools/informationen-coronavirus.html,,,
2021-12-18,,SG,,84463,,93,21,18,,,https://www.sg.ch/tools/informationen-coronavirus.html,,,
2021-12-19,,SG,,84650,,93,22,18,,789,https://www.sg.ch/tools/informationen-coronavirus.html,,,
2021-12-20,,SG,,85438,,100,18,17,,790,https://www.sg.ch/tools/informationen-coronavirus.html,,,
2021-12-21,,SG,,86023,,96,18,16,,795,https://www.sg.ch/tools/informationen-coronavirus.html,,,
2021-12-22,,SG,,86558,,90,16,12,,797,https://www.sg.ch/tools/informationen-coronavirus.html,,,
2021-12-23,,SG,,87050,,90,15,14,,798,https://www.sg.ch/tools/informationen-coronavirus.html,,,
2021-12-24,,SG,,87460,,90,15,13,,,https://www.sg.ch/tools/informationen-coronavirus.html,,,
2021-12-25,,SG,,87653,,96,17,15,,,https://www.sg.ch/tools/informationen-coronavirus.html,,,
2021-12-26,,SG,,87863,,91,19,16,,803,https://www.sg.ch/tools/informationen-coronavirus.html,,,
2021-12-27,,SG,,88732,,95,19,16,,804,https://www.sg.ch/tools/informationen-coronavirus.html,,,
2021-12-28,,SG,,89426,,98,18,15,,804,https://www.sg.ch/tools/informationen-coronavirus.html,,,
2021-12-29,,SG,,90166,,95,17,15,,805,https://www.sg.ch/tools/informationen-coronavirus.html,,,
2021-12-30,,SG,,90866,,85,17,13,,805,https://www.sg.ch/tools/informationen-coronavirus.html,,,
2021-12-31,,SG,,91409,,73,15,13,,,https://www.sg.ch/tools/informationen-coronavirus.html,,,
2022-01-01,,SG,,91693,,69,14,13,,,https://www.sg.ch/tools/informationen-coronavirus.html,,,
2022-01-02,,SG,,92029,,70,15,14,,806,https://www.sg.ch/tools/informationen-coronavirus.html,,,
2022-01-03,,SG,,93544,,76,14,12,,807,https://www.sg.ch/tools/informationen-coronavirus.html,,,
2022-01-04,,SG,,94767,,78,14,12,,808,https://www.sg.ch/tools/informationen-coronavirus.html,,,
2022-01-05,,SG,,95984,,75,14,11,,809,https://www.sg.ch/tools/informationen-coronavirus.html,,,
2022-01-06,,SG,,96973,,72,15,12,,810,https://www.sg.ch/tools/informationen-coronavirus.html,,,
2022-01-07,,SG,,97989,,68,13,12,,,https://www.sg.ch/tools/informationen-coronavirus.html,,,
2022-01-08,,SG,,98517,,69,13,10,,,https://www.sg.ch/tools/informationen-coronavirus.html,,,
2022-01-09,,SG,,98932,,68,13,10,,811,https://www.sg.ch/tools/informationen-coronavirus.html,,,
2022-01-10,,SG,,100458,,66,15,12,,811,https://www.sg.ch/tools/informationen-coronavirus.html,,,
2022-01-11,,SG,,101686,,59,15,14,,812,https://www.sg.ch/tools/informationen-coronavirus.html,,,
2022-01-12,,SG,,102889,,55,16,16,,814,https://www.sg.ch/tools/informationen-coronavirus.html,,,
2022-01-13,,SG,,104020,,51,16,16,,814,https://www.sg.ch/tools/informationen-coronavirus.html,,,
2022-01-14,,SG,,105209,,54,15,15,,,https://www.sg.ch/tools/informationen-coronavirus.html,,,
2022-01-15,,SG,,105942,,50,16,16,,,https://www.sg.ch/tools/informationen-coronavirus.html,,,
2022-01-16,,SG,,106368,,44,15,15,,815,https://www.sg.ch/tools/informationen-coronavirus.html,,,
2022-01-17,,SG,,108500,,51,14,14,,816,https://www.sg.ch/tools/informationen-coronavirus.html,,,
2022-01-18,,SG,,110484,,51,14,12,,817,https://www.sg.ch/tools/informationen-coronavirus.html,,,
2022-01-19,,SG,,112323,,46,12,9,,820,https://www.sg.ch/tools/informationen-coronavirus.html,,,
2022-01-20,,SG,,114165,,48,12,10,,820,https://www.sg.ch/tools/informationen-coronavirus.html,,,
2022-01-21,,SG,,115980,,49,12,9,,,https://www.sg.ch/tools/informationen-coronavirus.html,,,
2022-01-22,,SG,,116905,,55,11,7,,,https://www.sg.ch/tools/informationen-coronavirus.html,,,
2022-01-23,,SG,,117677,,60,12,8,,821,https://www.sg.ch/tools/informationen-coronavirus.html,,,
2022-01-24,,SG,,120402,,65,11,7,,821,https://www.sg.ch/tools/informationen-coronavirus.html,,,
2022-01-25,,SG,,122580,,65,10,5,,821,https://www.sg.ch/tools/informationen-coronavirus.html,,,
2022-01-26,,SG,,123375,,55,10,5,,821,https://www.sg.ch/tools/informationen-coronavirus.html,,,
