date,time,abbreviation_canton_and_fl,ncumul_tested,ncumul_conf,new_hosp,current_hosp,current_icu,current_vent,ncumul_released,ncumul_deceased,source,current_isolated,current_quarantined,current_quarantined_riskareatravel,current_quarantined_total,ncumul_ICF
2020-01-05,00:00,GE,,4,,,,,,0,https://infocovid.smc.unige.ch/,,,,,
2020-01-30,00:00,GE,,5,,,,,,0,https://infocovid.smc.unige.ch/,,,,,
2020-02-01,00:00,GE,109,5,,,,,,0,https://infocovid.smc.unige.ch/,1,0,0,,
2020-02-02,00:00,GE,115,5,,,,,,0,https://infocovid.smc.unige.ch/,1,0,0,,
2020-02-03,00:00,GE,136,5,,,,,,0,https://infocovid.smc.unige.ch/,1,0,0,,
2020-02-04,00:00,GE,156,5,,,,,,0,https://infocovid.smc.unige.ch/,1,0,0,,
2020-02-05,00:00,GE,169,5,,,,,,0,https://infocovid.smc.unige.ch/,1,0,0,,
2020-02-06,00:00,GE,175,5,,,,,,0,https://infocovid.smc.unige.ch/,1,0,0,,
2020-02-07,00:00,GE,183,5,,,,,,0,https://infocovid.smc.unige.ch/,1,0,0,,
2020-02-08,00:00,GE,192,5,,,,,,0,https://infocovid.smc.unige.ch/,1,0,0,,
2020-02-09,00:00,GE,192,5,,,,,,0,https://infocovid.smc.unige.ch/,1,0,0,,
2020-02-10,00:00,GE,204,5,,,,,,0,https://infocovid.smc.unige.ch/,0,0,0,,
2020-02-11,00:00,GE,215,5,,,,,,0,https://infocovid.smc.unige.ch/,0,0,0,,
2020-02-12,00:00,GE,223,5,,,,,,0,https://infocovid.smc.unige.ch/,0,0,0,,
2020-02-13,00:00,GE,234,5,,,,,,0,https://infocovid.smc.unige.ch/,0,0,0,,
2020-02-14,00:00,GE,240,5,,,,,,0,https://infocovid.smc.unige.ch/,0,0,0,,
2020-02-15,00:00,GE,245,5,,,,,,0,https://infocovid.smc.unige.ch/,0,0,0,,
2020-02-16,00:00,GE,246,5,,,,,,0,https://infocovid.smc.unige.ch/,0,0,0,,
2020-02-17,00:00,GE,248,5,,,,,,0,https://infocovid.smc.unige.ch/,0,0,0,,
2020-02-18,00:00,GE,255,5,,,,,,0,https://infocovid.smc.unige.ch/,0,0,0,,
2020-02-19,00:00,GE,263,5,,,,,,0,https://infocovid.smc.unige.ch/,0,0,0,,
2020-02-20,00:00,GE,268,5,,,,,,0,https://infocovid.smc.unige.ch/,0,0,0,,
2020-02-21,00:00,GE,272,5,,,,,,0,https://infocovid.smc.unige.ch/,0,0,0,,
2020-02-22,00:00,GE,273,5,,,,,,0,https://infocovid.smc.unige.ch/,0,0,0,,
2020-02-23,00:00,GE,273,5,,,,,,0,https://infocovid.smc.unige.ch/,0,0,0,,
2020-02-24,00:00,GE,302,5,,,,,,0,https://infocovid.smc.unige.ch/,0,0,0,,
2020-02-25,00:00,GE,375,5,,0,0,0,,0,https://infocovid.smc.unige.ch/,0,0,0,,0
2020-02-26,00:00,GE,479,6,,0,0,0,,0,https://infocovid.smc.unige.ch/,0,0,0,,0
2020-02-27,00:00,GE,630,7,,0,0,0,,0,https://infocovid.smc.unige.ch/,3,0,0,,0
2020-02-28,00:00,GE,840,10,0,0,0,0,,0,https://infocovid.smc.unige.ch/,6,0,0,,0
2020-02-29,00:00,GE,981,13,2,0,0,0,,0,https://infocovid.smc.unige.ch/,10,0,0,,0
2020-03-01,00:00,GE,1083,14,0,0,0,0,,0,https://infocovid.smc.unige.ch/,18,0,0,,0
2020-03-02,00:00,GE,1171,15,0,0,0,0,,0,https://infocovid.smc.unige.ch/,22,1,0,,0
2020-03-03,00:00,GE,1278,17,0,0,0,0,,0,https://infocovid.smc.unige.ch/,24,1,0,,0
2020-03-04,00:00,GE,1384,19,0,0,0,0,,0,https://infocovid.smc.unige.ch/,34,1,0,,0
2020-03-05,00:00,GE,1447,24,1,0,0,0,,0,https://infocovid.smc.unige.ch/,51,1,0,,0
2020-03-06,00:00,GE,1538,33,1,0,0,0,,0,https://infocovid.smc.unige.ch/,61,1,0,,0
2020-03-07,00:00,GE,1614,43,0,0,0,0,,0,https://infocovid.smc.unige.ch/,86,1,0,,0
2020-03-08,00:00,GE,1681,46,2,0,0,0,,0,https://infocovid.smc.unige.ch/,101,1,0,,0
2020-03-09,00:00,GE,1780,59,1,0,0,1,,0,https://infocovid.smc.unige.ch/,101,1,0,,0
2020-03-10,00:00,GE,1955,75,3,0,0,1,,1,https://infocovid.smc.unige.ch/,116,1,0,,0
2020-03-11,00:00,GE,2201,105,4,0,0,4,,1,https://infocovid.smc.unige.ch/,134,1,0,,0
2020-03-12,00:00,GE,2574,145,5,0,0,4,,2,https://infocovid.smc.unige.ch/,175,1,0,,0
2020-03-13,00:00,GE,3010,209,7,0,0,5,,2,https://infocovid.smc.unige.ch/,236,1,0,,0
2020-03-14,00:00,GE,3627,315,12,0,0,5,,2,https://infocovid.smc.unige.ch/,331,1,0,,0
2020-03-15,00:00,GE,3978,389,19,0,0,8,,4,https://infocovid.smc.unige.ch/,468,1,0,,0
2020-03-16,00:00,GE,4485,508,19,0,0,9,,4,https://infocovid.smc.unige.ch/,589,1,0,,0
2020-03-17,00:00,GE,5174,648,9,0,0,17,,5,https://infocovid.smc.unige.ch/,715,1,0,,0
2020-03-18,00:00,GE,6002,838,19,0,0,17,,6,https://infocovid.smc.unige.ch/,861,1,0,,0
2020-03-19,00:00,GE,6681,1051,42,91,18,18,,7,https://infocovid.smc.unige.ch/,1063,1,0,,0
2020-03-20,00:00,GE,7205,1208,33,122,24,21,,9,https://infocovid.smc.unige.ch/,1266,1,0,,0
2020-03-21,00:00,GE,7607,1346,41,135,24,24,,9,https://infocovid.smc.unige.ch/,1470,1,0,,0
2020-03-22,00:00,GE,7807,1450,47,185,35,36,,10,https://infocovid.smc.unige.ch/,1595,1,0,,0
2020-03-23,00:00,GE,8213,1591,21,218,42,41,,14,https://infocovid.smc.unige.ch/,1660,1,0,,0
2020-03-24,00:00,GE,8554,1702,36,230,41,41,103,15,https://infocovid.smc.unige.ch/,1712,1,0,,0
2020-03-25,00:00,GE,9000,1838,37,232,47,48,122,22,https://infocovid.smc.unige.ch/,1711,1,0,,0
2020-03-26,00:00,GE,9520,2027,43,254,50,48,144,24,https://infocovid.smc.unige.ch/,1760,1,0,,0
2020-03-27,00:00,GE,9971,2185,43,285,54,54,153,32,https://infocovid.smc.unige.ch/,1802,1,0,,0
2020-03-28,00:00,GE,10533,2377,53,309,53,54,175,40,https://infocovid.smc.unige.ch/,1857,1,0,,0
2020-03-29,00:00,GE,10825,2485,44,331,54,55,193,49,https://infocovid.smc.unige.ch/,1825,1,0,,0
2020-03-30,00:00,GE,11444,2693,49,359,58,54,216,57,https://infocovid.smc.unige.ch/,1733,1,0,,0
2020-03-31,00:00,GE,12210,2929,38,367,55,49,241,67,https://infocovid.smc.unige.ch/,1721,1,0,,0
2020-04-01,00:00,GE,12863,3101,37,381,57,58,260,76,https://infocovid.smc.unige.ch/,1767,1,0,,0
2020-04-02,00:00,GE,13919,3380,39,399,55,54,283,84,https://infocovid.smc.unige.ch/,1842,1,0,,0
2020-04-03,00:00,GE,14733,3583,32,390,58,58,284,90,https://infocovid.smc.unige.ch/,1935,1,0,,0
2020-04-04,00:00,GE,15284,3708,30,392,52,51,305,103,https://infocovid.smc.unige.ch/,1987,1,0,,0
2020-04-05,00:00,GE,15591,3790,23,392,50,50,327,109,https://infocovid.smc.unige.ch/,1935,1,0,,0
2020-04-06,00:00,GE,16191,3905,28,389,50,50,345,122,https://infocovid.smc.unige.ch/,1830,1,0,,0
2020-04-07,00:00,GE,17015,4069,26,385,48,48,374,132,https://infocovid.smc.unige.ch/,1738,1,0,,0
2020-04-08,00:00,GE,17765,4196,38,374,47,47,442,145,https://infocovid.smc.unige.ch/,1735,1,0,,0
2020-04-09,00:00,GE,18317,4290,21,358,44,45,,155,https://infocovid.smc.unige.ch/,1737,1,0,,0
2020-04-10,00:00,GE,18710,4339,20,348,47,47,448,165,https://infocovid.smc.unige.ch/,1621,1,0,,0
2020-04-11,00:00,GE,19042,4383,17,342,47,44,463,174,https://infocovid.smc.unige.ch/,1463,2,0,,0
2020-04-12,00:00,GE,19203,4407,11,337,43,43,479,182,https://infocovid.smc.unige.ch/,1312,2,0,,0
2020-04-13,00:00,GE,19470,4449,19,342,42,42,490,186,https://infocovid.smc.unige.ch/,1098,2,0,,0
2020-04-14,00:00,GE,20004,4508,8,336,42,41,490,191,https://infocovid.smc.unige.ch/,944,2,0,,0
2020-04-15,00:00,GE,20417,4566,19,323,37,37,502,198,https://infocovid.smc.unige.ch/,886,2,0,,0
2020-04-16,00:00,GE,21024,4627,9,308,34,33,520,205,https://infocovid.smc.unige.ch/,867,2,0,,0
2020-04-17,00:00,GE,21407,4671,11,303,34,33,532,211,https://infocovid.smc.unige.ch/,810,2,0,,0
2020-04-18,00:00,GE,21794,4712,8,292,33,33,553,215,https://infocovid.smc.unige.ch/,692,2,0,,0
2020-04-19,00:00,GE,21941,4723,5,295,33,33,558,219,https://infocovid.smc.unige.ch/,608,2,0,,0
2020-04-20,00:00,GE,22272,4750,10,293,29,29,561,222,https://infocovid.smc.unige.ch/,524,1,0,,0
2020-04-21,00:00,GE,22742,4781,4,275,26,29,581,228,https://infocovid.smc.unige.ch/,495,1,0,,0
2020-04-22,00:00,GE,23152,4807,9,266,26,27,589,236,https://infocovid.smc.unige.ch/,472,1,0,,0
2020-04-23,00:00,GE,23589,4840,8,265,29,27,592,239,https://infocovid.smc.unige.ch/,471,1,0,,0
2020-04-24,00:00,GE,23919,4858,6,246,25,25,600,245,https://infocovid.smc.unige.ch/,458,1,0,,0
2020-04-25,00:00,GE,24257,4874,4,253,26,26,609,247,https://infocovid.smc.unige.ch/,410,1,0,,0
2020-04-26,00:00,GE,24424,4879,2,251,24,24,610,248,https://infocovid.smc.unige.ch/,360,1,0,,0
2020-04-27,00:00,GE,24830,4895,5,113,23,24,610,249,https://infocovid.smc.unige.ch/,298,2,0,,7
2020-04-28,00:00,GE,25331,4915,2,97,20,21,617,251,https://infocovid.smc.unige.ch/,267,2,0,,7
2020-04-29,00:00,GE,25736,4930,2,80,20,19,634,253,https://infocovid.smc.unige.ch/,242,2,0,,6
2020-04-30,00:00,GE,26004,4935,7,76,18,18,640,255,https://infocovid.smc.unige.ch/,238,5,0,,5
2020-05-01,00:00,GE,26421,4953,2,72,17,17,658,258,https://infocovid.smc.unige.ch/,228,7,0,,5
2020-05-02,00:00,GE,26678,4959,1,69,16,17,660,261,https://infocovid.smc.unige.ch/,218,15,0,,5
2020-05-03,00:00,GE,26822,4964,2,73,16,16,660,261,https://infocovid.smc.unige.ch/,197,22,0,,5
2020-05-04,00:00,GE,27165,4971,5,68,16,16,661,263,https://infocovid.smc.unige.ch/,163,23,0,,3
2020-05-05,00:00,GE,27691,4978,4,56,15,16,664,264,https://infocovid.smc.unige.ch/,144,32,0,,2
2020-05-06,00:00,GE,28100,4984,2,47,14,15,671,265,https://infocovid.smc.unige.ch/,140,38,0,,3
2020-05-07,00:00,GE,28415,4989,2,37,13,13,686,270,https://infocovid.smc.unige.ch/,139,43,0,,3
2020-05-08,00:00,GE,28728,4994,3,31,9,9,694,270,https://infocovid.smc.unige.ch/,126,46,0,,4
2020-05-09,00:00,GE,29033,5002,4,31,7,7,700,271,https://infocovid.smc.unige.ch/,117,47,1,,3
2020-05-10,00:00,GE,29205,5003,1,34,7,7,707,273,https://infocovid.smc.unige.ch/,111,48,1,,4
2020-05-11,00:00,GE,29569,5008,3,30,6,6,709,273,https://infocovid.smc.unige.ch/,95,44,1,,3
2020-05-12,00:00,GE,30070,5016,2,25,5,5,711,274,https://infocovid.smc.unige.ch/,82,38,1,,4
2020-05-13,00:00,GE,30511,5020,5,20,5,6,722,275,https://infocovid.smc.unige.ch/,79,36,1,,2
2020-05-14,00:00,GE,30921,5025,6,21,6,6,734,275,https://infocovid.smc.unige.ch/,81,38,1,,1
2020-05-15,00:00,GE,31403,5030,2,21,7,6,736,275,https://infocovid.smc.unige.ch/,84,33,1,,1
2020-05-16,00:00,GE,31672,5032,2,19,5,5,737,275,https://infocovid.smc.unige.ch/,78,28,1,,1
2020-05-17,00:00,GE,31850,5033,2,17,3,4,738,277,https://infocovid.smc.unige.ch/,73,22,1,,2
2020-05-18,00:00,GE,32337,5034,3,16,4,4,739,278,https://infocovid.smc.unige.ch/,66,15,0,,2
2020-05-19,00:00,GE,32779,5036,4,13,0,1,743,278,https://infocovid.smc.unige.ch/,53,14,0,,3
2020-05-20,00:00,GE,33199,5042,3,11,0,0,746,278,https://infocovid.smc.unige.ch/,48,13,0,,3
2020-05-21,00:00,GE,33449,5047,3,14,0,0,763,281,https://infocovid.smc.unige.ch/,54,16,0,,1
2020-05-22,00:00,GE,33804,5049,2,12,0,0,765,281,https://infocovid.smc.unige.ch/,55,17,0,,1
2020-05-23,00:00,GE,34040,5051,2,9,0,0,773,281,https://infocovid.smc.unige.ch/,48,18,0,,1
2020-05-24,00:00,GE,34260,5051,0,9,0,0,773,281,https://infocovid.smc.unige.ch/,44,16,0,,1
2020-05-25,00:00,GE,34611,5051,4,10,0,0,775,282,https://infocovid.smc.unige.ch/,39,16,0,,1
2020-05-26,00:00,GE,35265,5053,0,11,0,0,780,282,https://infocovid.smc.unige.ch/,32,16,0,,1
2020-05-27,00:00,GE,35777,5056,3,6,0,0,788,282,https://infocovid.smc.unige.ch/,31,14,0,,2
2020-05-28,00:00,GE,36026,5058,3,7,0,0,792,282,https://infocovid.smc.unige.ch/,33,22,0,,2
2020-05-29,00:00,GE,36302,5061,7,5,0,0,797,282,https://infocovid.smc.unige.ch/,34,22,0,,1
2020-05-30,00:00,GE,36472,5067,3,2,0,0,,282,https://infocovid.smc.unige.ch/,35,22,0,,2
2020-05-31,00:00,GE,36602,5067,0,2,0,0,,282,https://infocovid.smc.unige.ch/,34,16,0,,2
2020-06-01,00:00,GE,36741,5068,0,2,0,0,,282,https://infocovid.smc.unige.ch/,30,19,0,,2
2020-06-02,00:00,GE,36769,5071,1,7,1,0,807,282,https://infocovid.smc.unige.ch/,29,15,0,,2
2020-06-03,00:00,GE,37233,5073,1,6,1,1,811,282,https://infocovid.smc.unige.ch/,29,15,0,,2
2020-06-04,00:00,GE,,5075,3,9,1,1,817,282,https://infocovid.smc.unige.ch/,30,28,0,,2
2020-06-05,00:00,GE,,5077,3,7,1,1,821,282,https://infocovid.smc.unige.ch/,32,28,0,,1
2020-06-06,00:00,GE,,5080,2,0,0,,,282,https://infocovid.smc.unige.ch/,30,28,0,,0
2020-06-07,00:00,GE,,5080,0,0,0,,,282,https://infocovid.smc.unige.ch/,31,37,0,,0
2020-06-08,00:00,GE,,5081,3,8,1,1,,282,https://infocovid.smc.unige.ch/,29,39,0,,1
2020-06-09,00:00,GE,,5081,4,10,1,1,826,282,https://infocovid.smc.unige.ch/,28,46,0,,2
2020-06-10,00:00,GE,,5083,1,10,1,1,831,283,https://infocovid.smc.unige.ch/,23,38,0,,1
2020-06-11,00:00,GE,,5083,3,5,1,1,835,283,https://infocovid.smc.unige.ch/,24,22,0,,1
2020-06-12,00:00,GE,,5087,1,7,1,1,836,283,https://infocovid.smc.unige.ch/,24,15,0,,2
2020-06-13,00:00,GE,,5087,0,7,1,,,283,https://infocovid.smc.unige.ch/,25,16,0,,2
2020-06-14,00:00,GE,,5087,2,7,1,,,283,https://infocovid.smc.unige.ch/,24,19,0,,2
2020-06-15,00:00,GE,,5089,3,4,0,0,844,283,https://infocovid.smc.unige.ch/,23,11,0,,1
2020-06-16,00:00,GE,,5089,,4,0,0,847,283,https://infocovid.smc.unige.ch/,23,11,0,,1
2020-06-17,00:00,GE,,5090,,4,0,0,848,283,https://infocovid.smc.unige.ch/,21,8,0,,1
2020-06-18,00:00,GE,,5090,,2,0,0,851,283,https://infocovid.smc.unige.ch/,21,8,0,,0
2020-06-19,00:00,GE,,5094,,0,0,0,870,283,https://infocovid.smc.unige.ch/,20,15,0,,0
2020-06-20,00:00,GE,,5098,,0,0,,,283,https://infocovid.smc.unige.ch/,26,15,0,,0
2020-06-21,00:00,GE,,5098,,0,0,,,283,https://infocovid.smc.unige.ch/,25,14,0,,0
2020-06-22,00:00,GE,,5099,,5,1,1,877,283,https://infocovid.smc.unige.ch/,25,15,0,,1
2020-06-23,00:00,GE,,5102,,6,2,2,877,283,https://infocovid.smc.unige.ch/,21,31,0,,1
2020-06-24,00:00,GE,,5103,,2,0,0,878,283,https://infocovid.smc.unige.ch/,24,25,0,,1
2020-06-25,00:00,GE,,5105,,4,2,2,885,283,https://infocovid.smc.unige.ch/,23,26,0,,1
2020-06-26,00:00,GE,,5108,,3,1,1,886,283,https://infocovid.smc.unige.ch/,25,21,0,,1
2020-06-27,00:00,GE,,5108,,2,1,,,283,https://infocovid.smc.unige.ch/,24,16,0,,1
2020-06-28,00:00,GE,,5109,,2,1,,,283,https://infocovid.smc.unige.ch/,26,17,0,,1
2020-06-29,00:00,GE,,5116,,5,1,1,886,283,https://infocovid.smc.unige.ch/,27,16,0,,1
2020-06-30,00:00,GE,,5120,,4,1,1,890,283,https://infocovid.smc.unige.ch/,24,15,0,,1
2020-07-01,00:00,GE,,5121,,4,1,1,893,283,https://infocovid.smc.unige.ch/,26,15,0,,1
2020-07-02,00:00,GE,,5125,,3,1,1,895,283,https://infocovid.smc.unige.ch/,28,22,0,,0
2020-07-03,00:00,GE,,5127,,2,1,,895,283,https://infocovid.smc.unige.ch/,32,31,0,,0
2020-07-04,00:00,GE,,5130,,2,1,,,283,https://infocovid.smc.unige.ch/,30,44,0,,0
2020-07-05,00:00,GE,,5132,,2,1,,,283,https://infocovid.smc.unige.ch/,32,43,0,,0
2020-07-06,00:00,GE,,5139,,6,1,,896,283,https://infocovid.smc.unige.ch/,34,36,0,,0
2020-07-07,00:00,GE,,5144,,9,2,,896,283,https://infocovid.smc.unige.ch/,34,35,1,,0
2020-07-08,00:00,GE,,5148,,3,2,,898,283,https://infocovid.smc.unige.ch/,42,39,8,,0
2020-07-09,00:00,GE,,5156,,4,2,,898,283,https://infocovid.smc.unige.ch/,45,41,11,,0
2020-07-10,00:00,GE,,5164,,4,2,,902,283,https://infocovid.smc.unige.ch/,55,47,15,,0
2020-07-11,00:00,GE,,5168,,4,2,,,283,https://infocovid.smc.unige.ch/,54,50,21,,0
2020-07-12,00:00,GE,47928,5170,,4,2,,,283,https://infocovid.smc.unige.ch/,56,64,25,,0
2020-07-13,00:00,GE,,5177,,4,2,,908,283,https://infocovid.smc.unige.ch/,59,63,37,,0
2020-07-14,00:00,GE,,5189,,4,1,,909,283,https://infocovid.smc.unige.ch/,61,62,49,,1
2020-07-15,00:00,GE,,5210,,3,1,,909,283,https://infocovid.smc.unige.ch/,72,60,59,,1
2020-07-16,00:00,GE,,5223,,3,1,,909,283,https://infocovid.smc.unige.ch/,78,56,63,,1
2020-07-17,00:00,GE,,5234,,3,1,,912,283,https://infocovid.smc.unige.ch/,97,91,62,,1
2020-07-18,00:00,GE,,5245,,5,0,,,283,https://infocovid.smc.unige.ch/,99,106,66,,1
2020-07-19,00:00,GE,51792,5248,,5,0,,,283,https://infocovid.smc.unige.ch/,105,129,65,,1
2020-07-20,00:00,GE,,5262,,5,0,,915,283,https://infocovid.smc.unige.ch/,103,136,68,,1
2020-07-21,00:00,GE,,5289,,6,0,,916,283,https://infocovid.smc.unige.ch/,109,152,65,,1
2020-07-22,00:00,GE,,5316,,4,0,,920,283,https://infocovid.smc.unige.ch/,122,174,65,,1
2020-07-23,00:00,GE,,5360,,2,1,,924,283,https://infocovid.smc.unige.ch/,148,210,68,,1
2020-07-24,00:00,GE,,5397,,4,1,,924,283,https://infocovid.smc.unige.ch/,179,240,78,,1
2020-07-25,00:00,GE,,5434,,4,1,,,283,https://infocovid.smc.unige.ch/,218,286,149,,1
2020-07-26,00:00,GE,54379,5443,,4,1,,,283,https://infocovid.smc.unige.ch/,240,290,208,,1
2020-07-27,00:00,GE,,5501,,7,1,,925,283,https://infocovid.smc.unige.ch/,245,318,275,,2
2020-07-28,00:00,GE,,5540,,6,1,,926,283,https://infocovid.smc.unige.ch/,266,333,326,,2
2020-07-29,00:00,GE,,5597,,8,1,,931,283,https://infocovid.smc.unige.ch/,306,330,356,,2
2020-07-30,00:00,GE,,5646,,11,1,,933,283,https://infocovid.smc.unige.ch/,349,380,429,,2
2020-07-31,00:00,GE,,5675,,11,1,,936,284,https://infocovid.smc.unige.ch/,390,415,495,,2
2020-08-01,00:00,GE,,5704,,11,1,,,284,https://infocovid.smc.unige.ch/,417,397,575,,2
2020-08-02,00:00,GE,58038,5724,,11,1,,,284,https://infocovid.smc.unige.ch/,423,399,710,,2
2020-08-03,00:00,GE,,5755,,11,1,,936,284,https://infocovid.smc.unige.ch/,422,405,788,,3
2020-08-04,00:00,GE,,5787,,17,2,,936,284,https://infocovid.smc.unige.ch/,406,386,838,,4
2020-08-05,00:00,GE,,5815,,17,2,,937,284,https://infocovid.smc.unige.ch/,404,380,815,,4
2020-08-06,00:00,GE,,5844,,13,2,,941,284,https://infocovid.smc.unige.ch/,408,381,932,,3
2020-08-07,00:00,GE,,5888,,11,2,,945,284,https://infocovid.smc.unige.ch/,405,357,998,,2
2020-08-08,00:00,GE,,5911,,11,2,,,284,https://infocovid.smc.unige.ch/,389,360,926,,2
2020-08-09,00:00,GE,61245,5941,,11,2,,,284,https://infocovid.smc.unige.ch/,362,342,847,,2
2020-08-10,00:00,GE,,5974,,12,1,,946,284,https://infocovid.smc.unige.ch/,347,331,809,,1
2020-08-11,00:00,GE,,6026,,9,2,,948,284,https://infocovid.smc.unige.ch/,336,364,790,,2
2020-08-12,00:00,GE,,6055,,10,2,,949,284,https://infocovid.smc.unige.ch/,355,395,823,,2
2020-08-13,00:00,GE,,6097,,11,2,,951,284,https://infocovid.smc.unige.ch/,362,398,1049,,1
2020-08-14,00:00,GE,,6121,,14,2,,952,284,https://infocovid.smc.unige.ch/,366,403,1235,,2
2020-08-15,00:00,GE,,6147,,14,2,,,285,https://infocovid.smc.unige.ch/,369,388,1317,,2
2020-08-16,00:00,GE,63642,6163,,14,2,,958,285,https://infocovid.smc.unige.ch/,369,388,1305,,2
2020-08-17,00:00,GE,,6202,,14,0,,959,285,https://infocovid.smc.unige.ch/,356,357,1566,,1
2020-08-18,00:00,GE,,6236,,11,0,,961,285,https://infocovid.smc.unige.ch/,359,340,1631,,1
2020-08-19,00:00,GE,,6264,,7,0,,962,285,https://infocovid.smc.unige.ch/,372,339,1765,,0
2020-08-20,00:00,GE,,6301,,11,0,,965,285,https://infocovid.smc.unige.ch/,371,331,1825,,0
2020-08-21,00:00,GE,,6339,,10,0,,968,285,https://infocovid.smc.unige.ch/,369,447,1938,,0
2020-08-22,00:00,GE,,6352,,10,0,,,285,https://infocovid.smc.unige.ch/,357,440,1847,,0
2020-08-23,00:00,GE,66873,6373,,10,0,,,285,https://infocovid.smc.unige.ch/,346,437,1909,,0
2020-08-24,00:00,GE,,6397,,9,0,,971,285,https://infocovid.smc.unige.ch/,335,419,1991,,1
2020-08-25,00:00,GE,,6428,,9,0,,973,285,https://infocovid.smc.unige.ch/,325,408,2125,,1
2020-08-26,00:00,GE,,6464,,12,0,,,285,https://infocovid.smc.unige.ch/,326,289,1941,,2
2020-08-27,00:00,GE,,6509,,16,0,,,285,https://infocovid.smc.unige.ch/,335,287,2011,,2
2020-08-28,00:00,GE,,6554,,14,0,,,285,https://infocovid.smc.unige.ch/,344,330,2126,,0
2020-08-29,00:00,GE,,6591,,14,0,,,285,https://infocovid.smc.unige.ch/,354,339,2124,,0
2020-08-30,00:00,GE,71961,6622,,14,0,,,285,https://infocovid.smc.unige.ch/,377,355,2064,,0
2020-08-31,00:00,GE,,6659,,10,0,,,286,https://infocovid.smc.unige.ch/,384,355,1984,,0
2020-09-01,00:00,GE,,6713,,10,0,,,286,https://infocovid.smc.unige.ch/,378,346,1944,,0
2020-09-02,00:00,GE,,6757,,12,0,,,287,https://infocovid.smc.unige.ch/,401,360,1709,,2
2020-09-03,00:00,GE,,6807,,16,0,,,287,https://infocovid.smc.unige.ch/,421,412,1483,,1
2020-09-04,00:00,GE,,6848,,12,0,,,288,https://infocovid.smc.unige.ch/,441,436,1347,,1
2020-09-05,00:00,GE,,6880,,12,0,,,289,https://infocovid.smc.unige.ch/,473,467,1365,,1
2020-09-06,00:00,GE,,6901,,12,0,,,289,https://infocovid.smc.unige.ch/,493,485,1377,,1
2020-09-07,00:00,GE,,6938,,12,0,,,289,https://infocovid.smc.unige.ch/,497,441,1337,,1
2020-09-08,00:00,GE,,6974,,13,0,,,289,https://infocovid.smc.unige.ch/,477,421,1281,,3
2020-09-09,00:00,GE,,7015,,13,0,,,290,https://infocovid.smc.unige.ch/,458,393,1214,,3
2020-09-10,00:00,GE,,7058,,13,0,,,290,https://infocovid.smc.unige.ch/,466,404,1099,,3
2020-09-11,00:00,GE,,7096,,15,0,,,290,https://infocovid.smc.unige.ch/,470,421,989,,4
2020-09-12,00:00,GE,,7148,,15,0,,,291,https://infocovid.smc.unige.ch/,475,412,985,,4
2020-09-13,00:00,GE,,7173,,15,0,,,291,https://infocovid.smc.unige.ch/,471,406,1014,,4
2020-09-14,00:00,GE,,7220,,18,1,,,291,https://infocovid.smc.unige.ch/,477,428,1067,,3
2020-09-15,00:00,GE,,7273,,26,1,,,292,https://infocovid.smc.unige.ch/,470,419,1198,,1
2020-09-16,00:00,GE,,7337,,23,1,,,292,https://infocovid.smc.unige.ch/,482,424,1194,,2
2020-09-17,00:00,GE,,7394,,25,1,,,292,https://infocovid.smc.unige.ch/,492,466,1270,,3
2020-09-18,00:00,GE,,7455,,24,1,,,293,https://infocovid.smc.unige.ch/,531,494,1330,,3
2020-09-19,00:00,GE,,7498,,26,1,,,293,https://infocovid.smc.unige.ch/,559,516,1464,,4
2020-09-20,00:00,GE,,7520,,26,1,,,293,https://infocovid.smc.unige.ch/,553,488,1637,,4
2020-09-21,00:00,GE,,7564,,28,1,,,294,https://infocovid.smc.unige.ch/,555,504,1783,,2
2020-09-22,00:00,GE,,7632,,29,2,,,294,https://infocovid.smc.unige.ch/,558,554,1815,,3
2020-09-23,00:00,GE,,7677,,29,2,,,295,https://infocovid.smc.unige.ch/,568,546,1773,,3
2020-09-24,00:00,GE,,7713,,20,1,,,295,https://infocovid.smc.unige.ch/,573,542,1739,,4
2020-09-25,00:00,GE,,7750,,20,1,,,295,https://infocovid.smc.unige.ch/,571,557,1615,,2
2020-09-26,00:00,GE,,7781,,20,1,,,295,https://infocovid.smc.unige.ch/,549,513,1638,,2
2020-09-27,00:00,GE,,7795,,20,1,,,295,https://infocovid.smc.unige.ch/,529,466,1617,,2
2020-09-28,00:00,GE,,7830,,23,2,,,296,https://infocovid.smc.unige.ch/,489,408,1659,,4
2020-09-29,00:00,GE,,7884,,23,2,,,296,https://infocovid.smc.unige.ch/,453,379,1729,,3
2020-09-30,00:00,GE,,7943,,22,1,,,296,https://infocovid.smc.unige.ch/,465,361,1698,,3
2020-10-01,00:00,GE,,8010,,25,2,,,297,https://infocovid.smc.unige.ch/,461,365,1631,,2
2020-10-02,00:00,GE,,8067,,24,1,,,297,https://infocovid.smc.unige.ch/,477,445,1665,,2
2020-10-03,00:00,GE,,8128,,24,1,,,297,https://infocovid.smc.unige.ch/,503,516,1810,,2
2020-10-04,00:00,GE,,8162,,24,1,,,298,https://infocovid.smc.unige.ch/,514,598,1953,,2
2020-10-05,00:00,GE,,8246,,35,2,,,298,https://infocovid.smc.unige.ch/,529,741,2172,,3
2020-10-06,00:00,GE,,8372,,35,2,,,298,https://infocovid.smc.unige.ch/,570,852,2184,,3
2020-10-07,00:00,GE,,8475,,42,2,,,298,https://infocovid.smc.unige.ch/,643,1042,2155,,4
2020-10-08,00:00,GE,,8618,,42,3,,,298,https://infocovid.smc.unige.ch/,746,1284,2072,,3
2020-10-09,00:00,GE,,8776,,41,3,,,299,https://infocovid.smc.unige.ch/,856,1553,1937,,4
2020-10-10,00:00,GE,,8929,,46,2,,,300,https://infocovid.smc.unige.ch/,1011,1862,1951,,5
2020-10-11,00:00,GE,,9001,,50,2,,,300,https://infocovid.smc.unige.ch/,1183,2043,1973,,5
2020-10-12,00:00,GE,,9174,,56,2,,,301,https://infocovid.smc.unige.ch/,1314,2278,2063,,4
2020-10-13,00:00,GE,,9457,,62,3,,,303,https://infocovid.smc.unige.ch/,1495,2521,1957,,6
2020-10-14,00:00,GE,,9718,,71,4,,,303,https://infocovid.smc.unige.ch/,1700,2751,1850,,8
2020-10-15,00:00,GE,,9959,,69,3,,,304,https://infocovid.smc.unige.ch/,1975,2927,1641,,8
2020-10-16,00:00,GE,,10335,,87,4,,,304,https://infocovid.smc.unige.ch/,2278,3077,1623,,12
2020-10-17,00:00,GE,,10618,,98,7,,,305,https://infocovid.smc.unige.ch/,2641,3229,1728,,10
2020-10-18,00:00,GE,,10755,,111,7,,,305,https://infocovid.smc.unige.ch/,2887,3427,1881,,7
2020-10-19,00:00,GE,,11093,,124,6,,,305,https://infocovid.smc.unige.ch/,3205,3561,2047,,11
2020-10-20,00:00,GE,,11686,,162,7,,,305,https://infocovid.smc.unige.ch/,3659,3548,1985,,13
2020-10-21,00:00,GE,,12205,,188,7,,,305,https://infocovid.smc.unige.ch/,4369,3822,1899,,14
2020-10-22,00:00,GE,,12932,,201,10,,,306,https://infocovid.smc.unige.ch/,5142,4248,1737,,18
2020-10-23,00:00,GE,,13723,,224,9,,,309,https://infocovid.smc.unige.ch/,5845,4969,1752,,19
2020-10-24,00:00,GE,,14294,,248,12,,,309,https://infocovid.smc.unige.ch/,6497,5788,1835,,19
2020-10-25,00:00,GE,151075,14670,,288,12,,,311,https://infocovid.smc.unige.ch/,7101,6483,1969,,24
2020-10-26,00:00,GE,,15391,,333,12,,,311,https://infocovid.smc.unige.ch/,7572,7171,2118,,23
2020-10-27,00:00,GE,,16531,,363,16,,,312,https://infocovid.smc.unige.ch/,8086,7455,2031,,27
2020-10-28,00:00,GE,,17659,,405,17,,,314,https://infocovid.smc.unige.ch/,8692,7930,1857,,27
2020-10-29,00:00,GE,,18611,,419,15,,,318,https://infocovid.smc.unige.ch/,9359,8102,1650,,33
2020-10-30,00:00,GE,,19893,,458,17,,,321,https://infocovid.smc.unige.ch/,9572,8595,1606,,37
2020-10-31,00:00,GE,,20617,,456,16,,,326,https://infocovid.smc.unige.ch/,9787,8917,1541,,38
2020-11-01,00:00,GE,163097,20960,,474,17,,,331,https://infocovid.smc.unige.ch/,9638,9094,1481,,39
2020-11-02,00:00,GE,,21621,,493,17,,,336,https://infocovid.smc.unige.ch/,9442,9077,1397,,35
2020-11-03,00:00,GE,,22656,,521,20,,,345,https://infocovid.smc.unige.ch/,9474,8833,1199,,44
2020-11-04,00:00,GE,,23919,,542,25,,,351,https://infocovid.smc.unige.ch/,9544,8662,947,,45
2020-11-05,00:00,GE,,25033,,559,28,,,360,https://infocovid.smc.unige.ch/,9716,8388,643,,46
2020-11-06,00:00,GE,,25917,,572,24,,,372,https://infocovid.smc.unige.ch/,9678,8380,510,,51
2020-11-07,00:00,GE,,26537,,582,23,,,379,https://infocovid.smc.unige.ch/,9513,8295,418,,55
2020-11-08,00:00,GE,187408,26849,,608,27,,,383,https://infocovid.smc.unige.ch/,9133,8193,332,,47
2020-11-09,00:00,GE,,27766,,631,26,,,398,https://infocovid.smc.unige.ch/,8727,7845,249,,48
2020-11-10,00:00,GE,,28598,,638,29,,,407,https://infocovid.smc.unige.ch/,8334,7336,213,,51
2020-11-11,00:00,GE,,29367,,620,28,,,417,https://infocovid.smc.unige.ch/,8126,7108,168,,56
2020-11-12,00:00,GE,,29995,,630,30,,,428,https://infocovid.smc.unige.ch/,7988,6921,104,,55
2020-11-13,00:00,GE,,30513,,629,29,,,434,https://infocovid.smc.unige.ch/,7507,6590,95,,54
2020-11-14,00:00,GE,,30848,,635,32,,,449,https://infocovid.smc.unige.ch/,6940,6222,97,,60
2020-11-15,00:00,GE,,31017,,639,32,,,455,https://infocovid.smc.unige.ch/,6293,5795,108,,57
2020-11-16,00:00,GE,,31449,,642,31,,,469,https://infocovid.smc.unige.ch/,5647,5367,111,,56
2020-11-17,00:00,GE,,31878,,606,30,,,483,https://infocovid.smc.unige.ch/,5244,4790,108,,50
2020-11-18,00:00,GE,,32210,,568,27,,,503,https://infocovid.smc.unige.ch/,4846,4516,102,,45
2020-11-19,00:00,GE,,32520,,533,28,,,512,https://infocovid.smc.unige.ch/,4670,4271,82,,47
2020-11-20,00:00,GE,,32746,,497,27,,,523,https://infocovid.smc.unige.ch/,4240,4169,68,,44
2020-11-21,00:00,GE,,32897,,465,29,,,531,https://infocovid.smc.unige.ch/,3889,3766,75,,41
2020-11-22,00:00,GE,,33015,,461,29,,,533,https://infocovid.smc.unige.ch/,3455,3470,74,,32
2020-11-23,00:00,GE,,33253,,460,28,,,540,https://infocovid.smc.unige.ch/,3147,3245,73,,29
2020-11-24,00:00,GE,,33563,,445,26,,,544,https://infocovid.smc.unige.ch/,2921,2944,66,,33
2020-11-25,00:00,GE,,33749,,418,26,,,547,https://infocovid.smc.unige.ch/,2784,2755,52,,29
2020-11-26,00:00,GE,,33936,,373,25,,,555,https://infocovid.smc.unige.ch/,2671,2712,39,,28
2020-11-27,00:00,GE,,34142,,355,24,,,562,https://infocovid.smc.unige.ch/,2484,2607,30,,29
2020-11-28,00:00,GE,,34270,,337,20,,,570,https://infocovid.smc.unige.ch/,2347,2437,27,,29
2020-11-29,00:00,GE,,34330,,337,19,,,574,https://infocovid.smc.unige.ch/,2222,2293,21,,24
2020-11-30,00:00,GE,,34528,,344,18,,,580,https://infocovid.smc.unige.ch/,2044,1991,20,,27
2020-12-01,00:00,GE,,34715,,313,18,,,587,https://infocovid.smc.unige.ch/,1982,1897,11,,25
2020-12-02,00:00,GE,,34868,,310,18,,,591,https://infocovid.smc.unige.ch/,1957,1833,8,,23
2020-12-03,00:00,GE,,35049,,290,16,,,596,https://infocovid.smc.unige.ch/,1935,1782,4,,21
2020-12-04,00:00,GE,,35187,,259,18,,,599,https://infocovid.smc.unige.ch/,1869,1814,4,,14
2020-12-05,00:00,GE,,35270,,243,22,,,604,https://infocovid.smc.unige.ch/,1772,1757,3,,14
2020-12-06,00:00,GE,,35321,,242,21,,,608,https://infocovid.smc.unige.ch/,1730,1656,4,,13
2020-12-07,00:00,GE,,35536,,241,20,,,611,https://infocovid.smc.unige.ch/,1626,1621,6,,12
2020-12-08,00:00,GE,,35702,,223,21,,,617,https://infocovid.smc.unige.ch/,1582,1565,5,,8
2020-12-09,00:00,GE,,35876,,217,19,,,619,https://infocovid.smc.unige.ch/,1566,1560,7,,13
2020-12-10,00:00,GE,,35996,,198,16,,,620,https://infocovid.smc.unige.ch/,1592,1550,6,,15
2020-12-11,00:00,GE,,36132,,198,17,,,620,https://infocovid.smc.unige.ch/,1547,1551,6,,14
2020-12-12,00:00,GE,,36226,,201,19,,,622,https://infocovid.smc.unige.ch/,1526,1558,7,,16
2020-12-13,00:00,GE,,36295,,203,18,,,622,https://infocovid.smc.unige.ch/,1536,1565,8,,21
2020-12-14,00:00,GE,,36460,,212,20,,,623,https://infocovid.smc.unige.ch/,1508,1513,13,,21
2020-12-15,00:00,GE,,36653,,197,20,,,626,https://infocovid.smc.unige.ch/,1543,1497,31,,14
2020-12-16,00:00,GE,,36771,,190,19,,,630,https://infocovid.smc.unige.ch/,1575,1496,42,,17
2020-12-17,00:00,GE,,36922,,163,17,,,632,https://infocovid.smc.unige.ch/,1604,1439,84,,14
2020-12-18,00:00,GE,,37092,,156,16,,,634,https://infocovid.smc.unige.ch/,1616,1406,338,,16
2020-12-19,00:00,GE,,37189,,153,16,,,638,https://infocovid.smc.unige.ch/,1603,1438,518,,16
2020-12-20,00:00,GE,,37273,,147,12,,,638,https://infocovid.smc.unige.ch/,1580,1443,719,,17
2020-12-21,00:00,GE,,37450,,150,13,,,638,https://infocovid.smc.unige.ch/,1555,1439,915,,16
2020-12-22,00:00,GE,,37605,,139,13,,,640,https://infocovid.smc.unige.ch/,1586,1391,933,,14
2020-12-23,00:00,GE,,37770,,137,12,,,641,https://infocovid.smc.unige.ch/,1585,1362,953,,15
2020-12-24,00:00,GE,,37892,,134,12,,,644,https://infocovid.smc.unige.ch/,1579,1325,965,,12
2020-12-25,00:00,GE,,37932,,133,13,,,645,https://infocovid.smc.unige.ch/,1513,1356,971,,16
2020-12-26,00:00,GE,,38015,,141,12,,,649,https://infocovid.smc.unige.ch/,1459,1386,979,,20
2020-12-27,00:00,GE,,38077,,144,11,,,654,https://infocovid.smc.unige.ch/,1438,1426,970,,17
2020-12-28,00:00,GE,,38259,,144,11,,,655,https://infocovid.smc.unige.ch/,1397,1422,788,,17
2020-12-29,00:00,GE,,38420,,146,11,,,658,https://infocovid.smc.unige.ch/,1439,1376,640,,15
2020-12-30,00:00,GE,,38589,,138,7,,,662,https://infocovid.smc.unige.ch/,1450,1331,464,,19
2020-12-31,00:00,GE,,38700,,122,6,,,665,https://infocovid.smc.unige.ch/,1458,1290,319,,12
2021-01-01,00:00,GE,,38746,,120,7,,,667,https://infocovid.smc.unige.ch/,1374,1284,315,,13
2021-01-02,00:00,GE,,38848,,123,5,,,670,https://infocovid.smc.unige.ch/,1326,1254,399,,14
2021-01-03,00:00,GE,,38914,,131,4,,,671,https://infocovid.smc.unige.ch/,1312,1251,620,,12
2021-01-04,00:00,GE,,39045,,135,5,,,673,https://infocovid.smc.unige.ch/,1311,1207,844,,13
2021-01-05,00:00,GE,,39189,,127,5,,,675,https://infocovid.smc.unige.ch/,1334,1125,945,,12
2021-01-06,00:00,GE,,39312,,120,6,,,678,https://infocovid.smc.unige.ch/,1346,1130,965,,11
2021-01-07,00:00,GE,,39434,,117,5,,,678,https://infocovid.smc.unige.ch/,1347,1155,959,,13
2021-01-08,00:00,GE,,39553,,124,6,,,680,https://infocovid.smc.unige.ch/,1298,1147,980,,15
2021-01-09,00:00,GE,,39642,,117,5,,,684,https://infocovid.smc.unige.ch/,1281,1196,1055,,11
2021-01-10,00:00,GE,,39703,,123,5,,,684,https://infocovid.smc.unige.ch/,1257,1262,1150,,12
2021-01-11,00:00,GE,,39852,,132,6,,,684,https://infocovid.smc.unige.ch/,1275,1291,1280,,13
2021-01-12,00:00,GE,,40004,,121,7,,,686,https://infocovid.smc.unige.ch/,1337,1300,1220,,10
2021-01-13,00:00,GE,,40141,,118,6,,,686,https://infocovid.smc.unige.ch/,1356,1294,1001,,11
2021-01-14,00:00,GE,,40269,,128,7,,,686,https://infocovid.smc.unige.ch/,1389,1312,777,,6
2021-01-15,00:00,GE,,40402,,115,7,,,687,https://infocovid.smc.unige.ch/,1375,1354,685,,7
2021-01-16,00:00,GE,,40503,,114,6,,,690,https://infocovid.smc.unige.ch/,1385,1425,674,,7
2021-01-17,00:00,GE,,40534,,114,5,,,691,https://infocovid.smc.unige.ch/,1378,1488,656,,5
2021-01-18,00:00,GE,,40721,,113,6,,,692,https://infocovid.smc.unige.ch/,1341,1523,656,,5
2021-01-19,00:00,GE,,40859,,114,8,,,694,https://infocovid.smc.unige.ch/,1359,1486,570,,9
2021-01-20,00:00,GE,,40987,,116,9,,,694,https://infocovid.smc.unige.ch/,1392,1457,440,,11
2021-01-21,00:00,GE,,41100,,117,8,,,695,https://infocovid.smc.unige.ch/,1401,1480,324,,13
2021-01-22,00:00,GE,,41212,,125,8,,,696,https://infocovid.smc.unige.ch/,1348,1481,306,,13
2021-01-23,00:00,GE,,41283,,122,7,,,696,https://infocovid.smc.unige.ch/,1348,1535,344,,14
2021-01-24,00:00,GE,,41342,,128,6,,,698,https://infocovid.smc.unige.ch/,1325,1523,364,,16
2021-01-25,00:00,GE,,41471,,124,6,,,698,https://infocovid.smc.unige.ch/,1290,1517,405,,16
2021-01-26,00:00,GE,,41609,,118,7,,,700,https://infocovid.smc.unige.ch/,1318,1455,387,,17
2021-01-27,00:00,GE,,41718,,128,9,,,701,https://infocovid.smc.unige.ch/,1324,1468,354,,15
2021-01-28,00:00,GE,,41866,,127,8,,,701,https://infocovid.smc.unige.ch/,1360,1461,320,,14
2021-01-29,00:00,GE,,42009,,120,11,,,701,https://infocovid.smc.unige.ch/,1371,1479,338,,7
2021-01-30,00:00,GE,,42105,,113,11,,,702,https://infocovid.smc.unige.ch/,1366,1600,359,,6
2021-01-31,00:00,GE,,42166,,122,11,,,702,https://infocovid.smc.unige.ch/,1338,1585,372,,7
2021-02-01,00:00,GE,,42281,,126,11,,,704,https://infocovid.smc.unige.ch/,1313,1570,404,,6
2021-02-02,00:00,GE,,42426,,112,12,,,704,https://infocovid.smc.unige.ch/,1314,1534,403,,7
2021-02-03,00:00,GE,,42545,,111,12,,,707,https://infocovid.smc.unige.ch/,1356,1585,385,,10
2021-02-04,00:00,GE,,42682,,110,12,,,709,https://infocovid.smc.unige.ch/,1390,1569,343,,9
2021-02-05,00:00,GE,,42821,,112,12,,,710,https://infocovid.smc.unige.ch/,1358,1550,363,,6
2021-02-06,00:00,GE,,42899,,105,12,,,711,https://infocovid.smc.unige.ch/,1380,1553,407,,8
2021-02-07,00:00,GE,,42943,,112,11,,,711,https://infocovid.smc.unige.ch/,1347,1552,459,,6
2021-02-08,00:00,GE,,43081,,117,12,,,712,https://infocovid.smc.unige.ch/,1315,1611,487,,6
2021-02-09,00:00,GE,,43193,,104,10,,,713,https://infocovid.smc.unige.ch/,1318,1418,465,,9
2021-02-10,00:00,GE,,43315,,93,9,,,713,https://infocovid.smc.unige.ch/,1332,1440,455,,10
2021-02-11,00:00,GE,,43443,,87,9,,,713,https://infocovid.smc.unige.ch/,1353,1494,417,,10
2021-02-12,00:00,GE,,43550,,85,12,,,713,https://infocovid.smc.unige.ch/,1340,1511,404,,5
2021-02-13,00:00,GE,,43620,,84,9,,,715,https://infocovid.smc.unige.ch/,1294,1447,415,,5
2021-02-14,00:00,GE,,43673,,90,10,,,715,https://infocovid.smc.unige.ch/,1271,1431,467,,5
2021-02-15,00:00,GE,,43762,,96,10,,,715,https://infocovid.smc.unige.ch/,1235,1410,477,,9
2021-02-16,00:00,GE,,43867,,87,10,,,715,https://infocovid.smc.unige.ch/,1212,1336,481,,11
2021-02-17,00:00,GE,,43983,,89,10,,,717,https://infocovid.smc.unige.ch/,1215,1289,445,,12
2021-02-18,00:00,GE,,44065,,90,11,,,719,https://infocovid.smc.unige.ch/,1183,1243,422,,11
2021-02-19,00:00,GE,,44157,,81,10,,,719,https://infocovid.smc.unige.ch/,1103,1204,481,,11
2021-02-20,00:00,GE,,44220,,85,10,,,719,https://infocovid.smc.unige.ch/,1078,1145,504,,9
2021-02-21,00:00,GE,,44275,,93,10,,,719,https://infocovid.smc.unige.ch/,1056,1120,561,,10
2021-02-22,00:00,GE,,44390,,98,12,,,719,https://infocovid.smc.unige.ch/,1020,1139,618,,9
2021-02-23,00:00,GE,,44508,,80,12,,,719,https://infocovid.smc.unige.ch/,1033,1186,640,,8
2021-02-24,00:00,GE,,44607,,73,9,,,719,https://infocovid.smc.unige.ch/,1051,1193,618,,6
2021-02-25,00:00,GE,,44693,,70,11,,,720,https://infocovid.smc.unige.ch/,1047,1174,628,,5
2021-02-26,00:00,GE,,44781,,67,10,,,721,https://infocovid.smc.unige.ch/,1012,1118,638,,6
2021-02-27,00:00,GE,,44844,,67,9,,,721,https://infocovid.smc.unige.ch/,1004,1177,745,,9
2021-02-28,00:00,GE,,44889,,66,10,,,721,https://infocovid.smc.unige.ch/,1003,1183,909,,6
2021-03-01,00:00,GE,,45011,,63,9,,,721,https://infocovid.smc.unige.ch/,982,1240,1158,,8
2021-03-02,00:00,GE,,45109,,58,9,,,722,https://infocovid.smc.unige.ch/,995,1257,1223,,6
2021-03-03,00:00,GE,,45206,,65,8,,,724,https://infocovid.smc.unige.ch/,1027,1258,1237,,5
2021-03-04,00:00,GE,,45274,,61,6,,,724,https://infocovid.smc.unige.ch/,1044,1231,1284,,6
2021-03-05,00:00,GE,,45377,,62,7,,,724,https://infocovid.smc.unige.ch/,1012,1196,1342,,5
2021-03-06,00:00,GE,,45457,,63,5,,,725,https://infocovid.smc.unige.ch/,990,1165,1461,,6
2021-03-07,00:00,GE,,45511,,64,5,,,725,https://infocovid.smc.unige.ch/,995,1183,1603,,7
2021-03-08,00:00,GE,,45627,,55,5,,,725,https://infocovid.smc.unige.ch/,991,1238,1862,,7
2021-03-09,00:00,GE,,45725,,57,5,,,725,https://infocovid.smc.unige.ch/,1003,1217,1866,,6
2021-03-10,00:00,GE,,45838,,58,6,,,725,https://infocovid.smc.unige.ch/,1043,1204,1747,,6
2021-03-11,00:00,GE,,45950,,59,5,,,725,https://infocovid.smc.unige.ch/,1102,1172,1510,,5
2021-03-12,00:00,GE,,46087,,60,7,,,725,https://infocovid.smc.unige.ch/,1134,1212,1472,,6
2021-03-13,00:00,GE,,46161,,65,8,,,725,https://infocovid.smc.unige.ch/,1153,1300,1540,,5
2021-03-14,00:00,GE,,46229,,69,8,,,725,https://infocovid.smc.unige.ch/,1185,1348,1512,,6
2021-03-15,00:00,GE,,46365,,72,8,,,725,https://infocovid.smc.unige.ch/,1191,1387,1629,,9
2021-03-16,00:00,GE,,46493,,72,7,,,725,https://infocovid.smc.unige.ch/,1246,1437,1547,,9
2021-03-17,00:00,GE,,46634,,72,6,,,725,https://infocovid.smc.unige.ch/,1345,1465,1431,,8
2021-03-18,00:00,GE,,46777,,72,4,,,725,https://infocovid.smc.unige.ch/,1418,1540,1143,,7
2021-03-19,00:00,GE,,46924,,72,4,,,725,https://infocovid.smc.unige.ch/,1473,1590,1044,,6
2021-03-20,00:00,GE,,47038,,65,6,,,725,https://infocovid.smc.unige.ch/,1506,1710,1031,,9
2021-03-21,00:00,GE,,47109,,72,6,,,725,https://infocovid.smc.unige.ch/,1557,1770,1026,,14
2021-03-22,00:00,GE,,47265,,76,7,,,725,https://infocovid.smc.unige.ch/,1569,1837,1055,,11
2021-03-23,00:00,GE,,47420,,78,5,,,727,https://infocovid.smc.unige.ch/,1619,1780,947,,11
2021-03-24,00:00,GE,,47566,,82,5,,,727,https://infocovid.smc.unige.ch/,1677,1836,872,,8
2021-03-25,00:00,GE,,47737,,79,6,,,727,https://infocovid.smc.unige.ch/,1771,2023,691,,10
2021-03-26,00:00,GE,,47888,,70,5,,,727,https://infocovid.smc.unige.ch/,1858,2118,646,,12
2021-03-27,00:00,GE,,48018,,78,7,,,727,https://infocovid.smc.unige.ch/,1909,2219,637,,11
2021-03-28,00:00,GE,,48095,,83,8,,,728,https://infocovid.smc.unige.ch/,1918,2175,653,,12
2021-03-29,00:00,GE,,48270,,81,8,,,728,https://infocovid.smc.unige.ch/,1925,2172,676,,13
2021-03-30,00:00,GE,,48420,,81,8,,,728,https://infocovid.smc.unige.ch/,1963,2088,658,,11
2021-03-31,00:00,GE,,48568,,83,8,,,728,https://infocovid.smc.unige.ch/,1970,2021,603,,13
2021-04-01,00:00,GE,,48721,,73,6,,,728,https://infocovid.smc.unige.ch/,2035,2049,546,,10
2021-04-02,00:00,GE,,48828,,81,8,,,728,https://infocovid.smc.unige.ch/,2037,2045,552,,10
2021-04-03,00:00,GE,,48921,,93,8,,,728,https://infocovid.smc.unige.ch/,2051,1916,575,,12
2021-04-04,00:00,GE,,49034,,109,9,,,730,https://infocovid.smc.unige.ch/,2042,1823,597,,17
2021-04-05,00:00,GE,,49127,,115,9,,,731,https://infocovid.smc.unige.ch/,1995,1829,690,,15
2021-04-06,00:00,GE,,49289,,111,10,,,733,https://infocovid.smc.unige.ch/,1937,1750,796,,12
2021-04-07,00:00,GE,,49471,,110,8,,,733,https://infocovid.smc.unige.ch/,2043,1751,819,,13
2021-04-08,00:00,GE,,49666,,98,9,,,734,https://infocovid.smc.unige.ch/,2115,1794,814,,12
2021-04-09,00:00,GE,,49815,,102,10,,,734,https://infocovid.smc.unige.ch/,2173,1811,887,,10
2021-04-10,00:00,GE,,49969,,98,10,,,734,https://infocovid.smc.unige.ch/,2184,1927,1018,,13
2021-04-11,00:00,GE,,50084,,104,10,,,734,https://infocovid.smc.unige.ch/,2220,1947,1122,,14
2021-04-12,00:00,GE,,50277,,101,11,,,734,https://infocovid.smc.unige.ch/,2273,2010,1363,,14
2021-04-13,00:00,GE,,50491,,93,11,,,734,https://infocovid.smc.unige.ch/,2324,2041,1394,,16
2021-04-14,00:00,GE,,50663,,83,12,,,734,https://infocovid.smc.unige.ch/,2392,2122,1361,,9
2021-04-15,00:00,GE,,50824,,79,12,,,734,https://infocovid.smc.unige.ch/,2405,2035,1274,,10
2021-04-16,00:00,GE,,50984,,77,12,,,734,https://infocovid.smc.unige.ch/,2447,2023,1146,,8
2021-04-17,00:00,GE,,51090,,82,12,,,734,https://infocovid.smc.unige.ch/,2409,1992,1129,,8
2021-04-18,00:00,GE,,51188,,86,11,,,735,https://infocovid.smc.unige.ch/,2386,1927,1134,,13
2021-04-19,00:00,GE,,51343,,83,10,,,735,https://infocovid.smc.unige.ch/,2347,1932,1161,,14
2021-04-20,00:00,GE,,51533,,74,13,,,736,https://infocovid.smc.unige.ch/,2415,1828,1058,,12
2021-04-21,00:00,GE,,51693,,76,13,,,736,https://infocovid.smc.unige.ch/,2395,1779,931,,8
2021-04-22,00:00,GE,,51821,,81,13,,,736,https://infocovid.smc.unige.ch/,2380,1697,669,,11
2021-04-23,00:00,GE,,52000,,78,10,,,736,https://infocovid.smc.unige.ch/,2348,1626,628,,8
2021-04-24,00:00,GE,,52125,,89,12,,,737,https://infocovid.smc.unige.ch/,2335,1645,641,,8
2021-04-25,00:00,GE,,52182,,92,12,,,737,https://infocovid.smc.unige.ch/,2335,1669,630,,7
2021-04-26,00:00,GE,,52342,,96,10,,,737,https://infocovid.smc.unige.ch/,2338,1723,684,,10
2021-04-27,00:00,GE,,52497,,89,9,,,739,https://infocovid.smc.unige.ch/,2353,1731,659,,6
2021-04-28,00:00,GE,,52670,,91,8,,,739,https://infocovid.smc.unige.ch/,2368,1742,622,,8
2021-04-29,00:00,GE,,52810,,81,7,,,739,https://infocovid.smc.unige.ch/,2390,1746,519,,11
2021-04-30,00:00,GE,,52960,,74,7,,,739,https://infocovid.smc.unige.ch/,2361,1843,517,,10
2021-05-01,00:00,GE,,53054,,80,5,,,740,https://infocovid.smc.unige.ch/,2337,1922,568,,13
2021-05-02,00:00,GE,,53138,,77,7,,,741,https://infocovid.smc.unige.ch/,2323,1963,589,,9
2021-05-03,00:00,GE,,53255,,76,7,,,741,https://infocovid.smc.unige.ch/,2301,1988,637,,12
2021-05-04,00:00,GE,,53412,,70,7,,,741,https://infocovid.smc.unige.ch/,2280,1918,628,,13
2021-05-05,00:00,GE,,53543,,55,8,,,742,https://infocovid.smc.unige.ch/,2314,1902,629,,12
2021-05-06,00:00,GE,,53691,,57,9,,,742,https://infocovid.smc.unige.ch/,2353,1889,577,,11
2021-05-07,00:00,GE,,53852,,62,10,,,742,https://infocovid.smc.unige.ch/,2328,1917,571,,11
2021-05-08,00:00,GE,,53935,,61,10,,,743,https://infocovid.smc.unige.ch/,2327,1974,570,,9
2021-05-09,00:00,GE,,54002,,58,10,,,743,https://infocovid.smc.unige.ch/,2291,1939,588,,7
2021-05-10,00:00,GE,,54123,,54,11,,,744,https://infocovid.smc.unige.ch/,2248,1871,595,,5
2021-05-11,00:00,GE,,54260,,55,8,,,744,https://infocovid.smc.unige.ch/,2254,1758,565,,7
2021-05-12,00:00,GE,,54349,,55,7,,,744,https://infocovid.smc.unige.ch/,2259,1665,519,,7
2021-05-13,00:00,GE,,54426,,50,6,,,744,https://infocovid.smc.unige.ch/,2269,1671,463,,8
2021-05-14,00:00,GE,,54515,,45,6,,,744,https://infocovid.smc.unige.ch/,2229,1597,450,,7
2021-05-15,00:00,GE,,54600,,39,7,,,744,https://infocovid.smc.unige.ch/,2177,1516,445,,4
2021-05-16,00:00,GE,,54651,,38,7,,,744,https://infocovid.smc.unige.ch/,2114,1453,458,,4
2021-05-17,00:00,GE,,54759,,40,5,,,744,https://infocovid.smc.unige.ch/,2082,1349,542,,5
2021-05-18,00:00,GE,,54866,,37,6,,,744,https://infocovid.smc.unige.ch/,2030,1194,583,,7
2021-05-19,00:00,GE,,54934,,43,5,,,744,https://infocovid.smc.unige.ch/,2031,1098,564,,8
2021-05-20,00:00,GE,,54996,,41,5,,,744,https://infocovid.smc.unige.ch/,2008,990,557,,6
2021-05-21,00:00,GE,,55044,,43,5,,,744,https://infocovid.smc.unige.ch/,1962,916,553,,10
2021-05-22,00:00,GE,,55087,,0,0,,,744,https://infocovid.smc.unige.ch/,1890,850,583,,0
2021-05-23,00:00,GE,,55105,,0,0,,,745,https://infocovid.smc.unige.ch/,1845,749,600,,0
2021-05-24,00:00,GE,,55134,,36,4,,,745,https://infocovid.smc.unige.ch/,1810,742,651,,7
2021-05-25,00:00,GE,,55212,,34,4,,,745,https://infocovid.smc.unige.ch/,1763,694,710,,5
2021-05-26,00:00,GE,,55278,,34,4,,,745,https://infocovid.smc.unige.ch/,1754,701,679,,3
2021-05-27,00:00,GE,,55329,,30,6,,,745,https://infocovid.smc.unige.ch/,1753,664,612,,3
2021-05-28,00:00,GE,,55372,,26,6,,,745,https://infocovid.smc.unige.ch/,1721,598,582,,3
2021-05-29,00:00,GE,,55399,,28,5,,,745,https://infocovid.smc.unige.ch/,1667,604,609,,3
2021-05-30,00:00,GE,,55410,,31,6,,,745,https://infocovid.smc.unige.ch/,1649,585,650,,1
2021-05-31,00:00,GE,,55478,,31,6,,,745,https://infocovid.smc.unige.ch/,1617,589,793,,1
2021-06-01,00:00,GE,,55527,,28,6,,,745,https://infocovid.smc.unige.ch/,1612,561,836,,2
2021-06-02,00:00,GE,,55558,,27,5,,,745,https://infocovid.smc.unige.ch/,1601,547,818,,2
2021-06-03,00:00,GE,,55590,,28,5,,,745,https://infocovid.smc.unige.ch/,1587,529,797,,4
2021-06-04,00:00,GE,,55609,,23,5,,,745,https://infocovid.smc.unige.ch/,1559,489,741,,3
2021-06-05,00:00,GE,,55638,,20,4,,,745,https://infocovid.smc.unige.ch/,1515,471,764,,2
2021-06-06,00:00,GE,,55646,,20,4,,,745,https://infocovid.smc.unige.ch/,1470,420,797,,2
2021-06-07,00:00,GE,,55672,,19,3,,,745,https://infocovid.smc.unige.ch/,1450,410,838,,3
2021-06-08,00:00,GE,,55704,,17,3,,,745,https://infocovid.smc.unige.ch/,1441,365,812,,1
2021-06-09,00:00,GE,,55726,,17,2,,,745,https://infocovid.smc.unige.ch/,1425,358,733,,0
2021-06-10,00:00,GE,,55742,,15,3,,,745,https://infocovid.smc.unige.ch/,1420,341,575,,0
2021-06-11,00:00,GE,,55770,,12,1,,,745,https://infocovid.smc.unige.ch/,1408,329,531,,0
2021-06-12,00:00,GE,,55776,,7,0,,,745,https://infocovid.smc.unige.ch/,1352,285,554,,0
2021-06-13,00:00,GE,,55783,,6,0,,,745,https://infocovid.smc.unige.ch/,1272,249,552,,0
2021-06-14,00:00,GE,,55807,,7,0,,,745,https://infocovid.smc.unige.ch/,1226,213,596,,0
2021-06-15,00:00,GE,,55824,,7,0,,,745,https://infocovid.smc.unige.ch/,1119,169,576,,1
2021-06-16,00:00,GE,,55836,,5,0,,,745,https://infocovid.smc.unige.ch/,929,156,518,,0
2021-06-17,00:00,GE,,55848,,4,0,,,745,https://infocovid.smc.unige.ch/,806,150,476,,0
2021-06-18,00:00,GE,,55858,,61,0,,,745,https://infocovid.smc.unige.ch/,506,135,458,,0
2021-06-19,00:00,GE,,55861,,62,0,,,745,https://infocovid.smc.unige.ch/,304,100,513,,1
2021-06-20,00:00,GE,,55867,,61,0,,,745,https://infocovid.smc.unige.ch/,274,81,540,,1
2021-06-21,00:00,GE,,55875,,68,1,,,745,https://infocovid.smc.unige.ch/,260,65,591,,1
2021-06-22,00:00,GE,,55881,,70,1,,,745,https://infocovid.smc.unige.ch/,234,51,558,,1
2021-06-23,00:00,GE,,55886,,68,1,,,745,https://infocovid.smc.unige.ch/,161,55,512,,1
2021-06-24,00:00,GE,,55890,,65,1,,,745,https://infocovid.smc.unige.ch/,138,54,451,,1
2021-06-25,00:00,GE,,55894,,64,1,,,745,https://infocovid.smc.unige.ch/,119,46,436,,2
2021-06-26,00:00,GE,,55903,,59,0,,,745,https://infocovid.smc.unige.ch/,118,46,440,,0
2021-06-27,00:00,GE,,55909,,57,0,,,745,https://infocovid.smc.unige.ch/,111,46,410,,0
2021-06-28,00:00,GE,,55930,,63,1,,,745,https://infocovid.smc.unige.ch/,114,43,416,,0
2021-06-29,00:00,GE,,55937,,65,1,,,745,https://infocovid.smc.unige.ch/,114,46,360,,0
2021-06-30,00:00,GE,,55947,,65,0,,,745,https://infocovid.smc.unige.ch/,123,57,308,,1
2021-07-01,00:00,GE,,55962,,66,1,,,745,https://infocovid.smc.unige.ch/,134,59,222,,1
2021-07-02,00:00,GE,,55976,,63,1,,,745,https://infocovid.smc.unige.ch/,136,60,195,,1
2021-07-03,00:00,GE,,55988,,57,0,,,745,https://infocovid.smc.unige.ch/,151,63,201,,0
2021-07-04,00:00,GE,,56000,,58,0,,,745,https://infocovid.smc.unige.ch/,162,73,191,,0
2021-07-05,00:00,GE,,56018,,65,1,,,745,https://infocovid.smc.unige.ch/,173,85,178,,1
2021-07-06,00:00,GE,,56035,,65,1,,,745,https://infocovid.smc.unige.ch/,196,92,162,,1
2021-07-07,00:00,GE,,56049,,65,1,,,745,https://infocovid.smc.unige.ch/,209,94,151,,1
2021-07-08,00:00,GE,,56074,,65,1,,,745,https://infocovid.smc.unige.ch/,222,95,134,,1
2021-07-09,00:00,GE,,56101,,65,1,,,745,https://infocovid.smc.unige.ch/,241,106,121,,1
2021-07-10,00:00,GE,,56120,,55,0,,,745,https://infocovid.smc.unige.ch/,259,123,130,,0
2021-07-11,00:00,GE,,56140,,52,0,,,745,https://infocovid.smc.unige.ch/,277,147,131,,0
2021-07-12,00:00,GE,,56173,,59,0,,,745,https://infocovid.smc.unige.ch/,322,174,138,,2
2021-07-13,00:00,GE,,56219,,59,0,,,745,https://infocovid.smc.unige.ch/,370,197,119,,2
2021-07-14,00:00,GE,,56291,,59,0,,,745,https://infocovid.smc.unige.ch/,450,238,111,,2
2021-07-15,00:00,GE,,56388,,54,0,,,745,https://infocovid.smc.unige.ch/,535,306,102,,2
2021-07-16,00:00,GE,,56467,,53,0,,,745,https://infocovid.smc.unige.ch/,584,325,94,,2
2021-07-17,00:00,GE,,56557,,48,0,,,745,https://infocovid.smc.unige.ch/,672,413,96,,0
2021-07-18,00:00,GE,,56624,,48,0,,,745,https://infocovid.smc.unige.ch/,784,472,92,,0
2021-07-19,00:00,GE,,56732,,57,1,,,745,https://infocovid.smc.unige.ch/,861,535,110,,2
2021-07-20,00:00,GE,,56854,,53,0,,,745,https://infocovid.smc.unige.ch/,955,560,98,,3
2021-07-21,00:00,GE,,56990,,52,0,,,745,https://infocovid.smc.unige.ch/,1053,586,98,,2
2021-07-22,00:00,GE,,57109,,54,1,,,745,https://infocovid.smc.unige.ch/,1133,625,86,,3
2021-07-23,00:00,GE,,57223,,54,2,,,745,https://infocovid.smc.unige.ch/,1227,625,86,,3
2021-07-24,00:00,GE,,57289,,40,0,,,745,https://infocovid.smc.unige.ch/,1313,610,88,,0
2021-07-25,00:00,GE,,57348,,41,0,,,745,https://infocovid.smc.unige.ch/,1307,595,79,,0
2021-07-26,00:00,GE,,57449,,62,2,,,745,https://infocovid.smc.unige.ch/,1316,627,85,,4
2021-07-27,00:00,GE,,57538,,63,2,,,745,https://infocovid.smc.unige.ch/,1328,597,87,,4
2021-07-28,00:00,GE,,57669,,63,2,,,745,https://infocovid.smc.unige.ch/,1312,575,85,,4
2021-07-29,00:00,GE,,57783,,61,2,,,745,https://infocovid.smc.unige.ch/,1315,573,63,,4
2021-07-30,00:00,GE,,57894,,54,2,,,745,https://infocovid.smc.unige.ch/,1296,565,69,,4
2021-07-31,00:00,GE,,57991,,39,0,,,745,https://infocovid.smc.unige.ch/,1298,582,69,,0
2021-08-01,00:00,GE,,58042,,39,0,,,745,https://infocovid.smc.unige.ch/,1312,603,71,,0
2021-08-02,00:00,GE,,58184,,39,0,,,745,https://infocovid.smc.unige.ch/,1301,620,71,,0
2021-08-03,00:00,GE,,58300,,65,4,,,746,https://infocovid.smc.unige.ch/,1299,610,67,,5
2021-08-04,00:00,GE,,58405,,65,5,,,746,https://infocovid.smc.unige.ch/,1321,591,64,,3
2021-08-05,00:00,GE,,58521,,67,6,,,746,https://infocovid.smc.unige.ch/,1340,618,52,,2
2021-08-06,00:00,GE,,58644,,66,5,,,746,https://infocovid.smc.unige.ch/,1340,599,45,,3
2021-08-07,00:00,GE,,58746,,41,0,,,746,https://infocovid.smc.unige.ch/,1353,630,41,,0
2021-08-08,00:00,GE,,58790,,41,0,,,746,https://infocovid.smc.unige.ch/,1383,632,40,,0
2021-08-09,00:00,GE,,58954,,70,4,,,746,https://infocovid.smc.unige.ch/,1379,651,31,,5
2021-08-10,00:00,GE,,59080,,66,4,,,746,https://infocovid.smc.unige.ch/,1304,618,24,,5
2021-08-11,00:00,GE,,59260,,67,3,,,746,https://infocovid.smc.unige.ch/,1341,592,15,,6
2021-08-12,00:00,GE,,59427,,66,3,,,746,https://infocovid.smc.unige.ch/,1422,618,7,,6
2021-08-13,00:00,GE,,59562,,72,4,,,746,https://infocovid.smc.unige.ch/,1459,667,1,,6
2021-08-14,00:00,GE,,59686,,39,0,,,746,https://infocovid.smc.unige.ch/,1517,805,1,,0
2021-08-15,00:00,GE,,59787,,36,0,,,746,https://infocovid.smc.unige.ch/,1576,849,1,,0
2021-08-16,00:00,GE,,59979,,83,4,,,747,https://infocovid.smc.unige.ch/,1580,895,0,,7
2021-08-17,00:00,GE,,60124,,91,3,,,747,https://infocovid.smc.unige.ch/,1624,911,0,,9
2021-08-18,00:00,GE,,60277,,95,5,,,747,https://infocovid.smc.unige.ch/,1672,930,0,,10
2021-08-19,00:00,GE,,60428,,91,8,,,747,https://infocovid.smc.unige.ch/,1735,950,0,,9
2021-08-20,00:00,GE,,60567,,95,10,,,747,https://infocovid.smc.unige.ch/,1737,961,0,,10
2021-08-21,00:00,GE,,60695,,95,12,,,747,https://infocovid.smc.unige.ch/,1717,1023,0,,8
2021-08-22,00:00,GE,,60764,,39,0,,,747,https://infocovid.smc.unige.ch/,1700,1008,0,,0
2021-08-23,00:00,GE,,60941,,98,11,,,747,https://infocovid.smc.unige.ch/,1665,1030,0,,10
2021-08-24,00:00,GE,,61111,,101,12,,,747,https://infocovid.smc.unige.ch/,1676,932,0,,10
2021-08-25,00:00,GE,,61252,,101,13,,,747,https://infocovid.smc.unige.ch/,1663,905,0,,7
2021-08-26,00:00,GE,,61406,,96,14,,,747,https://infocovid.smc.unige.ch/,1716,900,0,,5
2021-08-27,00:00,GE,,61557,,94,18,,,747,https://infocovid.smc.unige.ch/,1685,887,0,,4
2021-08-28,00:00,GE,,61679,,94,17,,,747,https://infocovid.smc.unige.ch/,1597,875,0,,4
2021-08-29,00:00,GE,,61753,,95,17,,,747,https://infocovid.smc.unige.ch/,1563,866,0,,7
2021-08-30,00:00,GE,,61884,,99,17,,,747,https://infocovid.smc.unige.ch/,1545,872,0,,10
2021-08-31,00:00,GE,,62026,,105,15,,,747,https://infocovid.smc.unige.ch/,1532,828,0,,12
2021-09-01,00:00,GE,,62141,,105,15,,,747,https://infocovid.smc.unige.ch/,1498,798,0,,10
2021-09-02,00:00,GE,,62266,,107,16,,,747,https://infocovid.smc.unige.ch/,1508,809,0,,13
2021-09-03,00:00,GE,,62393,,106,16,,,747,https://infocovid.smc.unige.ch/,1445,790,0,,12
2021-09-04,00:00,GE,,62500,,103,14,,,747,https://infocovid.smc.unige.ch/,1386,782,0,,13
2021-09-05,00:00,GE,,62551,,105,16,,,747,https://infocovid.smc.unige.ch/,1303,765,0,,11
2021-09-06,00:00,GE,,62664,,104,13,,,747,https://infocovid.smc.unige.ch/,1211,742,0,,15
2021-09-07,00:00,GE,,62742,,108,12,,,747,https://infocovid.smc.unige.ch/,1234,719,0,,7
2021-09-08,00:00,GE,,62846,,108,12,,,747,https://infocovid.smc.unige.ch/,1239,709,0,,6
2021-09-09,00:00,GE,,62961,,109,14,,,747,https://infocovid.smc.unige.ch/,1215,703,0,,4
2021-09-10,00:00,GE,,63054,,105,14,,,747,https://infocovid.smc.unige.ch/,1156,703,0,,4
2021-09-11,00:00,GE,,63129,,109,14,,,747,https://infocovid.smc.unige.ch/,1097,689,0,,3
2021-09-12,00:00,GE,,63170,,107,14,,,747,https://infocovid.smc.unige.ch/,1051,650,0,,3
2021-09-13,00:00,GE,,63276,,105,12,,,748,https://infocovid.smc.unige.ch/,997,660,0,,5
2021-09-14,00:00,GE,,63349,,94,12,,,748,https://infocovid.smc.unige.ch/,995,628,0,,5
2021-09-15,00:00,GE,,63423,,97,11,,,748,https://infocovid.smc.unige.ch/,964,587,0,,7
2021-09-16,00:00,GE,,63504,,102,14,,,748,https://infocovid.smc.unige.ch/,986,579,0,,5
2021-09-17,00:00,GE,,63576,,93,13,,,749,https://infocovid.smc.unige.ch/,938,566,0,,4
2021-09-18,00:00,GE,,63653,,94,13,,,749,https://infocovid.smc.unige.ch/,861,548,0,,4
2021-09-19,00:00,GE,,63676,,95,13,,,750,https://infocovid.smc.unige.ch/,821,540,0,,5
2021-09-20,00:00,GE,,63732,,99,13,,,750,https://infocovid.smc.unige.ch/,816,527,0,,6
2021-09-21,00:00,GE,,63806,,85,12,,,750,https://infocovid.smc.unige.ch/,823,531,0,,5
2021-09-22,00:00,GE,,63880,,84,12,,,750,https://infocovid.smc.unige.ch/,793,504,0,,3
2021-09-23,00:00,GE,,63927,,81,12,,,751,https://infocovid.smc.unige.ch/,777,480,0,,3
2021-09-24,00:00,GE,,63977,,80,11,,,751,https://infocovid.smc.unige.ch/,740,462,0,,5
2021-09-25,00:00,GE,,64051,,81,10,,,752,https://infocovid.smc.unige.ch/,720,468,0,,6
2021-09-26,00:00,GE,,64079,,81,11,,,752,https://infocovid.smc.unige.ch/,688,461,0,,5
2021-09-27,00:00,GE,,64142,,83,10,,,752,https://infocovid.smc.unige.ch/,667,448,0,,6
2021-09-28,00:00,GE,,64194,,84,10,,,752,https://infocovid.smc.unige.ch/,649,433,0,,4
2021-09-29,00:00,GE,,64237,,82,9,,,753,https://infocovid.smc.unige.ch/,638,412,0,,5
2021-09-30,00:00,GE,,64294,,81,9,,,753,https://infocovid.smc.unige.ch/,616,414,0,,6
2021-10-01,00:00,GE,,64338,,81,8,,,753,https://infocovid.smc.unige.ch/,584,378,0,,6
2021-10-02,00:00,GE,,64382,,77,7,,,753,https://infocovid.smc.unige.ch/,551,367,0,,5
2021-10-03,00:00,GE,,64392,,76,5,,,753,https://infocovid.smc.unige.ch/,545,375,0,,6
2021-10-04,00:00,GE,,64442,,79,6,,,753,https://infocovid.smc.unige.ch/,523,399,0,,3
2021-10-05,00:00,GE,,64490,,74,6,,,753,https://infocovid.smc.unige.ch/,524,377,0,,2
2021-10-06,00:00,GE,,64541,,72,6,,,753,https://infocovid.smc.unige.ch/,519,357,0,,2
2021-10-07,00:00,GE,,64584,,72,6,,,753,https://infocovid.smc.unige.ch/,517,333,0,,2
2021-10-08,00:00,GE,,64629,,67,7,,,753,https://infocovid.smc.unige.ch/,516,337,0,,1
2021-10-09,00:00,GE,,64665,,66,7,,,753,https://infocovid.smc.unige.ch/,494,349,0,,2
2021-10-10,00:00,GE,,64686,,65,6,,,753,https://infocovid.smc.unige.ch/,508,381,0,,3
2021-10-11,00:00,GE,,64749,,67,7,,,753,https://infocovid.smc.unige.ch/,516,383,0,,1
2021-10-12,00:00,GE,,64805,,66,6,,,753,https://infocovid.smc.unige.ch/,549,377,0,,2
2021-10-13,00:00,GE,,64868,,70,6,,,753,https://infocovid.smc.unige.ch/,566,362,0,,1
2021-10-14,00:00,GE,,64932,,66,6,,,753,https://infocovid.smc.unige.ch/,581,364,0,,1
2021-10-15,00:00,GE,,64995,,70,6,,,753,https://infocovid.smc.unige.ch/,586,375,0,,1
2021-10-16,00:00,GE,,65059,,66,5,,,753,https://infocovid.smc.unige.ch/,595,405,0,,2
2021-10-17,00:00,GE,,65106,,69,5,,,753,https://infocovid.smc.unige.ch/,635,428,0,,2
2021-10-18,00:00,GE,,65186,,68,5,,,753,https://infocovid.smc.unige.ch/,667,439,0,,3
2021-10-19,00:00,GE,,65260,,62,5,,,753,https://infocovid.smc.unige.ch/,714,452,0,,2
2021-10-20,00:00,GE,,65354,,62,5,,,754,https://infocovid.smc.unige.ch/,741,451,0,,2
2021-10-21,00:00,GE,,65447,,59,3,,,755,https://infocovid.smc.unige.ch/,788,456,0,,2
2021-10-22,00:00,GE,,65512,,57,3,,,755,https://infocovid.smc.unige.ch/,786,444,0,,2
2021-10-23,00:00,GE,,65558,,56,3,,,755,https://infocovid.smc.unige.ch/,776,452,0,,4
2021-10-24,00:00,GE,,65612,,57,4,,,755,https://infocovid.smc.unige.ch/,805,484,0,,4
2021-10-25,00:00,GE,,65697,,56,3,,,755,https://infocovid.smc.unige.ch/,818,482,0,,4
2021-10-26,00:00,GE,,65765,,62,4,,,755,https://infocovid.smc.unige.ch/,828,449,0,,3
2021-10-27,00:00,GE,,65850,,57,4,,,756,https://infocovid.smc.unige.ch/,837,430,0,,3
2021-10-28,00:00,GE,,65946,,60,4,,,756,https://infocovid.smc.unige.ch/,847,389,0,,5
2021-10-29,00:00,GE,,66024,,60,5,,,756,https://infocovid.smc.unige.ch/,847,370,0,,5
2021-10-30,00:00,GE,,66083,,62,5,,,756,https://infocovid.smc.unige.ch/,840,385,0,,8
2021-10-31,00:00,GE,,66141,,65,5,,,756,https://infocovid.smc.unige.ch/,831,400,0,,7
2021-11-01,00:00,GE,,66262,,70,6,,,756,https://infocovid.smc.unige.ch/,875,426,0,,6
2021-11-02,00:00,GE,,66349,,72,7,,,756,https://infocovid.smc.unige.ch/,943,432,0,,5
2021-11-03,00:00,GE,,66452,,77,6,,,756,https://infocovid.smc.unige.ch/,963,428,0,,5
2021-11-04,00:00,GE,,66533,,80,5,,,756,https://infocovid.smc.unige.ch/,978,425,0,,7
2021-11-05,00:00,GE,,66631,,78,5,,,756,https://infocovid.smc.unige.ch/,979,432,0,,7
2021-11-06,00:00,GE,,66697,,79,4,,,756,https://infocovid.smc.unige.ch/,952,435,0,,5
2021-11-07,00:00,GE,,66736,,78,4,,,756,https://infocovid.smc.unige.ch/,968,434,0,,5
2021-11-08,00:00,GE,,66840,,80,4,,,756,https://infocovid.smc.unige.ch/,990,466,0,,6
2021-11-09,00:00,GE,,66949,,75,5,,,756,https://infocovid.smc.unige.ch/,1035,458,0,,3
2021-11-10,00:00,GE,,67080,,77,5,,,756,https://infocovid.smc.unige.ch/,1091,433,0,,4
2021-11-11,00:00,GE,,67213,,80,5,,,756,https://infocovid.smc.unige.ch/,1141,439,0,,6
2021-11-12,00:00,GE,,67324,,77,7,,,756,https://infocovid.smc.unige.ch/,1139,443,0,,5
2021-11-13,00:00,GE,,67428,,82,8,,,756,https://infocovid.smc.unige.ch/,1135,494,0,,4
2021-11-14,00:00,GE,,67486,,80,6,,,756,https://infocovid.smc.unige.ch/,1175,521,0,,8
2021-11-15,00:00,GE,,67640,,78,6,,,759,https://infocovid.smc.unige.ch/,1234,567,0,,6
2021-11-16,00:00,GE,,67833,,83,7,,,759,https://infocovid.smc.unige.ch/,1404,595,0,,5
2021-11-17,00:00,GE,,68013,,85,7,,,759,https://infocovid.smc.unige.ch/,1552,612,0,,5
2021-11-18,00:00,GE,,68203,,80,6,,,759,https://infocovid.smc.unige.ch/,1689,703,0,,7
2021-11-19,00:00,GE,,68410,,86,5,,,759,https://infocovid.smc.unige.ch/,1766,758,0,,6
2021-11-20,00:00,GE,,68633,,85,5,,,761,https://infocovid.smc.unige.ch/,1830,856,0,,7
2021-11-21,00:00,GE,,68760,,91,5,,,761,https://infocovid.smc.unige.ch/,2058,935,0,,6
2021-11-22,00:00,GE,,69166,,91,7,,,761,https://infocovid.smc.unige.ch/,2252,997,0,,4
2021-11-23,00:00,GE,,69540,,95,8,,,761,https://infocovid.smc.unige.ch/,2572,1073,0,,5
2021-11-24,00:00,GE,,69882,,100,10,,,761,https://infocovid.smc.unige.ch/,2862,1127,0,,5
2021-11-25,00:00,GE,,70273,,93,10,,,761,https://infocovid.smc.unige.ch/,3148,1222,0,,5
2021-11-26,00:00,GE,,70696,,100,8,,,761,https://infocovid.smc.unige.ch/,3315,1284,0,,6
2021-11-27,00:00,GE,,71053,,106,9,,,761,https://infocovid.smc.unige.ch/,3417,1407,64,,8
2021-11-28,00:00,GE,,71246,,107,11,,,761,https://infocovid.smc.unige.ch/,3708,1561,138,,7
2021-11-29,00:00,GE,,71747,,118,11,,,761,https://infocovid.smc.unige.ch/,4051,1620,1086,,7
2021-11-30,00:00,GE,,72415,,136,10,,,761,https://infocovid.smc.unige.ch/,4518,1674,1561,,6
2021-12-01,00:00,GE,,72988,,139,9,,,763,https://infocovid.smc.unige.ch/,4787,1789,1854,,4
2021-12-02,00:00,GE,,73577,,144,11,,,764,https://infocovid.smc.unige.ch/,5139,1898,2144,,5
2021-12-03,00:00,GE,,74189,,149,11,,,766,https://infocovid.smc.unige.ch/,5270,1985,2144,,6
2021-12-04,00:00,GE,,74687,,160,16,,,769,https://infocovid.smc.unige.ch/,5375,2141,2144,,6
2021-12-05,00:00,GE,,74931,,172,16,,,772,https://infocovid.smc.unige.ch/,5610,2229,2144,,6
2021-12-06,00:00,GE,,75545,,180,17,,,773,https://infocovid.smc.unige.ch/,5900,2212,2080,,8
2021-12-07,00:00,GE,,76293,,184,16,,,774,https://infocovid.smc.unige.ch/,6391,2110,2006,,10
2021-12-08,00:00,GE,,77022,,186,19,,,776,https://infocovid.smc.unige.ch/,6645,2118,1058,,9
2021-12-09,00:00,GE,,77700,,189,18,,,778,https://infocovid.smc.unige.ch/,6897,2051,583,,11
2021-12-10,00:00,GE,,78336,,191,17,,,779,https://infocovid.smc.unige.ch/,6856,1985,290,,13
2021-12-11,00:00,GE,,78866,,203,15,,,780,https://infocovid.smc.unige.ch/,6671,1941,0,,17
2021-12-12,00:00,GE,,79113,,208,15,,,781,https://infocovid.smc.unige.ch/,6892,1889,0,,16
2021-12-13,00:00,GE,,79832,,211,15,,,782,https://infocovid.smc.unige.ch/,7042,1846,0,,18
2021-12-14,00:00,GE,,80629,,215,17,,,783,https://infocovid.smc.unige.ch/,7436,1865,0,,18
2021-12-15,00:00,GE,,81381,,209,17,,,784,https://infocovid.smc.unige.ch/,7553,1907,0,,16
2021-12-16,00:00,GE,,81969,,205,16,,,784,https://infocovid.smc.unige.ch/,7748,1977,0,,20
2021-12-17,00:00,GE,,82627,,207,16,,,785,https://infocovid.smc.unige.ch/,7680,1960,0,,21
2021-12-18,00:00,GE,,83162,,214,18,,,785,https://infocovid.smc.unige.ch/,7741,1967,0,,20
2021-12-19,00:00,GE,,83434,,208,17,,,785,https://infocovid.smc.unige.ch/,7777,1955,0,,22
2021-12-20,00:00,GE,,84190,,216,19,,,787,https://infocovid.smc.unige.ch/,7978,1909,0,,17
2021-12-21,00:00,GE,,85140,,215,20,,,788,https://infocovid.smc.unige.ch/,8670,1807,0,,15
2021-12-22,00:00,GE,,86165,,216,19,,,789,https://infocovid.smc.unige.ch/,8833,1825,0,,17
2021-12-23,00:00,GE,,87202,,224,18,,,789,https://infocovid.smc.unige.ch/,9260,1757,0,,21
2021-12-24,00:00,GE,,88194,,237,18,,,789,https://infocovid.smc.unige.ch/,9549,1661,0,,19
2021-12-25,00:00,GE,,88724,,237,19,,,792,https://infocovid.smc.unige.ch/,9999,1630,0,,20
2021-12-26,00:00,GE,,89191,,247,19,,,792,https://infocovid.smc.unige.ch/,10452,1632,0,,20
2021-12-27,00:00,GE,,90485,,268,20,,,793,https://infocovid.smc.unige.ch/,11167,1565,0,,22
2021-12-28,00:00,GE,,92026,,284,20,,,793,https://infocovid.smc.unige.ch/,12148,1519,0,,20
2021-12-29,00:00,GE,,93794,,278,18,,,794,https://infocovid.smc.unige.ch/,12917,1553,0,,20
2021-12-30,00:00,GE,,95742,,292,17,,,794,https://infocovid.smc.unige.ch/,13717,1560,0,,18
2021-12-31,00:00,GE,,97087,,283,18,,,796,https://infocovid.smc.unige.ch/,14370,1476,0,,12
2022-01-01,00:00,GE,,97862,,300,19,,,797,https://infocovid.smc.unige.ch/,15148,1477,0,,13
2022-01-02,00:00,GE,,98636,,320,19,,,797,https://infocovid.smc.unige.ch/,15985,1570,0,,8
2022-01-03,00:00,GE,,100617,,334,19,,,798,https://infocovid.smc.unige.ch/,17135,1624,0,,10
2022-01-04,00:00,GE,,103517,,349,17,,,798,https://infocovid.smc.unige.ch/,19077,1552,0,,12
2022-01-05,00:00,GE,,106392,,374,15,,,798,https://infocovid.smc.unige.ch/,20751,1501,0,,15
2022-01-06,00:00,GE,,108674,,374,13,,,800,https://infocovid.smc.unige.ch/,21885,1740,0,,18
2022-01-07,00:00,GE,,111228,,404,14,,,801,https://infocovid.smc.unige.ch/,22550,1736,0,,20
2022-01-08,00:00,GE,,112833,,408,15,,,803,https://infocovid.smc.unige.ch/,23415,1645,0,,25
2022-01-09,00:00,GE,,113914,,409,14,,,803,https://infocovid.smc.unige.ch/,23855,1625,0,,24
2022-01-10,00:00,GE,,116388,,427,13,,,804,https://infocovid.smc.unige.ch/,23958,1685,0,,21
2022-01-11,00:00,GE,,119280,,438,12,,,804,https://infocovid.smc.unige.ch/,25044,2125,0,,21
2022-01-12,00:00,GE,,122090,,433,13,,,804,https://infocovid.smc.unige.ch/,25902,2484,0,,22
2022-01-13,00:00,GE,,124515,,427,10,,,805,https://infocovid.smc.unige.ch/,26127,2257,0,,21
2022-01-14,00:00,GE,,126536,,447,11,,,805,https://infocovid.smc.unige.ch/,24972,2422,0,,23
2022-01-15,00:00,GE,,128607,,431,10,,,805,https://infocovid.smc.unige.ch/,23703,2012,0,,26
2022-01-16,00:00,GE,,129587,,448,11,,,805,https://infocovid.smc.unige.ch/,22885,1313,0,,28
2022-01-17,00:00,GE,,132003,,444,14,,,805,https://infocovid.smc.unige.ch/,21583,985,0,,22
2022-01-18,00:00,GE,,134357,,296,16,,,805,https://infocovid.smc.unige.ch/,20854,641,0,,23
